tf,setup,dir,filt,tp,seg,n,expR,win,t,min_coin,totR
15m,P1_engulf,long,F0,1,DISC,27869,-0.27596066456974333,0.4803903979331874,-30.746444014480605,-0.34585631345249523,-7690.747760894177
15m,P1_engulf,long,F0,1,VAL,19203,-0.42369457262270627,0.4655522574597719,-28.61810631401067,-0.5729853047419068,-8136.206878073828
15m,P1_engulf,long,F0,1,HOLD,26828,-0.4020940073975843,0.47487699418517965,-36.55097587757322,-0.5660935996739193,-10787.37803046239
15m,P1_engulf,long,F0,2,DISC,27869,-0.28480196479997705,0.32293946679105817,-21.33478528583198,-0.3719353432678926,-7937.14595701056
15m,P1_engulf,long,F0,2,VAL,19203,-0.42748204164470294,0.32349112117898243,-20.790042559878795,-0.5893627719758333,-8208.93764570323
15m,P1_engulf,long,F0,2,HOLD,26828,-0.40382973927413945,0.3274191143581333,-25.327966422888768,-0.5763496159216007,-10833.944245246614
15m,P1_engulf,long,F0,3,DISC,27869,-0.28094970834947736,0.2465822239764613,-16.11278404241585,-0.377506879122135,-7829.787421991585
15m,P1_engulf,long,F0,3,VAL,19203,-0.4188273852076332,0.24959641722647502,-16.155931997049315,-0.5706850534396334,-8042.74227814218
15m,P1_engulf,long,F0,3,HOLD,26828,-0.4041564995605572,0.2502609214253765,-19.621416674578924,-0.5846084055054431,-10842.71057021063
15m,P1_engulf,long,F1,1,DISC,15475,-0.2643776176730692,0.48768982229402263,-23.0713965857287,-0.3397153407468815,-4091.2436334907466
15m,P1_engulf,long,F1,1,VAL,8790,-0.41531808835237644,0.46746302616609786,-20.298553352753608,-0.5562806960066862,-3650.645996617389
15m,P1_engulf,long,F1,1,HOLD,13574,-0.4234958971211347,0.473257698541329,-28.492372241567264,-0.5859406607792198,-5748.5333075222825
15m,P1_engulf,long,F1,2,DISC,15475,-0.26140914864529197,0.33150242326332796,-15.28569721367539,-0.3479616250292642,-4045.306575285893
15m,P1_engulf,long,F1,2,VAL,8790,-0.38877508246611675,0.33310580204778156,-13.675120705934809,-0.554378463399046,-3417.332974877166
15m,P1_engulf,long,F1,2,HOLD,13574,-0.42325030857327595,0.3268012376602328,-19.510574030193798,-0.5917277033205284,-5745.199688573648
15m,P1_engulf,long,F1,3,DISC,15475,-0.23898067537022485,0.25738287560581585,-10.695186309098332,-0.32788694736424057,-3698.2259513542294
15m,P1_engulf,long,F1,3,VAL,8790,-0.3590143284439724,0.2614334470989761,-10.080087286721202,-0.5396536375107472,-3155.7359470225174
15m,P1_engulf,long,F1,3,HOLD,13574,-0.4102177932585532,0.2529099749521143,-14.711498908692914,-0.5746779888804852,-5568.296325691601
15m,P1_engulf,long,F2,1,DISC,12394,-0.29042311823490646,0.4712764240761659,-22.218348869637733,-0.3536078494903491,-3599.5041274034306
15m,P1_engulf,long,F2,1,VAL,10413,-0.43076547406668975,0.46393930663593586,-21.8979576891441,-0.5868127457402963,-4485.56088145644
15m,P1_engulf,long,F2,1,HOLD,13254,-0.3801753978376421,0.4765353855439867,-25.062893302620562,-0.5430132961284798,-5038.844722940108
15m,P1_engulf,long,F2,2,DISC,12394,-0.31400995495600026,0.3122478618686461,-16.169715906183825,-0.4021965331146092,-3891.8393817246674
15m,P1_engulf,long,F2,2,VAL,10413,-0.4601560233195106,0.31537501200422546,-17.27237751590403,-0.6183214545994518,-4791.604670826064
15m,P1_engulf,long,F2,2,HOLD,13254,-0.3839402864548791,0.32805190885770336,-17.67695184682293,-0.5584663170678096,-5088.7445566729675
15m,P1_engulf,long,F2,3,DISC,12394,-0.3333517404096623,0.2330966596740358,-13.504233776496346,-0.4401403913775402,-4131.561470637354
15m,P1_engulf,long,F2,3,VAL,10413,-0.46931780765578246,0.23960434072793624,-13.99882420912984,-0.5963716815824677,-4887.006331119663
15m,P1_engulf,long,F2,3,HOLD,13254,-0.3979488640802042,0.24754791006488608,-14.213537705640762,-0.5961565651458393,-5274.414244519026
15m,P1_engulf,long,F3,1,DISC,15608,-0.2793273804204643,0.47808815991799075,-24.503329022941845,-0.3589028233437555,-4359.741753602607
15m,P1_engulf,long,F3,1,VAL,8400,-0.4227400956118629,0.4638095238095238,-22.433111072556155,-0.5681847299351318,-3551.0168031396483
15m,P1_engulf,long,F3,1,HOLD,13430,-0.42807993832800606,0.47215189873417723,-27.240449436940366,-0.5947048309175434,-5749.113571745122
15m,P1_engulf,long,F3,2,DISC,15608,-0.2852444869213366,0.3222706304459252,-16.853406117722933,-0.37531773214113523,-4452.095951868221
15m,P1_engulf,long,F3,2,VAL,8400,-0.4062643285318608,0.32607142857142857,-14.865454667310361,-0.5800789432139033,-3412.6203596676305
15m,P1_engulf,long,F3,2,HOLD,13430,-0.4323521515813062,0.3257632166790767,-18.950100552177517,-0.6201225247154434,-5806.489395736942
15m,P1_engulf,long,F3,3,DISC,15608,-0.26109889652800194,0.2510251153254741,-11.643860393990591,-0.3563709711052393,-4075.2315770090545
15m,P1_engulf,long,F3,3,VAL,8400,-0.3867063330718418,0.2532142857142857,-10.950103593569875,-0.5725930214814046,-3248.333197803471
15m,P1_engulf,long,F3,3,HOLD,13430,-0.42569419530104324,0.25107967237527923,-14.703785342922913,-0.615496803587548,-5717.073042893011
15m,P1_engulf,long,F4,1,DISC,13730,-0.32130510219108604,0.4674435542607429,-26.345796020854838,-0.40454926615149106,-4411.519053083612
15m,P1_engulf,long,F4,1,VAL,9831,-0.4732292536518741,0.4607873054623131,-22.735640388095643,-0.6332267046614847,-4652.316792651574
15m,P1_engulf,long,F4,1,HOLD,13659,-0.41466274500115213,0.476755252946775,-28.62966790936316,-0.5806105073530373,-5663.878433970737
15m,P1_engulf,long,F4,2,DISC,13730,-0.3455223037574662,0.3096139839766934,-18.71650130700196,-0.44560285119506354,-4744.02123059001
15m,P1_engulf,long,F4,2,VAL,9831,-0.49059168368622147,0.3185840707964602,-17.874430433095775,-0.6632705571374573,-4823.006842319243
15m,P1_engulf,long,F4,2,HOLD,13659,-0.4073443585496855,0.33282085072113626,-19.891400516702667,-0.6065691617679985,-5563.916593430154
15m,P1_engulf,long,F4,3,DISC,13730,-0.3513722293539816,0.2337946103423161,-14.720917790913575,-0.4696860882499632,-4824.340709030167
15m,P1_engulf,long,F4,3,VAL,9831,-0.47690605281582776,0.24788932967144747,-14.176943062903412,-0.6310736308590865,-4688.463405232403
15m,P1_engulf,long,F4,3,HOLD,13659,-0.4040391826685175,0.255728823486346,-15.323427835295243,-0.6190034171747137,-5518.77119606928
15m,P1_engulf,short,F0,1,DISC,27830,-0.24358677481917065,0.495400646784046,-25.695019811853115,-0.3147308149267287,-6779.0199432175195
15m,P1_engulf,short,F0,1,VAL,19233,-0.3938690653431106,0.47714865075651225,-27.404807532687837,-0.5278071115894597,-7575.283733744047
15m,P1_engulf,short,F0,1,HOLD,26541,-0.3934006580288633,0.4824987754794469,-32.7254898917469,-0.5601181285129074,-10441.246864744062
15m,P1_engulf,short,F0,2,DISC,27830,-0.24750825777820662,0.3347466762486525,-17.768671918089904,-0.35218956657734785,-6888.154813967491
15m,P1_engulf,short,F0,2,VAL,19233,-0.38246021417331566,0.33551708001871783,-19.09411772347695,-0.5394195402507,-7355.85729919538
15m,P1_engulf,short,F0,2,HOLD,26541,-0.3982982297934702,0.3312610677819223,-23.1236105147509,-0.5707583162945469,-10571.233316948492
15m,P1_engulf,short,F0,3,DISC,27830,-0.2452935453156004,0.25515630614444845,-13.509853277251388,-0.36375536295932437,-6826.51936613316
15m,P1_engulf,short,F0,3,VAL,19233,-0.3679950781864724,0.26017781937295276,-14.494019815864164,-0.5547586129096601,-7077.649338760424
15m,P1_engulf,short,F0,3,HOLD,26541,-0.40094372277925955,0.2522135563844618,-18.128563668953657,-0.5808104384050806,-10641.447346284327
15m,P1_engulf,short,F1,1,DISC,12355,-0.22384758665468235,0.5032780250910562,-16.5275147082672,-0.27304686059555816,-2765.6369331186006
15m,P1_engulf,short,F1,1,VAL,10139,-0.39390399432525014,0.4776605187888352,-19.79642925176734,-0.5328760637912011,-3993.7925984637113
15m,P1_engulf,short,F1,1,HOLD,13023,-0.38127270798298285,0.48183982185364355,-22.29934752742293,-0.5507594406979895,-4965.314476062385
15m,P1_engulf,short,F1,2,DISC,12355,-0.20512735606445393,0.3473897207608256,-10.418451468894839,-0.29090679729910635,-2534.3484841763284
15m,P1_engulf,short,F1,2,VAL,10139,-0.3796223803057219,0.33829766249136994,-13.785986309565377,-0.5465161133625313,-3848.9913139197142
15m,P1_engulf,short,F1,2,HOLD,13023,-0.35803006789444,0.33955309836443215,-14.88680816533781,-0.5327228118875463,-4662.625574189292
15m,P1_engulf,short,F1,3,DISC,12355,-0.19378368920944392,0.26645082962363414,-7.368994749182097,-0.29701389803897443,-2394.1974801826796
15m,P1_engulf,short,F1,3,VAL,10139,-0.3607782684905893,0.2639313541769405,-10.35498519991619,-0.553393125278116,-3657.930864226085
15m,P1_engulf,short,F1,3,HOLD,13023,-0.36166656775414147,0.25792828073408586,-11.850460162894496,-0.5341605368408806,-4709.9837118621845
15m,P1_engulf,short,F2,1,DISC,15475,-0.25934623651689304,0.48911147011308564,-21.755173638063244,-0.3483056664144467,-4013.3830100989194
15m,P1_engulf,short,F2,1,VAL,9094,-0.3938301226391397,0.4765779634924126,-20.77002533399046,-0.5222458861450493,-3581.4911352803365
15m,P1_engulf,short,F2,1,HOLD,13518,-0.4050845087055538,0.48313359964491787,-27.158172198621905,-0.5682824213333628,-5475.9323886816765
15m,P1_engulf,short,F2,2,DISC,15475,-0.2813445124259232,0.3246526655896607,-16.094820856012063,-0.40155052357596055,-4353.806329791161
15m,P1_engulf,short,F2,2,VAL,9094,-0.38562414617062507,0.3324169782274027,-14.285100781292083,-0.5316337807116619,-3506.8659852756646
15m,P1_engulf,short,F2,2,HOLD,13518,-0.43709185846716964,0.3232726734724072,-20.33959115325732,-0.6039395700871432,-5908.607742759199
15m,P1_engulf,short,F2,3,DISC,15475,-0.2864182155703056,0.2461389337641357,-12.779271913461642,-0.4175130932113662,-4432.32188595048
15m,P1_engulf,short,F2,3,VAL,9094,-0.3760411781981898,0.25599296239278646,-11.005260176951925,-0.5562567103977292,-3419.718474534338
15m,P1_engulf,short,F2,3,HOLD,13518,-0.4387826331130451,0.24670809291315282,-15.720502108977806,-0.6215066838561194,-5931.4636344221435
15m,P1_engulf,short,F3,1,DISC,12411,-0.24725616564747205,0.4954475868181452,-18.25467549407217,-0.3014657601778662,-3068.6962718507757
15m,P1_engulf,short,F3,1,VAL,10596,-0.4056875295557107,0.4730086825217063,-20.129619305107088,-0.5251487240102354,-4298.6650631723105
15m,P1_engulf,short,F3,1,HOLD,13373,-0.3714989488741897,0.4852314364764825,-22.539709146544276,-0.5349887762076307,-4968.055443294539
15m,P1_engulf,short,F3,2,DISC,12411,-0.23628368016285864,0.3398598017887358,-11.970267562793836,-0.3285753886719734,-2932.5167545012387
15m,P1_engulf,short,F3,2,VAL,10596,-0.3888746624760394,0.3372970932427331,-14.072134367539947,-0.5348355203774073,-4120.515923596114
15m,P1_engulf,short,F3,2,HOLD,13373,-0.34375591400022515,0.34248111867195097,-14.720522712855152,-0.5097394677801277,-4597.047837925011
15m,P1_engulf,short,F3,3,DISC,12411,-0.22546465605808927,0.26081701716219485,-8.542588808248084,-0.33053616141210446,-2798.241846336946
15m,P1_engulf,short,F3,3,VAL,10596,-0.3657107408598753,0.2638731596828992,-10.45374115256668,-0.5377471570589406,-3875.0710101512386
15m,P1_engulf,short,F3,3,HOLD,13373,-0.3406071370783009,0.2616466013609512,-11.285015417597704,-0.5012766263594036,-4554.939244148119
15m,P1_engulf,short,F4,1,DISC,13756,-0.25380530216035874,0.49912765338761267,-19.57642061309168,-0.32660800856695243,-3491.3457365178947
15m,P1_engulf,short,F4,1,VAL,9831,-0.4545444105210892,0.4665852914250839,-21.964275712361164,-0.5931857147433831,-4468.626099832828
15m,P1_engulf,short,F4,1,HOLD,13603,-0.4129203986836544,0.4814379181063001,-25.801623253409744,-0.58656193051567,-5616.956183293751
15m,P1_engulf,short,F4,2,DISC,13756,-0.24733245582317534,0.3409421343413783,-13.005674399567685,-0.35354746174350205,-3402.3052623036
15m,P1_engulf,short,F4,2,VAL,9831,-0.4337892123995044,0.33363849048926864,-15.8723870775046,-0.5848464037850757,-4264.581747099528
15m,P1_engulf,short,F4,2,HOLD,13603,-0.39926865673292555,0.337646107476292,-17.606275934468385,-0.6010566169403265,-5431.251537537986
15m,P1_engulf,short,F4,3,DISC,13756,-0.2381272039424686,0.26177667926722886,-9.57834190331129,-0.3623224346217858,-3275.677817432598
15m,P1_engulf,short,F4,3,VAL,9831,-0.4124384408561536,0.2608076492727088,-12.160722875561456,-0.5961774570080034,-4054.682312056846
15m,P1_engulf,short,F4,3,HOLD,13603,-0.3961932890267212,0.2586194221862824,-13.439440179955344,-0.6098096360932179,-5389.417310630488
15m,P2_pinbar,long,F0,1,DISC,33259,-0.281611247849671,0.47728434408731474,-30.81365722215967,-0.3492902856144488,-9366.108492232208
15m,P2_pinbar,long,F0,1,VAL,18388,-0.46305684141917963,0.4495866869697629,-29.962073033271178,-0.6074305385426794,-8514.689200015875
15m,P2_pinbar,long,F0,1,HOLD,23543,-0.4290981808172161,0.46277025018052076,-35.6935355468417,-0.6087367099498459,-10102.25847097972
15m,P2_pinbar,long,F0,2,DISC,33259,-0.2984547309853134,0.3183198532727983,-22.0047436260175,-0.37586538427097194,-9926.305897840539
15m,P2_pinbar,long,F0,2,VAL,18388,-0.4771910090322896,0.3074831411790298,-23.062040008241578,-0.6177840413709341,-8774.588274085741
15m,P2_pinbar,long,F0,2,HOLD,23543,-0.4321925449219364,0.3190332582933356,-25.84491720348385,-0.6042678267875619,-10175.109085097149
15m,P2_pinbar,long,F0,3,DISC,33259,-0.30768297962606056,0.2400553233711176,-17.681468038254657,-0.3869653347413007,-10233.228219383149
15m,P2_pinbar,long,F0,3,VAL,18388,-0.48964188712315404,0.23292364585599304,-19.59611853293745,-0.6421298419682008,-9003.535020420557
15m,P2_pinbar,long,F0,3,HOLD,23543,-0.4444093943737999,0.2410482946098628,-21.188572599336798,-0.6284369364205563,-10462.730371742371
15m,P2_pinbar,long,F1,1,DISC,18568,-0.2702981726958594,0.4824429125376993,-23.61068088976197,-0.33698110747754406,-5018.896470616717
15m,P2_pinbar,long,F1,1,VAL,8670,-0.4625672754524427,0.4478662053056517,-22.009003904194245,-0.5953467258818649,-4010.458278172678
15m,P2_pinbar,long,F1,1,HOLD,11878,-0.43862463068402996,0.4637986192961778,-28.748934255045068,-0.6181438634843942,-5209.983363264908
15m,P2_pinbar,long,F1,2,DISC,18568,-0.2694958489865798,0.3272834984920293,-15.919210746724165,-0.34619490026176436,-5003.998923982814
15m,P2_pinbar,long,F1,2,VAL,8670,-0.4862060538100917,0.30265282583621683,-17.325173977700388,-0.6215241677035983,-4215.406486533495
15m,P2_pinbar,long,F1,2,HOLD,11878,-0.4380922970422709,0.32017174608519955,-20.055555608303653,-0.6023719611595725,-5203.660304268094
15m,P2_pinbar,long,F1,3,DISC,18568,-0.2643117123319276,0.25005385609651015,-12.125692964606268,-0.3336261481229737,-4907.739874579231
15m,P2_pinbar,long,F1,3,VAL,8670,-0.4918512059114452,0.22998846597462513,-14.555288234558937,-0.6525841885687609,-4264.34995525223
15m,P2_pinbar,long,F1,3,HOLD,11878,-0.4452863723441482,0.24263343997305944,-16.133180054176577,-0.6225278575663044,-5289.111530703793
15m,P2_pinbar,long,F2,1,DISC,14691,-0.2959098782666593,0.4707644135865496,-21.755815805866682,-0.3647865951745811,-4347.212021615492
15m,P2_pinbar,long,F2,1,VAL,9718,-0.4634936120439593,0.45112162996501337,-22.282047718818706,-0.6192029127328544,-4504.2309218431965
15m,P2_pinbar,long,F2,1,HOLD,11665,-0.41939778034417585,0.4617231033004715,-23.976165196943025,-0.5983919491522176,-4892.275107714811
15m,P2_pinbar,long,F2,2,DISC,14691,-0.33505595084458006,0.3069906745626574,-16.928364357283176,-0.4132182440550982,-4922.306973857726
15m,P2_pinbar,long,F2,2,VAL,9718,-0.46914815677631677,0.31179254990738836,-17.062426640239114,-0.6141403100468437,-4559.1817875522465
15m,P2_pinbar,long,F2,2,HOLD,11665,-0.4261850647946039,0.3178739819974282,-18.12060073172909,-0.6063526525910279,-4971.448780829054
15m,P2_pinbar,long,F2,3,DISC,14691,-0.36250005750486136,0.22741814716493092,-14.503422193266875,-0.4541152726437437,-5325.488344803918
15m,P2_pinbar,long,F2,3,VAL,9718,-0.4876708237464836,0.2355422926528092,-14.758106898085911,-0.6319449372903355,-4739.185065168327
15m,P2_pinbar,long,F2,3,HOLD,11665,-0.44351640300373574,0.23943420488641234,-15.284956692024624,-0.6349349708214048,-5173.618841038578
15m,P2_pinbar,long,F3,1,DISC,18664,-0.26150301393666053,0.48381911701671665,-22.67189380260032,-0.3411263090944478,-4880.692252113832
15m,P2_pinbar,long,F3,1,VAL,8452,-0.46374275387151886,0.44510175106483674,-23.487253145966637,-0.6104618860102866,-3919.5537557220773
15m,P2_pinbar,long,F3,1,HOLD,11993,-0.4448125772881309,0.461435837571917,-28.595005255898695,-0.6406496619451926,-5334.637239416554
15m,P2_pinbar,long,F3,2,DISC,18664,-0.26301284915407264,0.3276360908701243,-15.163909824816129,-0.3476600474997731,-4908.871816611611
15m,P2_pinbar,long,F3,2,VAL,8452,-0.4905973821578571,0.29921911973497395,-17.66166831086024,-0.6303233757613627,-4146.529073998208
15m,P2_pinbar,long,F3,2,HOLD,11993,-0.443947753203122,0.3204369215375636,-20.21123234095753,-0.6457590311403562,-5324.265404165042
15m,P2_pinbar,long,F3,3,DISC,18664,-0.25923698963418373,0.250535790827261,-11.62277264838522,-0.33656411416613624,-4838.399174532406
15m,P2_pinbar,long,F3,3,VAL,8452,-0.49854155721469806,0.2274017983909134,-15.044976173353437,-0.6578523305067593,-4213.673241578628
15m,P2_pinbar,long,F3,3,HOLD,11993,-0.4574232286216161,0.2418077211706829,-16.50793131355757,-0.6821665421162804,-5485.876780859042
15m,P2_pinbar,long,F4,1,DISC,15853,-0.3216201671560667,0.46647322273386743,-25.4181927179511,-0.40575353758367944,-5098.644509925126
15m,P2_pinbar,long,F4,1,VAL,9504,-0.5186554732785124,0.4398148148148148,-24.635706283159042,-0.6633992147648757,-4929.301618038981
15m,P2_pinbar,long,F4,1,HOLD,11999,-0.4529183045931444,0.4582881906825569,-29.945011050868306,-0.6274347558604669,-5434.56673681314
15m,P2_pinbar,long,F4,2,DISC,15853,-0.3545025564866861,0.3059988645682205,-19.427806798234883,-0.45630582468970765,-5619.929027983435
15m,P2_pinbar,long,F4,2,VAL,9504,-0.5347164462163357,0.3012415824915825,-19.829186576127345,-0.666959367137651,-5081.945104840055
15m,P2_pinbar,long,F4,2,HOLD,11999,-0.45031762550831356,0.31935994666222184,-21.311433173561635,-0.6127821606847624,-5403.361188474254
15m,P2_pinbar,long,F4,3,DISC,15853,-0.3756033036510158,0.22771715132782439,-16.222578124565658,-0.48277247670775864,-5954.439172779554
15m,P2_pinbar,long,F4,3,VAL,9504,-0.541075213041882,0.23085016835016836,-16.624180941053005,-0.6786029466428654,-5142.378824750047
15m,P2_pinbar,long,F4,3,HOLD,11999,-0.4620417983453527,0.24193682806900574,-17.500438461458348,-0.618024180014401,-5544.039538345887
15m,P2_pinbar,short,F0,1,DISC,30282,-0.2618513703630296,0.48586619113664886,-27.038510847423915,-0.33428062493685073,-7929.383197333262
15m,P2_pinbar,short,F0,1,VAL,16556,-0.419087064441739,0.4670210195699444,-27.128175845536987,-0.5702520960493711,-6938.405438897431
15m,P2_pinbar,short,F0,1,HOLD,21468,-0.4140149704907286,0.47386808272778086,-30.37381517727256,-0.5763909508484053,-8888.073386494962
15m,P2_pinbar,short,F0,2,DISC,30282,-0.2644387506656079,0.32864407899081965,-18.20773698603194,-0.361282364858096,-8007.734247655939
15m,P2_pinbar,short,F0,2,VAL,16556,-0.40639105706504686,0.3280985745349118,-18.32940704131341,-0.567304093664688,-6728.210340768916
15m,P2_pinbar,short,F0,2,HOLD,21468,-0.4268804434356764,0.32266629401900504,-22.736523988540156,-0.5887992079801936,-9164.2693596771
15m,P2_pinbar,short,F0,3,DISC,30282,-0.26419086576527145,0.24995046562314246,-14.346337753703319,-0.36679549592452926,-8000.227797103949
15m,P2_pinbar,short,F0,3,VAL,16556,-0.3926423046000272,0.2540468712249336,-14.144612813299425,-0.5702287130457709,-6500.58599495805
15m,P2_pinbar,short,F0,3,HOLD,21468,-0.42457225871689,0.24687907583379914,-18.22473361534058,-0.5924997254256239,-9114.717250134196
15m,P2_pinbar,short,F1,1,DISC,13808,-0.2480118826748123,0.4926129779837775,-17.795862717705333,-0.29299365123778903,-3424.5480759738084
15m,P2_pinbar,short,F1,1,VAL,9084,-0.4055147140167574,0.4736900044033465,-19.08997123468853,-0.5421679279939187,-3683.6956621282243
15m,P2_pinbar,short,F1,1,HOLD,10478,-0.41745121629218895,0.46468791754151556,-21.577765275245532,-0.5605289510955243,-4374.053844309556
15m,P2_pinbar,short,F1,2,DISC,13808,-0.22815660381386801,0.34081691772885286,-11.33474056476251,-0.2817509736490972,-3150.3863854618894
15m,P2_pinbar,short,F1,2,VAL,9084,-0.3794248522663948,0.3379568472038749,-12.37088587089978,-0.53166751602503,-3446.69535798793
15m,P2_pinbar,short,F1,2,HOLD,10478,-0.4164360552452367,0.32114907425081124,-15.411721951054982,-0.5494425633577352,-4363.41698685959
15m,P2_pinbar,short,F1,3,DISC,13808,-0.21387639433032096,0.26223928157589804,-8.237148504676059,-0.2849966357582491,-2953.205252913072
15m,P2_pinbar,short,F1,3,VAL,9084,-0.35551516754190854,0.2638705416116248,-9.346551082318058,-0.5118663473011015,-3229.499781950697
15m,P2_pinbar,short,F1,3,HOLD,10478,-0.406441798225671,0.24747089139148692,-12.436384243637063,-0.5405904427183883,-4258.697161808581
15m,P2_pinbar,short,F2,1,DISC,16474,-0.2734512031904488,0.4802112419570232,-22.326375617718714,-0.36843558074510424,-4504.835121359453
15m,P2_pinbar,short,F2,1,VAL,7472,-0.4355874968909537,0.4589132762312634,-21.30723383627424,-0.605337155526601,-3254.709776769206
15m,P2_pinbar,short,F2,1,HOLD,10990,-0.41073881184580563,0.48262056414922655,-23.487874009495293,-0.5900423338910565,-4514.019542185404
15m,P2_pinbar,short,F2,2,DISC,16474,-0.2948493299862845,0.31844118004127714,-15.822037492805716,-0.42707529925701543,-4857.34786219405
15m,P2_pinbar,short,F2,2,VAL,7472,-0.43917491739574216,0.3161134903640257,-15.159737498070804,-0.6118242462141091,-3281.5149827809855
15m,P2_pinbar,short,F2,2,HOLD,10990,-0.43683825048384983,0.3241128298453139,-18.29664960723736,-0.6226708912096106,-4800.85237281751
15m,P2_pinbar,short,F2,3,DISC,16474,-0.30636290786638803,0.23965035814009955,-13.109833572532246,-0.4344642108685917,-5047.022544190876
15m,P2_pinbar,short,F2,3,VAL,7472,-0.43777920409627313,0.24210385438972162,-12.01620108532727,-0.6431397948104319,-3271.086213007353
15m,P2_pinbar,short,F2,3,HOLD,10990,-0.44185806081215767,0.24631483166515014,-14.868346284484085,-0.6371746411200986,-4856.020088325613
15m,P2_pinbar,short,F3,1,DISC,13919,-0.261509749108709,0.48897190890150155,-18.599269943911494,-0.31372688508510066,-3639.9541978441202
15m,P2_pinbar,short,F3,1,VAL,9634,-0.4187450845598347,0.46782229603487646,-20.050987609876767,-0.5601698759895619,-4034.1901446494476
15m,P2_pinbar,short,F3,1,HOLD,10926,-0.4013598094948279,0.4697968149368479,-21.847821321879326,-0.5417085648085329,-4385.25727854049
15m,P2_pinbar,short,F3,2,DISC,13919,-0.25184093907768174,0.3352252316976794,-12.19827791062258,-0.3261417368843152,-3505.3740310222524
15m,P2_pinbar,short,F3,2,VAL,9634,-0.3943235295144786,0.333506331741748,-13.353573649291274,-0.5487113671276377,-3798.9128833424866
15m,P2_pinbar,short,F3,2,HOLD,10926,-0.4029903913730062,0.32308255537250596,-16.071238210138294,-0.5474052429006673,-4403.073016141466
15m,P2_pinbar,short,F3,3,DISC,13919,-0.24232012721181587,0.25727422947050793,-9.213984355573457,-0.3289667069792948,-3372.853850661265
15m,P2_pinbar,short,F3,3,VAL,9634,-0.37112017941739084,0.26032800498235414,-10.10998054433259,-0.5359758450153697,-3575.371808507143
15m,P2_pinbar,short,F3,3,HOLD,10926,-0.40260197254682584,0.24656781987918727,-12.886651154662937,-0.5468969483628718,-4398.829152046619
15m,P2_pinbar,short,F4,1,DISC,14833,-0.26742840549572017,0.4928200633722106,-20.30105333597143,-0.35501974514508083,-3966.765538718017
15m,P2_pinbar,short,F4,1,VAL,8453,-0.4617569051367127,0.46125635868922277,-22.400749476266483,-0.5996272520336084,-3903.2311191206322
15m,P2_pinbar,short,F4,1,HOLD,10964,-0.4258428732780117,0.4752827435242612,-23.72697680042404,-0.5939375870203849,-4668.94126262012
15m,P2_pinbar,short,F4,2,DISC,14833,-0.27320608319522843,0.33263668846490935,-13.966746785296593,-0.3801019567903763,-4052.4658320348235
15m,P2_pinbar,short,F4,2,VAL,8453,-0.44766536767970644,0.32674790015379157,-15.192525109625658,-0.5994376893451435,-3784.1153529965586
15m,P2_pinbar,short,F4,2,HOLD,10964,-0.42932062211370675,0.3272528274352426,-17.22595945700499,-0.6011108455436026,-4707.071300854681
15m,P2_pinbar,short,F4,3,DISC,14833,-0.24792769817870433,0.25928672554439425,-9.92983227529303,-0.3517369075872297,-3677.5115470847213
15m,P2_pinbar,short,F4,3,VAL,8453,-0.43544083443714576,0.2534011593517094,-11.722723398914612,-0.623453982955278,-3680.7813734971933
15m,P2_pinbar,short,F4,3,HOLD,10964,-0.4312980241733331,0.24963516964611457,-13.886120390597387,-0.6010456211946467,-4728.751537036424
15m,P3_sweep,long,F0,1,DISC,14962,-0.24799822272951,0.48843737468252907,-21.592548448144512,-0.295192675265165,-3710.5494084789284
15m,P3_sweep,long,F0,1,VAL,9160,-0.4402853023511494,0.4558951965065502,-23.149711317476292,-0.5936932729424559,-4033.0133695365284
15m,P3_sweep,long,F0,1,HOLD,13536,-0.40220530095814694,0.4671985815602837,-29.72828079765632,-0.5426483787799296,-5444.250953769477
15m,P3_sweep,long,F0,2,DISC,14962,-0.26748750158046514,0.32468921267210266,-15.96793200700119,-0.3187073532921595,-4002.1479986469194
15m,P3_sweep,long,F0,2,VAL,9160,-0.46068523532347677,0.3106986899563319,-18.44861929137021,-0.6009003025427032,-4219.8767555630475
15m,P3_sweep,long,F0,2,HOLD,13536,-0.40064401404172767,0.322621158392435,-21.48246731823839,-0.5523626809455497,-5423.1173740688255
15m,P3_sweep,long,F0,3,DISC,14962,-0.2591133678666166,0.2484293543643898,-12.150043268428487,-0.2955156014149429,-3876.8542100203176
15m,P3_sweep,long,F0,3,VAL,9160,-0.4601730423376516,0.23919213973799128,-14.823600049872214,-0.5829788312633419,-4215.1850678128885
15m,P3_sweep,long,F0,3,HOLD,13536,-0.3995385117657655,0.2466755319148936,-17.31442226187764,-0.5546255433626748,-5408.153295261402
15m,P3_sweep,long,F1,1,DISC,7474,-0.23444890581813652,0.4969226652394969,-15.396154005019078,-0.28425255010177963,-1752.2711220847523
15m,P3_sweep,long,F1,1,VAL,4058,-0.44099830658176276,0.45933957614588466,-15.640178705150602,-0.6111003745650025,-1789.5711281087933
15m,P3_sweep,long,F1,1,HOLD,6495,-0.42457032890480295,0.467590454195535,-23.1898517080499,-0.5814190517216233,-2757.5842862366953
15m,P3_sweep,long,F1,2,DISC,7474,-0.23813046086488723,0.3354294888948354,-10.850412670528444,-0.2915633792578828,-1779.7870645041671
15m,P3_sweep,long,F1,2,VAL,4058,-0.4548408467352325,0.3141941843272548,-12.431173916683404,-0.5981057539224667,-1845.7441560515736
15m,P3_sweep,long,F1,2,HOLD,6495,-0.44103268017233643,0.31839876828329483,-17.63104883767213,-0.6053766215193113,-2864.507257719325
15m,P3_sweep,long,F1,3,DISC,7474,-0.22716312155060767,0.25715814824725713,-8.209649969364607,-0.25359498413911963,-1697.8171704692418
15m,P3_sweep,long,F1,3,VAL,4058,-0.4595690257150183,0.23952686052242483,-10.341315985381359,-0.6323648701848392,-1864.9311063515443
15m,P3_sweep,long,F1,3,HOLD,6495,-0.4481966430437674,0.24126250962278675,-14.479771853521605,-0.5826828791872251,-2911.0371965692693
15m,P3_sweep,long,F2,1,DISC,7488,-0.2615222070505043,0.47996794871794873,-16.14070868405576,-0.3058104455862513,-1958.278286394176
15m,P3_sweep,long,F2,1,VAL,5102,-0.4397181970654126,0.45315562524500197,-18.424834220791823,-0.5794572324682026,-2243.442241427735
15m,P3_sweep,long,F2,1,HOLD,7041,-0.38157458706615277,0.4668370970032666,-20.071478495771085,-0.5043810031936017,-2686.6666675327815
15m,P3_sweep,long,F2,2,DISC,7488,-0.2967896546665001,0.3139690170940171,-12.660002694824282,-0.3450515200720848,-2222.3609341427527
15m,P3_sweep,long,F2,2,VAL,5102,-0.46533371217394637,0.3079184633477068,-14.569058819634563,-0.6031857667243696,-2374.1325995114744
15m,P3_sweep,long,F2,2,HOLD,7041,-0.36338731946449376,0.32651611986933676,-13.946554829653735,-0.5000369351866794,-2558.6101163495005
15m,P3_sweep,long,F2,3,DISC,7488,-0.29100387814517564,0.23971688034188035,-9.614665436775073,-0.33620101216714676,-2179.0370395510754
15m,P3_sweep,long,F2,3,VAL,5102,-0.46065346167411686,0.23892591140729125,-11.710462856227046,-0.5425894738507997,-2350.2539614613443
15m,P3_sweep,long,F2,3,HOLD,7041,-0.3546536143576383,0.2516687970458742,-11.085326145873102,-0.5269324308504294,-2497.1160986921313
15m,P3_sweep,long,F3,1,DISC,8072,-0.2266035716058495,0.4964073339940535,-15.371764961660704,-0.27720586015139287,-1829.1440300024174
15m,P3_sweep,long,F3,1,VAL,4008,-0.4220307741555374,0.4623253493013972,-17.058376272615025,-0.5795977315559638,-1691.499342815394
15m,P3_sweep,long,F3,1,HOLD,6684,-0.41736094106032423,0.4688809096349491,-23.212480457656444,-0.5721476905283864,-2789.640530047207
15m,P3_sweep,long,F3,2,DISC,8072,-0.2354633267109792,0.33337462834489595,-11.031635700914084,-0.2984751768073302,-1900.659973211024
15m,P3_sweep,long,F3,2,VAL,4008,-0.42396384429664974,0.3181137724550898,-12.452382678773464,-0.5531336468753754,-1699.247087940972
15m,P3_sweep,long,F3,2,HOLD,6684,-0.43131252104842493,0.32091561938958707,-17.426577765842584,-0.5878723298279778,-2882.892890687672
15m,P3_sweep,long,F3,3,DISC,8072,-0.22306614464900265,0.2560703666997027,-8.329656192151443,-0.25310501093802834,-1800.5899196067494
15m,P3_sweep,long,F3,3,VAL,4008,-0.43438525216627155,0.24201596806387227,-10.127744834885572,-0.602811774075336,-1741.0160906824165
15m,P3_sweep,long,F3,3,HOLD,6684,-0.4375596296793525,0.24371633752244165,-14.13689232138169,-0.5943785287732186,-2924.648564776792
15m,P3_sweep,long,F4,1,DISC,7582,-0.27571306976744564,0.4820627802690583,-17.977409582662894,-0.3336275404274381,-2090.456494976773
15m,P3_sweep,long,F4,1,VAL,4690,-0.5189171583555736,0.4420042643923241,-19.2046345366046,-0.6876714684276118,-2433.72147268764
15m,P3_sweep,long,F4,1,HOLD,7067,-0.418998691905131,0.46639309466534595,-22.528399268956314,-0.5775942411715728,-2961.063755693561
15m,P3_sweep,long,F4,2,DISC,7582,-0.3128230686372979,0.3150883671854392,-14.529653560266219,-0.3643068734366125,-2371.824506407993
15m,P3_sweep,long,F4,2,VAL,4690,-0.5466803534967662,0.30149253731343284,-16.235289684425684,-0.7068637231711596,-2563.930857899834
15m,P3_sweep,long,F4,2,HOLD,7067,-0.4297946159061601,0.3186642139521721,-17.09089635609938,-0.5764952659750266,-3037.3585506088334
15m,P3_sweep,long,F4,3,DISC,7582,-0.3028103145582835,0.24162490108150883,-10.811049559096723,-0.33943179093596293,-2295.9078049809054
15m,P3_sweep,long,F4,3,VAL,4690,-0.5475783023150269,0.2330490405117271,-13.171532018528737,-0.6995770226131328,-2568.142237857476
15m,P3_sweep,long,F4,3,HOLD,7067,-0.41859772668311584,0.2467808122258384,-13.624672952690776,-0.5793893679601282,-2958.2301344695798
15m,P3_sweep,short,F0,1,DISC,16865,-0.20816973832160027,0.514141713608064,-18.90859019175699,-0.25916870597280905,-3510.7826367937887
15m,P3_sweep,short,F0,1,VAL,9441,-0.3979881981339644,0.47569113441372735,-22.884624771861365,-0.5420806519030685,-3757.406578582758
15m,P3_sweep,short,F0,1,HOLD,14206,-0.3876102217272986,0.479797268759679,-26.767669265537815,-0.5370738624194747,-5506.390809858004
15m,P3_sweep,short,F0,2,DISC,16865,-0.21975392943741334,0.3447969166913727,-13.114957380645805,-0.29244492036344166,-3706.150019961976
15m,P3_sweep,short,F0,2,VAL,9441,-0.40303834797215654,0.3286728100836776,-16.9542250325129,-0.5547354832510469,-3805.0850432051298
15m,P3_sweep,short,F0,2,HOLD,14206,-0.40147109441418727,0.32620019709981696,-20.175991592273398,-0.548873664645048,-5703.298367247944
15m,P3_sweep,short,F0,3,DISC,16865,-0.2378715207290977,0.2573376815890898,-11.44016786438802,-0.3130810788334833,-4011.7031970962325
15m,P3_sweep,short,F0,3,VAL,9441,-0.4125007117909998,0.24827878402711578,-14.30593958532982,-0.5707482208426465,-3894.419220018829
15m,P3_sweep,short,F0,3,HOLD,14206,-0.4229070253260777,0.24398141630297057,-16.883890511982404,-0.5993590416538225,-6007.81720178226
15m,P3_sweep,short,F1,1,DISC,6779,-0.18811093507748888,0.5239710871810002,-10.827422985280254,-0.2132961271744609,-1275.2040288902972
15m,P3_sweep,short,F1,1,VAL,4677,-0.4156514352192919,0.47102843703228564,-17.26633245596119,-0.5675057973207688,-1944.001762520628
15m,P3_sweep,short,F1,1,HOLD,6621,-0.406389749084001,0.4680561848663344,-20.077264664625435,-0.5519973622592116,-2690.7065286851707
15m,P3_sweep,short,F1,2,DISC,6779,-0.18071507560495068,0.35772237793184836,-7.002012242119153,-0.21542250313409017,-1225.0674975259606
15m,P3_sweep,short,F1,2,VAL,4677,-0.42121480163049435,0.32734658969424846,-13.148561374095898,-0.5676046562401513,-1970.0216272258222
15m,P3_sweep,short,F1,2,HOLD,6621,-0.42354857992675754,0.31747470170669084,-14.849973645850747,-0.5647072300644576,-2804.3151476950616
15m,P3_sweep,short,F1,3,DISC,6779,-0.18667010309824295,0.27024634901902933,-5.67440788548381,-0.22063911507182046,-1265.436628902989
15m,P3_sweep,short,F1,3,VAL,4677,-0.441050186832379,0.24481505238400683,-11.232684070337656,-0.5816055594635615,-2062.7917238150367
15m,P3_sweep,short,F1,3,HOLD,6621,-0.4369775918751675,0.23938982026884156,-12.40861795139111,-0.6017016772532432,-2893.228635805484
15m,P3_sweep,short,F2,1,DISC,10086,-0.22165165654407018,0.5075351973031925,-16.44280910831649,-0.2907212734002444,-2235.578607903492
15m,P3_sweep,short,F2,1,VAL,4764,-0.3806475264614043,0.4802686817800168,-15.847052713721588,-0.5172187712453911,-1813.40481606213
15m,P3_sweep,short,F2,1,HOLD,7585,-0.37121743983821137,0.4900461437046803,-19.689971567300425,-0.5252270764195295,-2815.6842811728334
15m,P3_sweep,short,F2,2,DISC,10086,-0.2459927148955002,0.3361094586555622,-12.076820397708849,-0.34542330258468873,-2481.082522436015
15m,P3_sweep,short,F2,2,VAL,4764,-0.385193832069544,0.32997481108312343,-11.878884043368334,-0.5421514119404705,-1835.0634159793076
15m,P3_sweep,short,F2,2,HOLD,7585,-0.3821995015890418,0.33381674357284113,-15.018564300559152,-0.5363044373756901,-2898.983219552882
15m,P3_sweep,short,F2,3,DISC,10086,-0.27228500576970494,0.24866151100535397,-11.11835127293713,-0.37666549835208735,-2746.266568193244
15m,P3_sweep,short,F2,3,VAL,4764,-0.3844726062560437,0.25167926112510497,-9.818023805158388,-0.5601314140311795,-1831.6274962037921
15m,P3_sweep,short,F2,3,HOLD,7585,-0.4106247285401156,0.24798945286750165,-12.617506155403978,-0.5974993771702745,-3114.588565976777
15m,P3_sweep,short,F3,1,DISC,7040,-0.1879959609193321,0.5240056818181819,-10.667839267626995,-0.21012614374282784,-1323.491564872098
15m,P3_sweep,short,F3,1,VAL,5122,-0.4097103314580988,0.4718859820382663,-16.85014039730684,-0.5456019053494944,-2098.536317728382
15m,P3_sweep,short,F3,1,HOLD,7187,-0.3819528859760044,0.4764157506609155,-19.135402709449508,-0.5130284662656622,-2745.095391509544
15m,P3_sweep,short,F3,2,DISC,7040,-0.17377920298052685,0.3599431818181818,-6.716213434326277,-0.2139298100993914,-1223.405588982909
15m,P3_sweep,short,F3,2,VAL,5122,-0.4260560446361033,0.32389691526747366,-13.26271505385106,-0.5688945331116456,-2182.259060626121
15m,P3_sweep,short,F3,2,HOLD,7187,-0.3901588611698951,0.32475302629748154,-13.97073127008845,-0.5303197312084792,-2804.0717352280362
15m,P3_sweep,short,F3,3,DISC,7040,-0.1909616616010703,0.26931818181818185,-5.8774780961079305,-0.23553522184197556,-1344.370097671535
15m,P3_sweep,short,F3,3,VAL,5122,-0.4324576237849305,0.24521671222178837,-11.102769763265924,-0.5854265245864507,-2215.0479490264142
15m,P3_sweep,short,F3,3,HOLD,7187,-0.40455478129841926,0.24433004035063308,-11.626068340229828,-0.5858126972716685,-2907.5352131917393
15m,P3_sweep,short,F4,1,DISC,8088,-0.20758348747715683,0.5226261127596439,-13.4178557371182,-0.24541870496707296,-1678.9352467152444
15m,P3_sweep,short,F4,1,VAL,4715,-0.46133928384332806,0.4591728525980912,-19.10047280735932,-0.6134057883125539,-2175.214723321292
15m,P3_sweep,short,F4,1,HOLD,7053,-0.40891340656206787,0.4803629661137105,-21.270170364496003,-0.5472188460789755,-2884.0662564822646
15m,P3_sweep,short,F4,2,DISC,8088,-0.21418552869026444,0.3524975272007913,-9.244450069491345,-0.26396313082014805,-1732.3325560468588
15m,P3_sweep,short,F4,2,VAL,4715,-0.44382182456914293,0.327253446447508,-13.640794010867536,-0.5785479872564357,-2092.619902843509
15m,P3_sweep,short,F4,2,HOLD,7053,-0.4180075213664488,0.3292216078264568,-15.975613421685301,-0.5472384894092183,-2948.2070481975634
15m,P3_sweep,short,F4,3,DISC,8088,-0.22626433203685364,0.2645895153313551,-7.821980574005992,-0.273860220920341,-1830.0259175140723
15m,P3_sweep,short,F4,3,VAL,4715,-0.46306212149626275,0.24559915164369034,-11.94844765363069,-0.5953695899336613,-2183.337902854879
15m,P3_sweep,short,F4,3,HOLD,7053,-0.43679263347723074,0.24684531405075855,-13.19417990407807,-0.5887117985988918,-3080.6984439149082
15m,P4_donchian,long,F0,1,DISC,17161,-0.3285466137531594,0.44676883631490005,-31.43257698400674,-0.4144410114184751,-5638.188438617969
15m,P4_donchian,long,F0,1,VAL,8766,-0.42959711152299124,0.46269678302532513,-18.562789544279656,-0.5758955175411895,-3765.8482796105413
15m,P4_donchian,long,F0,1,HOLD,14479,-0.4746346712134672,0.4447820982112024,-31.989843358556406,-0.6467247369143933,-6872.235404499792
15m,P4_donchian,long,F0,2,DISC,17161,-0.33319431336895383,0.3009148651011013,-20.827785843891082,-0.42571187703697816,-5717.947611724617
15m,P4_donchian,long,F0,2,VAL,8766,-0.4042821683599553,0.32808578599133015,-12.715562853272683,-0.5539943637549037,-3543.937487843368
15m,P4_donchian,long,F0,2,HOLD,14479,-0.4833677541593643,0.30402652116858897,-22.281038552946697,-0.6649928178703941,-6998.681712473435
15m,P4_donchian,long,F0,3,DISC,17161,-0.32351800681835663,0.2299982518501253,-15.50737630399605,-0.4291953258617939,-5551.892515009818
15m,P4_donchian,long,F0,3,VAL,8766,-0.3928212727474345,0.2529089664613279,-9.879422725659282,-0.5304786076794901,-3443.4712769040107
15m,P4_donchian,long,F0,3,HOLD,14479,-0.48538881794001304,0.23116237309206436,-17.732825604319927,-0.6755527649211845,-7027.944694953449
15m,P4_donchian,long,F1,1,DISC,10771,-0.3254042054107459,0.4490762231919042,-26.47847845718543,-0.40638264180129363,-3504.928696479144
15m,P4_donchian,long,F1,1,VAL,4416,-0.42016714020172596,0.4633152173913043,-13.094883205292481,-0.5761285375677966,-1855.458091130822
15m,P4_donchian,long,F1,1,HOLD,7887,-0.47947244624337854,0.44516292633447446,-25.05148022588444,-0.6537342277041348,-3781.5991835215264
15m,P4_donchian,long,F1,2,DISC,10771,-0.3242854574373623,0.30433571627518335,-17.02966914110228,-0.4118924268064035,-3492.8786620578294
15m,P4_donchian,long,F1,2,VAL,4416,-0.3697604664698712,0.3353713768115942,-8.659780697824065,-0.5278638020903792,-1632.8622199309514
15m,P4_donchian,long,F1,2,HOLD,7887,-0.4827658918837891,0.30594649423101306,-17.68984365709799,-0.6767855240883388,-3807.5745892874447
15m,P4_donchian,long,F1,3,DISC,10771,-0.3073696451034695,0.23424008912821465,-12.19268462975215,-0.3977306439847352,-3310.6784474094698
15m,P4_donchian,long,F1,3,VAL,4416,-0.35634882049034267,0.25883152173913043,-6.660257999027072,-0.5041854551143784,-1573.6363912853533
15m,P4_donchian,long,F1,3,HOLD,7887,-0.4889606433337953,0.2315202231520223,-14.193414014520108,-0.7088110940416711,-3856.4325939736436
15m,P4_donchian,long,F2,1,DISC,6390,-0.3338434651234467,0.4428794992175274,-18.716413041855393,-0.4278884749466373,-2133.2597421388245
15m,P4_donchian,long,F2,1,VAL,4350,-0.43917015827119993,0.46206896551724136,-14.741930544788946,-0.5756496388404819,-1910.3901884797197
15m,P4_donchian,long,F2,1,HOLD,6592,-0.4688465141047127,0.44432645631067963,-22.098793519471197,-0.6373916047486851,-3090.636220978266
15m,P4_donchian,long,F2,2,DISC,6390,-0.3482111032342391,0.29514866979655713,-13.221789530802127,-0.4487731861830213,-2225.068949666788
15m,P4_donchian,long,F2,2,VAL,4350,-0.439327647795958,0.32068965517241377,-10.588101382500767,-0.5815668803509532,-1911.0752679124173
15m,P4_donchian,long,F2,2,HOLD,6592,-0.48408785242505936,0.30172936893203883,-15.569746278069228,-0.6492908376517277,-3191.1071231859914
15m,P4_donchian,long,F2,3,DISC,6390,-0.3507377257590531,0.22284820031298905,-10.304506811524039,-0.4817022450113974,-2241.214067600349
15m,P4_donchian,long,F2,3,VAL,4350,-0.42984710014222005,0.24689655172413794,-8.355389333841444,-0.5582226873809316,-1869.8348856186572
15m,P4_donchian,long,F2,3,HOLD,6592,-0.4811153065806743,0.23073422330097088,-12.424753120515984,-0.6312693225709356,-3171.512100979805
15m,P4_donchian,long,F3,1,DISC,10475,-0.3174566034723311,0.4521241050119332,-25.069701446055223,-0.39551117471626357,-3325.3579213726684
15m,P4_donchian,long,F3,1,VAL,4092,-0.41965875265192154,0.4604105571847507,-16.06755508347188,-0.5804815625144941,-1717.243615851663
15m,P4_donchian,long,F3,1,HOLD,7442,-0.48772104646300485,0.4461166353130879,-23.661982853918335,-0.6723302500836905,-3629.620027777682
15m,P4_donchian,long,F3,2,DISC,10475,-0.31954513302979415,0.3052983293556086,-16.378614139752038,-0.4066902063222557,-3347.2352684870934
15m,P4_donchian,long,F3,2,VAL,4092,-0.3864113571790141,0.32649071358748777,-10.226657274032789,-0.5464641980882513,-1581.1952735765258
15m,P4_donchian,long,F3,2,HOLD,7442,-0.5045852686347884,0.3034130610051062,-17.49443237609743,-0.7010184334503415,-3755.123569180095
15m,P4_donchian,long,F3,3,DISC,10475,-0.3082024754456471,0.2336038186157518,-11.884987154378894,-0.40026463275200286,-3228.4209302931536
15m,P4_donchian,long,F3,3,VAL,4092,-0.3824080781050796,0.24951124144672532,-8.032593030149412,-0.5340088672307729,-1564.8138556059857
15m,P4_donchian,long,F3,3,HOLD,7442,-0.5006828029936028,0.23219564633163128,-13.85072847645534,-0.7099255951210324,-3726.0814198783924
15m,P4_donchian,long,F4,1,DISC,7803,-0.36440952458066533,0.43790849673202614,-24.00425607718369,-0.44725903742372236,-2843.4875203029314
15m,P4_donchian,long,F4,1,VAL,4501,-0.46194378964633487,0.46545212175072204,-13.375692035535069,-0.6182727210901746,-2079.208997198153
15m,P4_donchian,long,F4,1,HOLD,7431,-0.4950271607863462,0.4457004440855874,-24.505731080364868,-0.6818260639894305,-3678.5468318033386
15m,P4_donchian,long,F4,2,DISC,7803,-0.3591776765396406,0.29834678969627065,-15.912227486029725,-0.45887702718225687,-2802.6634100388155
15m,P4_donchian,long,F4,2,VAL,4501,-0.4210827681599905,0.3383692512774939,-9.119749604827838,-0.5791734692947754,-1895.2935394881174
15m,P4_donchian,long,F4,2,HOLD,7431,-0.49229142211294075,0.309245054501413,-17.08285902448945,-0.6886909167083951,-3658.217557721263
15m,P4_donchian,long,F4,3,DISC,7803,-0.3694134030512028,0.2232474689222094,-12.451284487234368,-0.4868086392800597,-2882.5327840085356
15m,P4_donchian,long,F4,3,VAL,4501,-0.39872393647215393,0.2643856920684292,-6.795923155133763,-0.5553109632067152,-1794.6564380611649
15m,P4_donchian,long,F4,3,HOLD,7431,-0.4963195740369512,0.23469250437357017,-13.620649218840965,-0.7031295734033356,-3688.1507546685843
15m,P4_donchian,short,F0,1,DISC,13759,-0.30239692364441695,0.4519950577803619,-24.785053351211477,-0.3910634355667253,-4160.679272423533
15m,P4_donchian,short,F0,1,VAL,8045,-0.40950323413284767,0.45668116842759476,-17.981298785637744,-0.5419372942329739,-3294.4535185987597
15m,P4_donchian,short,F0,1,HOLD,13213,-0.4062035434403819,0.4668886702489972,-25.25015838760138,-0.581294497326316,-5367.167419477766
15m,P4_donchian,short,F0,2,DISC,13759,-0.32140568811242193,0.29929500690457156,-17.96851868149092,-0.4344733751129563,-4422.220862738814
15m,P4_donchian,short,F0,2,VAL,8045,-0.41728731662522633,0.31348663766314483,-13.26719449100713,-0.5884997439312797,-3357.076462249946
15m,P4_donchian,short,F0,2,HOLD,13213,-0.386042975973312,0.32785892681450085,-16.57375043928621,-0.5660817830000339,-5100.785841535371
15m,P4_donchian,short,F0,3,DISC,13759,-0.3246127383428634,0.22537975143542407,-13.894141475548388,-0.43217976638824096,-4466.346666859457
15m,P4_donchian,short,F0,3,VAL,8045,-0.3983179771162885,0.24313238036047236,-10.097657542658924,-0.5615062794818968,-3204.468125900541
15m,P4_donchian,short,F0,3,HOLD,13213,-0.39886192694435924,0.2470294407023386,-13.232546617915924,-0.5890247451580287,-5270.162640715818
15m,P4_donchian,short,F1,1,DISC,7238,-0.2651400205162392,0.46697982868195637,-16.277020820610705,-0.35434821669346656,-1919.0834684965394
15m,P4_donchian,short,F1,1,VAL,4594,-0.4115847341915091,0.45145842403134523,-15.002543733531477,-0.5959412727452071,-1890.8202688757929
15m,P4_donchian,short,F1,1,HOLD,7053,-0.3609769548805328,0.4752587551396569,-16.99954402783908,-0.5153212057704002,-2545.9704627723977
15m,P4_donchian,short,F1,2,DISC,7238,-0.27431741855983954,0.31251726996407847,-11.369381492597181,-0.3974127097648906,-1985.5094755361185
15m,P4_donchian,short,F1,2,VAL,4594,-0.4278314108892057,0.30757509795385285,-11.254564166127071,-0.6660836366730941,-1965.4575016250108
15m,P4_donchian,short,F1,2,HOLD,7053,-0.34674254259796794,0.33134836239897913,-11.234583055450495,-0.5075220518476261,-2445.575152943468
15m,P4_donchian,short,F1,3,DISC,7238,-0.27436354483691355,0.23597678916827852,-8.67689007288289,-0.3999828153116378,-1985.8433375295804
15m,P4_donchian,short,F1,3,VAL,4594,-0.3943409465317697,0.24161950370047888,-8.474542374602505,-0.6274408261401131,-1811.60230836695
15m,P4_donchian,short,F1,3,HOLD,7053,-0.35891871149393384,0.24897206862328086,-8.95157444775716,-0.5337103479733297,-2531.4536721667155
15m,P4_donchian,short,F2,1,DISC,6521,-0.3437503149711691,0.4353626744364361,-20.957676249322954,-0.43295606241969414,-2241.5958039269935
15m,P4_donchian,short,F2,1,VAL,3451,-0.4067323238837923,0.4636337293538105,-12.36833467490155,-0.47210201243085315,-1403.6332497229673
15m,P4_donchian,short,F2,1,HOLD,6160,-0.4579865189456766,0.4573051948051948,-21.290819358790998,-0.6502209353260955,-2821.196956705368
15m,P4_donchian,short,F2,2,DISC,6521,-0.3736714287996772,0.28461892347799417,-15.653038799382497,-0.4767601616825462,-2436.711387202695
15m,P4_donchian,short,F2,2,VAL,3451,-0.4032509303462576,0.3213561286583599,-8.491903821265769,-0.4881720798925498,-1391.618960624935
15m,P4_donchian,short,F2,2,HOLD,6160,-0.43104069619998425,0.32386363636363635,-13.881732464668213,-0.6272628091905978,-2655.210688591903
15m,P4_donchian,short,F2,3,DISC,6521,-0.3803869543520743,0.21361754332157645,-12.324330626251353,-0.46891698050949,-2480.5033293298766
15m,P4_donchian,short,F2,3,VAL,3451,-0.40361223342033936,0.2451463343958273,-6.5349946789189515,-0.47624297531017584,-1392.865817533591
15m,P4_donchian,short,F2,3,HOLD,6160,-0.44459561177745177,0.2448051948051948,-11.196578408926898,-0.646815167283851,-2738.708968549103
15m,P4_donchian,short,F3,1,DISC,6718,-0.2764020327501416,0.4657636201250372,-16.146016794638214,-0.36654952722920026,-1856.8688560154512
15m,P4_donchian,short,F3,1,VAL,4690,-0.41814418315961205,0.45479744136460554,-13.436796359107523,-0.5813727640234263,-1961.0962190185805
15m,P4_donchian,short,F3,1,HOLD,6874,-0.3416399002734195,0.4854524294442828,-15.584409850622192,-0.49413863333688557,-2348.4326744794857
15m,P4_donchian,short,F3,2,DISC,6718,-0.27926345787526907,0.31393271807085443,-10.912620660004334,-0.4015926425111161,-1876.0919100060578
15m,P4_donchian,short,F3,2,VAL,4690,-0.41412562401380704,0.31791044776119404,-9.8957473084372,-0.6461586940401113,-1942.249176624755
15m,P4_donchian,short,F3,2,HOLD,6874,-0.3215049658619238,0.33954029677043934,-9.966369864898933,-0.48726588671971904,-2210.025135334864
15m,P4_donchian,short,F3,3,DISC,6718,-0.2699888623871115,0.23950580529919618,-8.066177190745359,-0.4030549696692122,-1813.785177516615
15m,P4_donchian,short,F3,3,VAL,4690,-0.384423832362375,0.2488272921108742,-7.440782055083013,-0.5982530169235739,-1802.9477737795387
15m,P4_donchian,short,F3,3,HOLD,6874,-0.3272103011134941,0.25734652313063716,-7.85180695482951,-0.5105203678708587,-2249.2436098541584
15m,P4_donchian,short,F4,1,DISC,6866,-0.3067830057757905,0.4579085348092048,-18.322079670404996,-0.41429910426768796,-2106.3721176565773
15m,P4_donchian,short,F4,1,VAL,3999,-0.4405788686134527,0.4661165291322831,-12.770032162882869,-0.5642075176345572,-1761.8748955851972
15m,P4_donchian,short,F4,1,HOLD,6839,-0.41879007859233414,0.46863576546278696,-19.362201759879724,-0.5937965444125334,-2864.105347492973
15m,P4_donchian,short,F4,2,DISC,6866,-0.32930339975820444,0.30250509758228955,-13.348679450310184,-0.4621926463661894,-2260.997142739832
15m,P4_donchian,short,F4,2,VAL,3999,-0.453974052999365,0.3205801450362591,-9.859928210931825,-0.5972981465154374,-1815.4422379444607
15m,P4_donchian,short,F4,2,HOLD,6839,-0.38264509070560304,0.3352829361017693,-12.105249850582235,-0.5626962421103154,-2616.909775335619
15m,P4_donchian,short,F4,3,DISC,6866,-0.32208188009884875,0.2305563646956015,-9.86246832157496,-0.4472252205617133,-2211.4141887586957
15m,P4_donchian,short,F4,3,VAL,3999,-0.39972785299809227,0.25756439109777446,-6.865075858677402,-0.5034078636982795,-1598.511684139371
15m,P4_donchian,short,F4,3,HOLD,6839,-0.3936432407688371,0.25398450065799094,-9.567055235993797,-0.6151673330039745,-2692.126123618077
15m,P5_compress,long,F0,1,DISC,5622,-0.40443025015481227,0.43845606545713267,-22.4877179088159,-0.5471273007618926,-2273.7068663703544
15m,P5_compress,long,F0,1,VAL,2867,-0.7150784436763434,0.401464945936519,-16.858641620470536,-0.9672992445963419,-2050.129898020077
15m,P5_compress,long,F0,1,HOLD,4551,-0.673726417393551,0.4141946824873654,-24.452669142329754,-0.9282652933192587,-3066.1289255580505
15m,P5_compress,long,F0,2,DISC,5622,-0.43937268757441406,0.28673070081821417,-16.736615115147476,-0.6197856737275412,-2470.1532495433557
15m,P5_compress,long,F0,2,VAL,2867,-0.7590750595539416,0.27624694802929894,-14.597873148893974,-1.050071452381715,-2176.2681957411505
15m,P5_compress,long,F0,2,HOLD,4551,-0.6764087055829581,0.29488024609975827,-17.477461904201515,-0.9303149990304077,-3078.3360191080424
15m,P5_compress,long,F0,3,DISC,5622,-0.4342575558281172,0.2184276058342227,-12.804820140131781,-0.6485181503040227,-2441.395978865675
15m,P5_compress,long,F0,3,VAL,2867,-0.7647160828271489,0.20997558423439136,-12.902606044127475,-1.0259782183158295,-2192.441009465436
15m,P5_compress,long,F0,3,HOLD,4551,-0.6829334782938996,0.2247857613711272,-14.477093179495379,-0.9348383789199276,-3108.0302597155373
15m,P5_compress,long,F1,1,DISC,3268,-0.41428257674818114,0.43849449204406366,-18.04093816351096,-0.54586672440437,-1353.875460813056
15m,P5_compress,long,F1,1,VAL,1357,-0.7399437240480339,0.39277818717759766,-11.292852873202717,-0.9868195805957756,-1004.103633533182
15m,P5_compress,long,F1,1,HOLD,2255,-0.6642655877230781,0.41862527716186254,-19.046486190966426,-0.9142138839125993,-1497.9189003155411
15m,P5_compress,long,F1,2,DISC,3268,-0.43521944682759567,0.2913096695226438,-12.659119516311266,-0.5925840698010741,-1422.2971522325827
15m,P5_compress,long,F1,2,VAL,1357,-0.7578048990240265,0.2763448784082535,-10.286377366633623,-0.9839681921373871,-1028.341247975604
15m,P5_compress,long,F1,2,HOLD,2255,-0.6567323344197019,0.3028824833702882,-13.24990596093315,-0.9339689681937604,-1480.9314141164277
15m,P5_compress,long,F1,3,DISC,3268,-0.4166311276048774,0.2252141982864137,-9.246665250566338,-0.5930570318641866,-1361.5505250127394
15m,P5_compress,long,F1,3,VAL,1357,-0.7550876727148619,0.21296978629329402,-9.133221532993403,-0.9356356078141066,-1024.6539718740676
15m,P5_compress,long,F1,3,HOLD,2255,-0.6664314672694969,0.23015521064301553,-11.239888672014942,-0.9733863072032856,-1502.8029586927155
15m,P5_compress,long,F2,1,DISC,2354,-0.39075250873292205,0.43840271877655057,-14.260772749052624,-0.5489410296996731,-919.8314055572986
15m,P5_compress,long,F2,1,VAL,1510,-0.6927326254880098,0.40927152317880794,-13.064801377970037,-0.9465534166507553,-1046.026264486895
15m,P5_compress,long,F2,1,HOLD,2296,-0.6830183036770511,0.4098432055749129,-17.137179813885837,-0.9435053951883499,-1568.2100252425093
15m,P5_compress,long,F2,2,DISC,2354,-0.4451385290190199,0.2803738317757009,-12.144689349914248,-0.6589235933791833,-1047.8560973107728
15m,P5_compress,long,F2,2,VAL,1510,-0.7602165216990373,0.276158940397351,-10.847944772682471,-1.1203246930898125,-1147.9269477655464
15m,P5_compress,long,F2,2,HOLD,2296,-0.6957337129754418,0.28702090592334495,-12.392368683385655,-0.9263519188393471,-1597.4046049916144
15m,P5_compress,long,F2,3,DISC,2354,-0.45872789033684586,0.20900594732370434,-9.720528285438895,-0.7283161211573701,-1079.8454538529352
15m,P5_compress,long,F2,3,VAL,1510,-0.7733688990671314,0.20728476821192052,-9.595856423969334,-1.1219925622122795,-1167.7870375913683
15m,P5_compress,long,F2,3,HOLD,2296,-0.6991408105500094,0.21951219512195122,-9.96561774764843,-0.8930294516530027,-1605.2273010228216
15m,P5_compress,long,F3,1,DISC,3369,-0.4050376721633302,0.43929949539922825,-16.977163019089954,-0.5217799674837017,-1364.5719175182594
15m,P5_compress,long,F3,1,VAL,1362,-0.6723753372054276,0.4089574155653451,-15.210670062650536,-0.923226430600501,-915.7752092737924
15m,P5_compress,long,F3,1,HOLD,2378,-0.6771902529379278,0.4146341463414634,-18.798811106600684,-0.9368471289670962,-1610.3584214863922
15m,P5_compress,long,F3,2,DISC,3369,-0.4349496536949741,0.2888097358266548,-12.192489039904503,-0.5783526424879727,-1465.3453832983678
15m,P5_compress,long,F3,2,VAL,1362,-0.7282940381593922,0.2701908957415565,-12.00634111986827,-0.9890719677013861,-991.9364799730921
15m,P5_compress,long,F3,2,HOLD,2378,-0.7010546005941163,0.2910008410428932,-14.110986897814577,-0.9687681372307103,-1667.1078402128085
15m,P5_compress,long,F3,3,DISC,3369,-0.4188959000484445,0.2226179875333927,-9.029733815671985,-0.5717762988072835,-1411.2602872632096
15m,P5_compress,long,F3,3,VAL,1362,-0.7208773994283822,0.2092511013215859,-10.014410372106829,-0.9529761440697344,-981.8350180214567
15m,P5_compress,long,F3,3,HOLD,2378,-0.7256365216895145,0.21740958788898235,-12.205671346707234,-1.001038433880172,-1725.5636485776656
15m,P5_compress,long,F4,1,DISC,2504,-0.43553518852375667,0.43130990415335463,-17.23447821599115,-0.5918148854947862,-1090.5801120634867
15m,P5_compress,long,F4,1,VAL,1413,-0.826746685596024,0.38499646142958244,-12.093795001243128,-1.0338497893659069,-1168.193066747182
15m,P5_compress,long,F4,1,HOLD,2343,-0.7095977656928527,0.41101152368758004,-19.853143802772834,-0.9462845228018834,-1662.5875650183539
15m,P5_compress,long,F4,2,DISC,2504,-0.4818964521595122,0.2783546325878594,-13.463523355389633,-0.7057955108658897,-1206.6687162074186
15m,P5_compress,long,F4,2,VAL,1413,-0.8908139250062104,0.2618542108987969,-11.204319348467104,-1.123791938847568,-1258.7200760337753
15m,P5_compress,long,F4,2,HOLD,2343,-0.7301378447565657,0.2906530089628681,-15.022404751691806,-0.98054022017471,-1710.7129702646334
15m,P5_compress,long,F4,3,DISC,2504,-0.5082830830358755,0.20447284345047922,-11.0249388504098,-0.7601750028796166,-1272.7408399218325
15m,P5_compress,long,F4,3,VAL,1413,-0.8936847016253125,0.2002830856334041,-9.925680537096929,-1.096712387342024,-1262.7764833965666
15m,P5_compress,long,F4,3,HOLD,2343,-0.7423563587717423,0.22065727699530516,-12.767955551860377,-0.9668866225636829,-1739.3409486021924
15m,P5_compress,short,F0,1,DISC,4201,-0.4006767388430197,0.4415615329683409,-19.274480593956255,-0.5510960224264441,-1683.2429798795256
15m,P5_compress,short,F0,1,VAL,2601,-0.6320611578563047,0.4229142637447136,-16.260150150262923,-0.8895784407241119,-1643.9910715842484
15m,P5_compress,short,F0,1,HOLD,4126,-0.6156235932797198,0.4394086282113427,-21.123458454748274,-0.912652821337034,-2540.062945872124
15m,P5_compress,short,F0,2,DISC,4201,-0.40931391014298213,0.29731016424660794,-13.103325498882885,-0.6190458182936426,-1719.5277365106679
15m,P5_compress,short,F0,2,VAL,2601,-0.6748462049518291,0.2906574394463668,-13.325472519570827,-0.9852852356943714,-1755.2749790797075
15m,P5_compress,short,F0,2,HOLD,4126,-0.5934928130600042,0.3174987881725642,-14.294496525937063,-0.9071610944645219,-2448.7513466855776
15m,P5_compress,short,F0,3,DISC,4201,-0.43940660840340307,0.21780528445608188,-11.597504352734246,-0.6679944956903662,-1845.9471619026963
15m,P5_compress,short,F0,3,VAL,2601,-0.711913837220522,0.21414840445982314,-11.960372449084687,-1.064825644805079,-1851.6878906105778
15m,P5_compress,short,F0,3,HOLD,4126,-0.5984767207706914,0.24115365971885602,-11.771857027796045,-0.9139789210631301,-2469.3149498998728
15m,P5_compress,short,F1,1,DISC,2152,-0.37086207635831236,0.45539033457249073,-13.115257000205405,-0.46782953490760454,-798.0951883230882
15m,P5_compress,short,F1,1,VAL,1471,-0.6350628819879269,0.41944255608429637,-11.73272287036569,-0.9435263523143613,-934.1774994042405
15m,P5_compress,short,F1,1,HOLD,2073,-0.5603723532225685,0.4553786782440907,-13.195386560733995,-0.851346599872941,-1161.6518882303844
15m,P5_compress,short,F1,2,DISC,2152,-0.34166833581028566,0.3187732342007435,-7.992601107969189,-0.4685416669143268,-735.2702586637347
15m,P5_compress,short,F1,2,VAL,1471,-0.7049264605102477,0.28144119646498983,-9.933493787656174,-0.9969183925270076,-1036.9468234105743
15m,P5_compress,short,F1,2,HOLD,2073,-0.5188323207013407,0.3333333333333333,-8.815423948330801,-0.8277221712423226,-1075.5394008138792
15m,P5_compress,short,F1,3,DISC,2152,-0.39615488114884123,0.22815985130111524,-7.446648928877056,-0.5328005261589751,-852.5253042323063
15m,P5_compress,short,F1,3,VAL,1471,-0.7375072690569735,0.2080217539089055,-9.02294961223097,-1.1147918037922961,-1084.873192782808
15m,P5_compress,short,F1,3,HOLD,2073,-0.5363599477660907,0.2503617945007236,-7.709897956209016,-0.8442517954050721,-1111.874171719106
15m,P5_compress,short,F2,1,DISC,2049,-0.4319901374116336,0.427037579306979,-15.310033096122364,-0.6430316429645971,-885.1477915564373
15m,P5_compress,short,F2,1,VAL,1130,-0.628153603699122,0.42743362831858406,-12.55453262642915,-0.8204441197049716,-709.8135721800079
15m,P5_compress,short,F2,1,HOLD,2053,-0.6714130821440527,0.42328300048709205,-18.653783177151094,-0.9655294373498141,-1378.4110576417402
15m,P5_compress,short,F2,2,DISC,2049,-0.48035992086233914,0.27476817959980476,-11.739109623696294,-0.7852194250222189,-984.2574778469329
15m,P5_compress,short,F2,2,VAL,1130,-0.635688633335516,0.30265486725663715,-9.897851385310863,-0.9703773296193042,-718.328155669133
15m,P5_compress,short,F2,2,HOLD,2053,-0.6688806360797361,0.30150998538723817,-12.533527687878774,-0.9756771657436688,-1373.2119458716984
15m,P5_compress,short,F2,3,DISC,2049,-0.48483253180594926,0.20693020985846755,-9.699425739273195,-0.8172639299158995,-993.4218576703901
15m,P5_compress,short,F2,3,VAL,1130,-0.6785970777236902,0.22212389380530972,-8.867370128135207,-1.0007939450841952,-766.8146978277699
15m,P5_compress,short,F2,3,HOLD,2053,-0.6611986255142556,0.23185582075012176,-9.91144143910295,-0.9741185669432051,-1357.4407781807668
15m,P5_compress,short,F3,1,DISC,2072,-0.3895943608748509,0.4517374517374517,-13.399311285020321,-0.48872551535815323,-807.2395157326911
15m,P5_compress,short,F3,1,VAL,1522,-0.6678042171457881,0.4080157687253614,-11.398078810627858,-0.9321786335126444,-1016.3980184958895
15m,P5_compress,short,F3,1,HOLD,2091,-0.5561448221647736,0.4528933524629364,-13.892801942267399,-0.8189008121784719,-1162.8988231465414
15m,P5_compress,short,F3,2,DISC,2072,-0.39203996253437834,0.3064671814671815,-8.961003203866158,-0.5335248685417412,-812.3068023712319
15m,P5_compress,short,F3,2,VAL,1522,-0.7220638341025595,0.2831800262812089,-9.528168487347083,-1.0224223330094713,-1098.9811555040956
15m,P5_compress,short,F3,2,HOLD,2091,-0.5065354512871858,0.3318986131037781,-8.936091846802038,-0.8027549291757469,-1059.1656286415055
15m,P5_compress,short,F3,3,DISC,2072,-0.44578897726173733,0.21911196911196912,-8.34021199993451,-0.5850308373921143,-923.6747608863197
15m,P5_compress,short,F3,3,VAL,1522,-0.7538345732279316,0.21090670170827858,-8.561979741389553,-1.1260127539412397,-1147.336220452912
15m,P5_compress,short,F3,3,HOLD,2091,-0.5058643926524693,0.2534672405547585,-7.282115219040962,-0.7882787960475677,-1057.7624450363132
15m,P5_compress,short,F4,1,DISC,2030,-0.4415212141587459,0.43694581280788175,-15.239406606792322,-0.6166472422403997,-896.2880647422542
15m,P5_compress,short,F4,1,VAL,1251,-0.7083831474301049,0.4180655475619504,-13.346703219757106,-0.9847096514695255,-886.1873174350612
15m,P5_compress,short,F4,1,HOLD,2074,-0.6286655560158778,0.4445515911282546,-15.729169749837679,-0.8961553526471194,-1303.8523631769306
15m,P5_compress,short,F4,2,DISC,2030,-0.4729351462810621,0.287192118226601,-10.841130020359161,-0.7267545327818289,-960.058346950556
15m,P5_compress,short,F4,2,VAL,1251,-0.7356850390801156,0.2997601918465228,-11.56945279540984,-1.041887012491777,-920.3419838892246
15m,P5_compress,short,F4,2,HOLD,2074,-0.6113581567052603,0.32304725168756027,-10.763966280806638,-0.8995559585162065,-1267.9568170067098
15m,P5_compress,short,F4,3,DISC,2030,-0.5091093019521855,0.20886699507389161,-9.761903956938117,-0.7791938441926057,-1033.4918829629366
15m,P5_compress,short,F4,3,VAL,1251,-0.8242272158723484,0.21103117505995203,-10.934749552498692,-1.185808698766679,-1031.1082470563078
15m,P5_compress,short,F4,3,HOLD,2074,-0.6111223148225857,0.2463837994214079,-8.963364457915143,-0.912971978118772,-1267.4676809420428
15m,P6_insidebo,long,F0,1,DISC,10986,-0.31650573781746394,0.4569452029856181,-25.64647236668406,-0.40455222084656356,-3477.132035662659
15m,P6_insidebo,long,F0,1,VAL,6386,-0.4280769603987798,0.46461008455997493,-20.684353004869706,-0.5729680534165753,-2733.699469106608
15m,P6_insidebo,long,F0,1,HOLD,8485,-0.43209620092102796,0.464938126104891,-26.561090537250582,-0.6268147688967336,-3666.3362648149223
15m,P6_insidebo,long,F0,2,DISC,10986,-0.32355626186129616,0.3075732750773712,-18.998913641093534,-0.4088624264260624,-3554.5890928081994
15m,P6_insidebo,long,F0,2,VAL,6386,-0.416930131447264,0.32712182900093956,-15.392213781650325,-0.609918282415336,-2662.5158194222277
15m,P6_insidebo,long,F0,2,HOLD,8485,-0.43257293641797945,0.3235120801414261,-19.54076023061889,-0.6055239458691276,-3670.3813655065555
15m,P6_insidebo,long,F0,3,DISC,10986,-0.3245674258624371,0.23402512288367014,-15.292061735132805,-0.4269204400061185,-3565.697740524734
15m,P6_insidebo,long,F0,3,VAL,6386,-0.4298903731270343,0.24772940808017538,-12.802619605349411,-0.6345467799667083,-2745.279922789241
15m,P6_insidebo,long,F0,3,HOLD,8485,-0.42883770713669483,0.24820271066588095,-15.612420207266817,-0.6049625454527503,-3638.687945054856
15m,P6_insidebo,long,F1,1,DISC,6246,-0.3236575112351247,0.4543707973102786,-20.880740464308627,-0.4040528904275822,-2021.564815174589
15m,P6_insidebo,long,F1,1,VAL,2979,-0.42629102408917663,0.4625713326619671,-14.292666186577806,-0.5756970435397183,-1269.9209607616572
15m,P6_insidebo,long,F1,1,HOLD,4299,-0.4343850632864556,0.4675505931612003,-20.890076398355216,-0.6189455309260118,-1867.4213870684725
15m,P6_insidebo,long,F1,2,DISC,6246,-0.32077092033225424,0.308517451168748,-15.045904619576742,-0.39963070230875103,-2003.5351683952601
15m,P6_insidebo,long,F1,2,VAL,2979,-0.41536037012555144,0.3252769385699899,-10.8950090618063,-0.5819882889420188,-1237.3585426040177
15m,P6_insidebo,long,F1,2,HOLD,4299,-0.42315071511362284,0.3286810886252617,-14.50985487779029,-0.6011316629434544,-1819.1249242734646
15m,P6_insidebo,long,F1,3,DISC,6246,-0.30711368334643885,0.23759205891770732,-11.691074650436464,-0.38916569872778467,-1918.2320661818571
15m,P6_insidebo,long,F1,3,VAL,2979,-0.42196765593312013,0.24739845585767037,-9.212296965691635,-0.5822128921813321,-1257.0416470247649
15m,P6_insidebo,long,F1,3,HOLD,4299,-0.4197449832734033,0.2514538264712724,-11.5051983754433,-0.6069636739739631,-1804.483683092361
15m,P6_insidebo,long,F2,1,DISC,4740,-0.30708169208609065,0.460337552742616,-16.20067830192855,-0.4052319938961694,-1455.5672204880698
15m,P6_insidebo,long,F2,1,VAL,3407,-0.42963854075284735,0.4663927208687995,-16.17897874915361,-0.5705408985812754,-1463.778508344951
15m,P6_insidebo,long,F2,1,HOLD,4186,-0.4297455513011107,0.46225513616817965,-17.82000774308605,-0.6359984806224455,-1798.9148777464493
15m,P6_insidebo,long,F2,2,DISC,4740,-0.32722656633184366,0.30632911392405066,-12.5978035816325,-0.4214302112390671,-1551.053924412939
15m,P6_insidebo,long,F2,2,VAL,3407,-0.41830269351869975,0.3287349574405635,-11.856453114346102,-0.6347591267019335,-1425.15727681821
15m,P6_insidebo,long,F2,2,HOLD,4186,-0.44224950817799596,0.31820353559483994,-14.314689176772086,-0.6106499136384628,-1851.2564412330912
15m,P6_insidebo,long,F2,3,DISC,4740,-0.34756659796263223,0.22932489451476792,-10.629414701328571,-0.478318581677943,-1647.4656743428768
15m,P6_insidebo,long,F2,3,VAL,3407,-0.43681780914719004,0.24801878485471088,-9.731225908191682,-0.6810923675491314,-1488.2382757644764
15m,P6_insidebo,long,F2,3,HOLD,4186,-0.438175886756449,0.24486383182035357,-11.765131071269424,-0.6026271493784041,-1834.2042619624954
15m,P6_insidebo,long,F3,1,DISC,6157,-0.31297487794900897,0.45736560012993344,-20.05013377116432,-0.40967157406962507,-1926.9863235320481
15m,P6_insidebo,long,F3,1,VAL,2863,-0.41497987146143495,0.4641983932937478,-16.33817803896634,-0.5799046223839123,-1188.0873719940882
15m,P6_insidebo,long,F3,1,HOLD,4286,-0.45257017791959503,0.46033597760149325,-20.76438563745454,-0.6517982285088928,-1939.7157825633842
15m,P6_insidebo,long,F3,2,DISC,6157,-0.3057838550571528,0.31184018190677276,-13.860375343724183,-0.3943983950068259,-1882.7111955868897
15m,P6_insidebo,long,F3,2,VAL,2863,-0.41630959513379645,0.3216905344044708,-11.814313114245172,-0.5940235049888857,-1191.8943708680592
15m,P6_insidebo,long,F3,2,HOLD,4286,-0.4469942610146293,0.32291180587960805,-14.780276497980754,-0.6454886558122492,-1915.8174027087011
15m,P6_insidebo,long,F3,3,DISC,6157,-0.293740327293686,0.2402143901250609,-10.765695309552761,-0.3877277698133016,-1808.5591951472247
15m,P6_insidebo,long,F3,3,VAL,2863,-0.42119194757595263,0.24484806147397833,-9.692867703508302,-0.5908092337233447,-1205.8725459099524
15m,P6_insidebo,long,F3,3,HOLD,4286,-0.4404020737595091,0.2482501166588894,-11.72278201137189,-0.6374568002272287,-1887.563288133256
15m,P6_insidebo,long,F4,1,DISC,5118,-0.36054711342223306,0.4456819069949199,-21.092565240785795,-0.46463440913555815,-1845.2801264949887
15m,P6_insidebo,long,F4,1,VAL,3281,-0.49338665171926915,0.45291069795793965,-16.049258126453232,-0.6478739639152554,-1618.8016042909221
15m,P6_insidebo,long,F4,1,HOLD,4369,-0.4481600005611967,0.46463721675440606,-20.48534739745084,-0.6429329415063118,-1958.0110424518684
15m,P6_insidebo,long,F4,2,DISC,5118,-0.3845625708073576,0.2946463462289957,-16.248087843260162,-0.500670034084165,-1968.1912373920563
15m,P6_insidebo,long,F4,2,VAL,3281,-0.47549046208560236,0.3245961597074063,-12.0956914062873,-0.6738247423897765,-1560.0842061028613
15m,P6_insidebo,long,F4,2,HOLD,4369,-0.4507351708167733,0.32433051041428246,-15.01718025767651,-0.6258253203894855,-1969.2619612984824
15m,P6_insidebo,long,F4,3,DISC,5118,-0.39489489123943416,0.22196170379054317,-13.330366257322256,-0.5181984828859094,-2021.0720533634242
15m,P6_insidebo,long,F4,3,VAL,3281,-0.47254604010395596,0.2502285888448644,-10.00297059697249,-0.6811831922082264,-1550.4235575810794
15m,P6_insidebo,long,F4,3,HOLD,4369,-0.4510860677306592,0.24788281071183338,-12.272575315684604,-0.6384096876109618,-1970.7950299152499
15m,P6_insidebo,short,F0,1,DISC,10385,-0.28420159322867183,0.47048627828598943,-22.956770183779557,-0.38129331796175037,-2951.433545679757
15m,P6_insidebo,short,F0,1,VAL,6210,-0.39074593545454017,0.48132045088566827,-18.011119912350843,-0.5588177373392842,-2426.5322591726945
15m,P6_insidebo,short,F0,1,HOLD,8197,-0.4327563232929197,0.4673661095522752,-24.903602539432796,-0.6224725811006595,-3547.303582032063
15m,P6_insidebo,short,F0,2,DISC,10385,-0.2801839929854964,0.32007703418391914,-16.040650548084095,-0.4032152994801667,-2909.71076715438
15m,P6_insidebo,short,F0,2,VAL,6210,-0.3809416834803668,0.33784219001610305,-13.043734831999954,-0.5655561432920218,-2365.6478544130778
15m,P6_insidebo,short,F0,2,HOLD,8197,-0.42981597421681367,0.32438697084299134,-18.441280923259026,-0.6208105946013402,-3523.201540655222
15m,P6_insidebo,short,F0,3,DISC,10385,-0.27684729040336964,0.24371689937409727,-12.313387859808161,-0.4113667360452182,-2875.0591108389935
15m,P6_insidebo,short,F0,3,VAL,6210,-0.3628233916671873,0.26247987117552335,-10.392891226223245,-0.5643530671266022,-2253.133262253233
15m,P6_insidebo,short,F0,3,HOLD,8197,-0.43204764511897786,0.24716359643772112,-14.954538516467439,-0.6083581184334474,-3541.4945470402618
15m,P6_insidebo,short,F1,1,DISC,4759,-0.2507423054274617,0.4870771170413952,-13.69844480651347,-0.3101252570740447,-1193.28263152929
15m,P6_insidebo,short,F1,1,VAL,3280,-0.375523122461741,0.48810975609756097,-13.094163048900809,-0.5667472519189247,-1231.7158416745106
15m,P6_insidebo,short,F1,1,HOLD,4025,-0.4040200954812544,0.47329192546583854,-16.06125592157374,-0.5600431545384899,-1626.1808843120489
15m,P6_insidebo,short,F1,2,DISC,4759,-0.21303129889385544,0.3422988022693843,-8.275020061638973,-0.3062244419907953,-1013.8159514358581
15m,P6_insidebo,short,F1,2,VAL,3280,-0.3571648594581438,0.34573170731707314,-8.887700018606806,-0.5537773562945242,-1171.5007390227117
15m,P6_insidebo,short,F1,2,HOLD,4025,-0.3811646358176422,0.33540372670807456,-11.24086742716691,-0.5490912812442456,-1534.1876591660098
15m,P6_insidebo,short,F1,3,DISC,4759,-0.19401685865230917,0.26392099180500106,-5.741189550096206,-0.3200778793098842,-923.3262303263393
15m,P6_insidebo,short,F1,3,VAL,3280,-0.3362573937964799,0.2685975609756098,-7.038072837794286,-0.5578775854273113,-1102.9242516524541
15m,P6_insidebo,short,F1,3,HOLD,4025,-0.3755275417443716,0.2568944099378882,-9.192205365277577,-0.5375458933176936,-1511.4983555210956
15m,P6_insidebo,short,F2,1,DISC,5626,-0.3125046061412135,0.456452186277995,-19.71678809614524,-0.4420538771304594,-1758.1509141504673
15m,P6_insidebo,short,F2,1,VAL,2930,-0.4077871732075713,0.4737201365187713,-14.223760935242565,-0.5500148520153211,-1194.816417498184
15m,P6_insidebo,short,F2,1,HOLD,4172,-0.46048003301055007,0.46164908916586767,-21.064019166184256,-0.6779287273660634,-1921.122697720015
15m,P6_insidebo,short,F2,2,DISC,5626,-0.3369880582507148,0.3012797724848916,-15.30628378961437,-0.4860223713857162,-1895.8948157185216
15m,P6_insidebo,short,F2,2,VAL,2930,-0.4075587424540498,0.3290102389078498,-10.69720420653735,-0.5786322666981858,-1194.147115390366
15m,P6_insidebo,short,F2,2,HOLD,4172,-0.4767530876052761,0.313758389261745,-16.329556778421704,-0.6845189602007687,-1989.013881489212
15m,P6_insidebo,short,F2,3,DISC,5626,-0.3469130608803153,0.22662637753288303,-12.483571005244071,-0.4893056585326969,-1951.732880512654
15m,P6_insidebo,short,F2,3,VAL,2930,-0.3925628022528255,0.25563139931740614,-8.598144703607295,-0.5715417698200354,-1150.2090106007788
15m,P6_insidebo,short,F2,3,HOLD,4172,-0.4865762683411231,0.23777564717162034,-13.195429053043775,-0.6712607162890807,-2029.9961915191657
15m,P6_insidebo,short,F3,1,DISC,4778,-0.26812530802535106,0.4817915445793219,-14.618279379635212,-0.3288486593987946,-1281.1027217451274
15m,P6_insidebo,short,F3,1,VAL,3442,-0.4132012082266682,0.4770482277745497,-12.775478544175805,-0.5987534017173107,-1422.238558716192
15m,P6_insidebo,short,F3,1,HOLD,4109,-0.38872908012666413,0.48016549038695544,-15.713341038602177,-0.5200017054822348,-1597.287790240463
15m,P6_insidebo,short,F3,2,DISC,4778,-0.23541600510066144,0.3373796567601507,-9.137188304740341,-0.32456080561214645,-1124.8176723709603
15m,P6_insidebo,short,F3,2,VAL,3442,-0.40049485825694614,0.3378849506101104,-9.43037428183374,-0.6139994004794312,-1378.5033021204085
15m,P6_insidebo,short,F3,2,HOLD,4109,-0.3524672901217317,0.3426624482842541,-10.4349574925593,-0.5216450024066133,-1448.2880951101956
15m,P6_insidebo,short,F3,3,DISC,4778,-0.21671874088778958,0.2603599832565927,-6.473453118969608,-0.34418676772881296,-1035.4821439618586
15m,P6_insidebo,short,F3,3,VAL,3442,-0.38043489860585483,0.26321905868681,-7.71303802175543,-0.6077941640958332,-1309.4569210013524
15m,P6_insidebo,short,F3,3,HOLD,4109,-0.3428479928252266,0.262837673399854,-8.208161584135418,-0.511984671436304,-1408.762402518856
15m,P6_insidebo,short,F4,1,DISC,4974,-0.30794769791268134,0.46984318455971047,-17.85232550737106,-0.4119509954672781,-1531.731849417677
15m,P6_insidebo,short,F4,1,VAL,3184,-0.4310951592125136,0.48523869346733667,-13.210557058545447,-0.5996740347664157,-1372.6069869326434
15m,P6_insidebo,short,F4,1,HOLD,4243,-0.4767398798487641,0.45628093330190905,-20.73922115561387,-0.7039886025237341,-2022.8073101983061
15m,P6_insidebo,short,F4,2,DISC,4974,-0.3026453490769883,0.32046642541214315,-12.325123684784614,-0.4443036384500699,-1505.35796630894
15m,P6_insidebo,short,F4,2,VAL,3184,-0.4178667703902087,0.34673366834170855,-9.90162877575464,-0.599494813655154,-1330.4877969224244
15m,P6_insidebo,short,F4,2,HOLD,4243,-0.452998306104374,0.32406316285646947,-14.666690332747297,-0.6792566392747402,-1922.0718128008589
15m,P6_insidebo,short,F4,3,DISC,4974,-0.2968966655158306,0.2444712505026136,-9.554809770952462,-0.4803874282723145,-1476.7640142757414
15m,P6_insidebo,short,F4,3,VAL,3184,-0.4066718133825766,0.26790201005025127,-8.193191771634032,-0.6142851505953475,-1294.8430538101238
15m,P6_insidebo,short,F4,3,HOLD,4243,-0.44812764692109136,0.2486448267735093,-11.63919742641569,-0.6797046392612678,-1901.4056058861906
15m,P7_pullback,long,F0,1,DISC,33150,-0.2856205406001948,0.4890497737556561,-25.259189724538217,-0.3473213086001763,-9468.320920896458
15m,P7_pullback,long,F0,1,VAL,16977,-0.46463050024920394,0.45661777699240147,-23.357023153645777,-0.592293902293793,-7888.032002730735
15m,P7_pullback,long,F0,1,HOLD,22779,-0.42734134434248583,0.4756574037490671,-29.496590555538244,-0.5970936351444934,-9734.408482777484
15m,P7_pullback,long,F0,2,DISC,33150,-0.2682095671892426,0.33761689291101055,-15.05690277831441,-0.319682974336991,-8891.147152323392
15m,P7_pullback,long,F0,2,VAL,16977,-0.4532179239336344,0.3220239147081345,-15.854822742757275,-0.6108666649417852,-7694.280694621311
15m,P7_pullback,long,F0,2,HOLD,22779,-0.4098114665653058,0.33491373633609905,-18.457374553449558,-0.5892697187048322,-9335.095396891102
15m,P7_pullback,long,F0,3,DISC,33150,-0.2586557390555575,0.25879336349924587,-11.158726093282601,-0.30631602120385265,-8574.437749691731
15m,P7_pullback,long,F0,3,VAL,16977,-0.4257238939837886,0.25234140307474817,-12.020924034449555,-0.6159333366339006,-7227.51454816278
15m,P7_pullback,long,F0,3,HOLD,22779,-0.3891180909237606,0.2606347952061109,-13.550998682281701,-0.5840679529365564,-8863.720993152343
15m,P7_pullback,long,F1,1,DISC,23455,-0.2729987667395334,0.4913664463866979,-21.53788385208258,-0.33629689379017896,-6403.186073875755
15m,P7_pullback,long,F1,1,VAL,10426,-0.4395526508326023,0.45866103970842126,-19.196978933122075,-0.5482063259647436,-4582.775937580712
15m,P7_pullback,long,F1,1,HOLD,14918,-0.43751971231432024,0.46929883362381014,-25.988178595155805,-0.5809107705623838,-6526.919068305029
15m,P7_pullback,long,F1,2,DISC,23455,-0.2500169429355062,0.34082285227030484,-12.322345248557188,-0.29487972757472003,-5864.147396552298
15m,P7_pullback,long,F1,2,VAL,10426,-0.4130173045977867,0.32572415116056014,-12.682900446565743,-0.5455086141394941,-4306.118417736524
15m,P7_pullback,long,F1,2,HOLD,14918,-0.4175825365804773,0.33040622067301245,-15.961242428043972,-0.5670113714339459,-6229.49628070756
15m,P7_pullback,long,F1,3,DISC,23455,-0.22473249803418988,0.2651033894691963,-8.494174940545593,-0.26846599989956993,-5271.100741391923
15m,P7_pullback,long,F1,3,VAL,10426,-0.38127335049511485,0.2558987147515826,-9.303467922218504,-0.5242065492296133,-3975.1559522620673
15m,P7_pullback,long,F1,3,HOLD,14918,-0.39595555099944063,0.25713902667917954,-11.539783174734822,-0.542195923338054,-5906.864909809656
15m,P7_pullback,long,F2,1,DISC,9695,-0.3161562503373598,0.48344507478081483,-14.82074878311329,-0.3742246320485266,-3065.134847020703
15m,P7_pullback,long,F2,1,VAL,6551,-0.504542217241646,0.4533658983361319,-15.096277836234751,-0.6587061986671185,-3305.2560651500235
15m,P7_pullback,long,F2,1,HOLD,7861,-0.4080256219911533,0.4877242081160158,-16.613513841158937,-0.6329758794075097,-3207.489414472456
15m,P7_pullback,long,F2,2,DISC,9695,-0.31222277006406324,0.3298607529654461,-9.477963553675016,-0.3802113363149439,-3026.999755771093
15m,P7_pullback,long,F2,2,VAL,6551,-0.5171977220095844,0.3161349412303465,-10.998424015906522,-0.7093202113075135,-3388.162276884787
15m,P7_pullback,long,F2,2,HOLD,7861,-0.39506412876015023,0.3434677521943773,-10.515846805086639,-0.638623122708962,-3105.599116183541
15m,P7_pullback,long,F2,3,DISC,9695,-0.3407258389169477,0.24352759154203196,-8.249935321099587,-0.3986829525309147,-3303.337008299808
15m,P7_pullback,long,F2,3,VAL,6551,-0.4964675005191135,0.2466798961990536,-8.830330413780866,-0.7541080129871728,-3252.3585959007123
15m,P7_pullback,long,F2,3,HOLD,7861,-0.3761424861140681,0.26726879531866177,-7.810925424347829,-0.6769107488592694,-2956.856083342689
15m,P7_pullback,long,F3,1,DISC,20216,-0.27674630375809356,0.48901859912940243,-19.943432482571378,-0.34085442888050443,-5594.703276773619
15m,P7_pullback,long,F3,1,VAL,8308,-0.4413292885860063,0.45751083293211364,-18.14580087558527,-0.5709528958758345,-3666.56372957254
15m,P7_pullback,long,F3,1,HOLD,12408,-0.4382402015572313,0.47147001934235977,-23.0192571604594,-0.6047980293058514,-5437.684420922126
15m,P7_pullback,long,F3,2,DISC,20216,-0.25031998737004346,0.3402750296794618,-11.420399220151658,-0.2880203746182476,-5060.468864672799
15m,P7_pullback,long,F3,2,VAL,8308,-0.41310836522779637,0.3249879634087626,-11.723849739067097,-0.5659357132626415,-3432.104298312532
15m,P7_pullback,long,F3,2,HOLD,12408,-0.4127560349637341,0.3354287556415216,-14.143969065804212,-0.6082301520211564,-5121.476881830013
15m,P7_pullback,long,F3,3,DISC,20216,-0.2107601746776858,0.2682034032449545,-7.210340342170287,-0.24089797805427465,-4260.727691284096
15m,P7_pullback,long,F3,3,VAL,8308,-0.3765332869655353,0.2566201251805489,-8.374507158714167,-0.5368780755082004,-3128.238548109667
15m,P7_pullback,long,F3,3,HOLD,12408,-0.3898250605998871,0.261605415860735,-10.370065386329305,-0.5913623239790013,-4836.949351923399
15m,P7_pullback,long,F4,1,DISC,15713,-0.3135723394359093,0.48774899764526186,-19.839464686158323,-0.41558431477272856,-4927.162169556443
15m,P7_pullback,long,F4,1,VAL,8405,-0.5230502269584438,0.4449732302201071,-19.413940416933496,-0.6535380710991348,-4396.2371575857205
15m,P7_pullback,long,F4,1,HOLD,11419,-0.44187902512372434,0.47823802434538926,-22.413536564870675,-0.6060338852779666,-5045.816587887808
15m,P7_pullback,long,F4,2,DISC,15713,-0.3041145161322931,0.33475466174505186,-12.11538354283001,-0.39983068864372384,-4778.551391986722
15m,P7_pullback,long,F4,2,VAL,8405,-0.5287391766267333,0.31112433075550266,-13.993222899210975,-0.683627079272491,-4444.052779547694
15m,P7_pullback,long,F4,2,HOLD,11419,-0.4199332440421026,0.3393467028636483,-13.874472040136546,-0.586477377046271,-4795.217713716769
15m,P7_pullback,long,F4,3,DISC,15713,-0.3264521680058824,0.24871125819385223,-10.115279598590424,-0.4268880380477594,-5129.54291587643
15m,P7_pullback,long,F4,3,VAL,8405,-0.4889979833674904,0.24759071980963712,-10.61386164887719,-0.6851025094634379,-4110.028050203757
15m,P7_pullback,long,F4,3,HOLD,11419,-0.3935780322841079,0.26534722830370433,-9.958396909754397,-0.5652859058307113,-4494.267550652228
15m,P7_pullback,short,F0,1,DISC,28821,-0.25610111746773123,0.49318205475174354,-20.442666431323133,-0.30553866583941436,-7381.090306537482
15m,P7_pullback,short,F0,1,VAL,17527,-0.41585157180827825,0.47298453814115365,-21.349693757206236,-0.5709482715533643,-7288.6304990836925
15m,P7_pullback,short,F0,1,HOLD,21511,-0.3855574504458631,0.48398493793872904,-23.78760044876662,-0.5550763703953142,-8293.72631654096
15m,P7_pullback,short,F0,2,DISC,28821,-0.23622458659513657,0.34103605010235594,-11.717270641813975,-0.3151338793627276,-6808.228810258431
15m,P7_pullback,short,F0,2,VAL,17527,-0.38788959269987267,0.33719404347578025,-13.131895320159492,-0.5612725302804803,-6798.540891250668
15m,P7_pullback,short,F0,2,HOLD,21511,-0.35194299914220967,0.3441030170610385,-14.087749431574013,-0.5507857617094574,-7570.645854548072
15m,P7_pullback,short,F0,3,DISC,28821,-0.21311405362349115,0.2643211547135769,-8.113652255083174,-0.29915027624371227,-6142.160139482638
15m,P7_pullback,short,F0,3,VAL,17527,-0.3671066082649898,0.2624522165801335,-9.718336968183868,-0.5561005830143976,-6434.277523060477
15m,P7_pullback,short,F0,3,HOLD,21511,-0.347165561666436,0.2630747059643903,-10.888708037050295,-0.5541291134938887,-7467.878397006704
15m,P7_pullback,short,F1,1,DISC,17378,-0.2359175641772657,0.502301760847048,-14.760224093187404,-0.2786490295908943,-4099.775430272523
15m,P7_pullback,short,F1,1,VAL,11940,-0.4033136127637518,0.4754606365159129,-16.8643388595382,-0.5355151367005488,-4815.564536399197
15m,P7_pullback,short,F1,1,HOLD,13796,-0.3664225321359201,0.4836184401275732,-18.087990033697917,-0.5114308557058784,-5055.165253347153
15m,P7_pullback,short,F1,2,DISC,17378,-0.2024852718436439,0.35176660145010935,-7.9062093206638755,-0.24830570372852764,-3518.7890540988437
15m,P7_pullback,short,F1,2,VAL,11940,-0.371831205327466,0.3407035175879397,-10.303813173193165,-0.5114524104301488,-4439.664591609944
15m,P7_pullback,short,F1,2,HOLD,13796,-0.3278980486755992,0.34495505943751814,-10.700342802597701,-0.503714792262426,-4523.681479528566
15m,P7_pullback,short,F1,3,DISC,17378,-0.16950572043448295,0.27448498101047303,-5.087606908964897,-0.22908177060099225,-2945.670409710445
15m,P7_pullback,short,F1,3,VAL,11940,-0.3577696172545445,0.26373534338358456,-7.6843606969084455,-0.49941520240591425,-4271.769230019261
15m,P7_pullback,short,F1,3,HOLD,13796,-0.3158381818511779,0.2649318643084952,-8.129053431115715,-0.49018186136481473,-4357.303556818851
15m,P7_pullback,short,F2,1,DISC,11443,-0.2867530259778869,0.4793323429170672,-16.119634447984854,-0.34805543571523495,-3281.31487626496
15m,P7_pullback,short,F2,1,VAL,5587,-0.44264649412645346,0.46769285842133523,-14.604318050680902,-0.645005894115013,-2473.0659626844954
15m,P7_pullback,short,F2,1,HOLD,7715,-0.4197746031359441,0.4846403110823072,-17.223569324845382,-0.6249225360503989,-3238.561063193809
15m,P7_pullback,short,F2,2,DISC,11443,-0.2874630565550631,0.3247400157301407,-10.040245296103494,-0.4207997998088096,-3289.439756159587
15m,P7_pullback,short,F2,2,VAL,5587,-0.42220803644902866,0.329693932342939,-9.191963649073864,-0.6653999140747141,-2358.876299640723
15m,P7_pullback,short,F2,2,HOLD,7715,-0.3949402948826319,0.3425793907971484,-10.429450284696932,-0.6261137021160937,-3046.964375019505
15m,P7_pullback,short,F2,3,DISC,11443,-0.27934018437229696,0.248885781700603,-7.518391856773008,-0.40993967117716484,-3196.489729772194
15m,P7_pullback,short,F2,3,VAL,5587,-0.3870607290211591,0.2597100411669948,-6.789688738583592,-0.6745768211261066,-2162.508293041216
15m,P7_pullback,short,F2,3,HOLD,7715,-0.403185332493565,0.25975372650680495,-8.329075707732867,-0.6564642651624261,-3110.5748401878536
15m,P7_pullback,short,F3,1,DISC,14372,-0.25499506686634915,0.4977734483718341,-14.426544842069482,-0.2990938411582201,-3664.78910100317
15m,P7_pullback,short,F3,1,VAL,10521,-0.4149169749656128,0.47067769223457845,-16.19402269970977,-0.5655584465533341,-4365.341493613212
15m,P7_pullback,short,F3,1,HOLD,11714,-0.349000049988297,0.4892436400887826,-15.925124759479372,-0.49493052435208496,-4088.1865855629108
15m,P7_pullback,short,F3,2,DISC,14372,-0.2323030747775562,0.34539382131923185,-8.271222704763947,-0.28469128031981134,-3338.6597907030377
15m,P7_pullback,short,F3,2,VAL,10521,-0.3777323675448425,0.3400817412793461,-9.728420376795953,-0.5258076836151707,-3974.122238939288
15m,P7_pullback,short,F3,2,HOLD,11714,-0.3135069020461606,0.34753286665528427,-9.612022762553549,-0.49339462387259464,-3672.4198505687255
15m,P7_pullback,short,F3,3,DISC,14372,-0.19844722084744795,0.26983022543835233,-5.431159502797273,-0.24453711290461422,-2852.083458019522
15m,P7_pullback,short,F3,3,VAL,10521,-0.35245812468162263,0.2659443018724456,-7.046393100511127,-0.4840471592076545,-3708.2119297753516
15m,P7_pullback,short,F3,3,HOLD,11714,-0.2988935228116231,0.2675431108075807,-7.363380709389358,-0.4690065336040322,-3501.2387262153534
15m,P7_pullback,short,F4,1,DISC,14803,-0.24988831101726955,0.5034790245220564,-15.502180701401173,-0.3075019994909908,-3699.096667988641
15m,P7_pullback,short,F4,1,VAL,9094,-0.45853804971413525,0.470969870244117,-17.087126092765818,-0.6053957216321979,-4169.945024100346
15m,P7_pullback,short,F4,1,HOLD,11086,-0.398308465742289,0.48574779000541224,-18.820076264870217,-0.5913727228147595,-4415.647651219016
15m,P7_pullback,short,F4,2,DISC,14803,-0.20647987835909248,0.355873809362967,-7.852215780839583,-0.2943490434864227,-3056.521639349646
15m,P7_pullback,short,F4,2,VAL,9094,-0.4320800136184317,0.3373652957994282,-10.579433190779909,-0.5940641774344204,-3929.335643846018
15m,P7_pullback,short,F4,2,HOLD,11086,-0.37098428815533135,0.3440375248060617,-11.388791526289548,-0.6000689074737247,-4112.731818490003
15m,P7_pullback,short,F4,3,DISC,14803,-0.18086138795451218,0.2761602377896372,-5.216252056150484,-0.28626373207011363,-2677.291125890644
15m,P7_pullback,short,F4,3,VAL,9094,-0.39866821774209754,0.2654497470859908,-7.687367197595235,-0.5792926519554551,-3625.488772146635
15m,P7_pullback,short,F4,3,HOLD,11086,-0.3726901371978745,0.26186180768536893,-8.825867607378191,-0.6194817486888012,-4131.642860975637
15m,P8_capit,long,F0,1,DISC,1054,-0.2844298138514626,0.4696394686907021,-7.744761973936025,-0.3196571566744117,-299.78902379944157
15m,P8_capit,long,F0,1,VAL,674,-0.5060969188813601,0.4317507418397626,-10.12742779981099,-0.6151700045901417,-341.1093233260367
15m,P8_capit,long,F0,1,HOLD,742,-0.428666967887239,0.4420485175202156,-9.214342410750273,-0.5023932882310937,-318.07089017233136
15m,P8_capit,long,F0,2,DISC,1054,-0.3208085025830646,0.3064516129032258,-6.343543998527714,-0.3874667899968954,-338.1321617225501
15m,P8_capit,long,F0,2,VAL,674,-0.4828914144708852,0.30712166172106825,-7.083275558193409,-0.6298462033588541,-325.4688133533766
15m,P8_capit,long,F0,2,HOLD,742,-0.4110682212948735,0.3113207547169811,-6.559943092194245,-0.5248452590668627,-305.01262020079616
15m,P8_capit,long,F0,3,DISC,1054,-0.30218539221598634,0.23908918406072105,-4.898807284953644,-0.3598583556651746,-318.5034033956496
15m,P8_capit,long,F0,3,VAL,674,-0.5275245265465606,0.22551928783382788,-6.94813174547543,-0.6732165415455141,-355.55153089238183
15m,P8_capit,long,F0,3,HOLD,742,-0.3979343625439144,0.24258760107816713,-5.499096512028409,-0.4948077223019598,-295.2672970075845
15m,P8_capit,long,F1,1,DISC,530,-0.24616079448919015,0.4849056603773585,-4.90110907410004,-0.2923296298433403,-130.46522107927078
15m,P8_capit,long,F1,1,VAL,254,-0.5023019082817539,0.43700787401574803,-6.368029122334059,-0.5495596471386233,-127.5846847035655
15m,P8_capit,long,F1,1,HOLD,318,-0.42869150906740267,0.449685534591195,-6.027032966847818,-0.5123805835314577,-136.32389988343405
15m,P8_capit,long,F1,2,DISC,530,-0.259108262814138,0.32452830188679244,-3.651308412338016,-0.3025006042154865,-137.32737929149314
15m,P8_capit,long,F1,2,VAL,254,-0.5217419419273812,0.2952755905511811,-4.623971018651216,-0.6631722888102557,-132.52245324955481
15m,P8_capit,long,F1,2,HOLD,318,-0.45091209774581575,0.3050314465408805,-4.93401434421208,-0.5900714694484981,-143.3900470831694
15m,P8_capit,long,F1,3,DISC,530,-0.29203742380684283,0.23962264150943396,-3.4694637028361397,-0.4465038547605874,-154.7798346176267
15m,P8_capit,long,F1,3,VAL,254,-0.5400416702803611,0.2204724409448819,-4.418026120498072,-0.8208690352611532,-137.17058425121172
15m,P8_capit,long,F1,3,HOLD,318,-0.4494000672894762,0.2358490566037736,-4.275205894808522,-0.548724854441082,-142.90922139805343
15m,P8_capit,long,F2,1,DISC,524,-0.32313702809192907,0.4541984732824427,-6.36710131986745,-0.3888314219621243,-169.32380272017082
15m,P8_capit,long,F2,1,VAL,420,-0.5083919967201695,0.42857142857142855,-8.153496690099654,-0.6753970009305305,-213.52463862247123
15m,P8_capit,long,F2,1,HOLD,424,-0.4286485620021163,0.4363207547169811,-7.302951556520449,-0.4939257987373069,-181.7469902888973
15m,P8_capit,long,F2,2,DISC,524,-0.3832152336470551,0.2881679389312977,-5.557269219951438,-0.4757537544409486,-200.80478243105688
15m,P8_capit,long,F2,2,VAL,420,-0.45939609548529003,0.3142857142857143,-5.6046852003633845,-0.6082661972058973,-192.9463601038218
15m,P8_capit,long,F2,2,HOLD,424,-0.3811853139566669,0.3160377358490566,-4.699827602315902,-0.4695447763519979,-161.62257311762676
15m,P8_capit,long,F2,3,DISC,524,-0.31244955873668495,0.2385496183206107,-3.6290156621142287,-0.43320488127580914,-163.72356877802292
15m,P8_capit,long,F2,3,VAL,420,-0.5199546348599289,0.22857142857142856,-5.510329249154252,-0.5776055005329283,-218.3809466411701
15m,P8_capit,long,F2,3,HOLD,424,-0.3593350839847431,0.24764150943396226,-3.7667956778098275,-0.44909537114053016,-152.35807560953108
15m,P8_capit,long,F3,1,DISC,584,-0.22923519760249636,0.4897260273972603,-4.654738162221765,-0.2587337421420432,-133.87335539985787
15m,P8_capit,long,F3,1,VAL,295,-0.4611859470170946,0.45084745762711864,-6.210078224703087,-0.5523507038208095,-136.0498543700429
15m,P8_capit,long,F3,1,HOLD,360,-0.4170619178929687,0.45,-6.3681630058718195,-0.4910982470206958,-150.14229044146873
15m,P8_capit,long,F3,2,DISC,584,-0.2341052094851029,0.3304794520547945,-3.411488382623273,-0.30134235768145984,-136.7174423393001
15m,P8_capit,long,F3,2,VAL,295,-0.4431632858989541,0.3152542372881356,-4.177168980822083,-0.5881141064414049,-130.73316934019147
15m,P8_capit,long,F3,2,HOLD,360,-0.4322042026707434,0.30833333333333335,-4.99479474559334,-0.5710129015484957,-155.5935129614676
15m,P8_capit,long,F3,3,DISC,584,-0.2820224488793728,0.24143835616438356,-3.462703985117545,-0.3836551189675036,-164.7011101455537
15m,P8_capit,long,F3,3,VAL,295,-0.5265102641012452,0.22033898305084745,-4.639116834864477,-0.7735979528980655,-155.32052790986734
15m,P8_capit,long,F3,3,HOLD,360,-0.406323951631674,0.24444444444444444,-3.9990758415988443,-0.5670669338256606,-146.27662258740264
15m,P8_capit,long,F4,1,DISC,486,-0.24922240352609476,0.49794238683127573,-4.712490288447276,-0.28263948909809866,-121.12208811368205
15m,P8_capit,long,F4,1,VAL,384,-0.5305552816150071,0.4270833333333333,-8.243741534463526,-0.7382990421521715,-203.73322814016274
15m,P8_capit,long,F4,1,HOLD,387,-0.48002056957257627,0.42118863049095606,-7.913636690779678,-0.5847017877178396,-185.76796042458702
15m,P8_capit,long,F4,2,DISC,486,-0.2495275322673838,0.3374485596707819,-3.4546482011961746,-0.29841405193368165,-121.27038068194852
15m,P8_capit,long,F4,2,VAL,384,-0.5124413622435195,0.3020833333333333,-6.107471961845711,-0.726718313362661,-196.7774831015115
15m,P8_capit,long,F4,2,HOLD,387,-0.4194416162743291,0.31266149870801035,-5.048848976640702,-0.5558001617418662,-162.32390549816535
15m,P8_capit,long,F4,3,DISC,486,-0.21136692121839717,0.2674897119341564,-2.3390594517859156,-0.31007117628852837,-102.72432371214103
15m,P8_capit,long,F4,3,VAL,384,-0.5616493270608004,0.22135416666666666,-5.699064890817849,-0.7181031141357237,-215.67334159134737
15m,P8_capit,long,F4,3,HOLD,387,-0.428294348181754,0.24031007751937986,-4.415085534865537,-0.5593812996662058,-165.7499127463388
15m,P8_capit,short,F0,1,DISC,683,-0.3743542618793809,0.4377745241581259,-8.311266096229021,-0.48752749982760074,-255.68396086361716
15m,P8_capit,short,F0,1,VAL,592,-0.46763928441093217,0.44763513513513514,-9.915740190772402,-0.5206446596437181,-276.84245637127185
15m,P8_capit,short,F0,1,HOLD,619,-0.39998930727074433,0.47334410339256866,-7.583204710388655,-0.48669957681240994,-247.59338120059076
15m,P8_capit,short,F0,2,DISC,683,-0.340570605893616,0.3074670571010249,-5.498603976458547,-0.42535576845462214,-232.6097238253397
15m,P8_capit,short,F0,2,VAL,592,-0.41111873598666415,0.3277027027027027,-6.361632164447437,-0.45053245527905245,-243.38229170410517
15m,P8_capit,short,F0,2,HOLD,619,-0.4058797312136367,0.3247172859450727,-5.699510635277404,-0.525033165409563,-251.2395536212411
15m,P8_capit,short,F0,3,DISC,683,-0.3180099419426005,0.23865300146412885,-4.273871301944129,-0.38500143829711947,-217.20079034679614
15m,P8_capit,short,F0,3,VAL,592,-0.37163088732491906,0.26013513513513514,-4.651194540236492,-0.4324394388165652,-220.00548529635208
15m,P8_capit,short,F0,3,HOLD,619,-0.45493004134282566,0.2358642972536349,-5.15573930028257,-0.5871736142466538,-281.6016955912091
15m,P8_capit,short,F1,1,DISC,243,-0.3698963575736985,0.448559670781893,-4.957583267362262,-0.40691476674269994,-89.88481489040873
15m,P8_capit,short,F1,1,VAL,260,-0.5391423820099236,0.4269230769230769,-7.397756333342867,-0.6077991357012755,-140.17701932258012
15m,P8_capit,short,F1,1,HOLD,246,-0.2576525785376362,0.5284552845528455,-3.3008842994309147,-0.28418188319621007,-63.38253432025849
15m,P8_capit,short,F1,2,DISC,243,-0.36936078542196205,0.3045267489711934,-3.6801890213340496,-0.4248596622549627,-89.75467085753678
15m,P8_capit,short,F1,2,VAL,260,-0.4432073060071321,0.3269230769230769,-4.666970451957419,-0.5021856316294446,-115.23389956185434
15m,P8_capit,short,F1,2,HOLD,246,-0.2733707292373878,0.35772357723577236,-2.458737229965601,-0.45220702355631925,-67.2491993923974
15m,P8_capit,short,F1,3,DISC,243,-0.39452605732810764,0.22633744855967078,-3.2877524058935212,-0.5048987336355331,-95.86983193073016
15m,P8_capit,short,F1,3,VAL,260,-0.46374165466126765,0.24615384615384617,-4.134569486152367,-0.530306825396234,-120.57283021192958
15m,P8_capit,short,F1,3,HOLD,246,-0.32165630355839175,0.2601626016260163,-2.3767320330255406,-0.5027746737544229,-79.12745067536437
15m,P8_capit,short,F2,1,DISC,440,-0.376816240848201,0.4318181818181818,-6.788711888160895,-0.5263719774280969,-165.79914597320843
15m,P8_capit,short,F2,1,VAL,332,-0.4116428826767824,0.463855421686747,-6.563487537783351,-0.49609077438684607,-136.66543704869176
15m,P8_capit,short,F2,1,HOLD,373,-0.4938628602689873,0.43699731903485256,-7.551363696383593,-0.5895405931018864,-184.21084688033227
15m,P8_capit,short,F2,2,DISC,440,-0.32467057492682483,0.3090909090909091,-4.200974242011832,-0.49362404355365735,-142.85505296780292
15m,P8_capit,short,F2,2,VAL,332,-0.385989132958587,0.32831325301204817,-4.4322461246536315,-0.41655010241695234,-128.14839214225088
15m,P8_capit,short,F2,2,HOLD,373,-0.49327172715507694,0.30294906166219837,-5.578992533595201,-0.5620151905694134,-183.9903542288437
15m,P8_capit,short,F2,3,DISC,440,-0.27575217821833176,0.24545454545454545,-2.9172968034895947,-0.4106428033193604,-121.33095841606597
15m,P8_capit,short,F2,3,VAL,332,-0.2994959490494653,0.2710843373493976,-2.6945859850605,-0.41049219479016547,-99.43265508442248
15m,P8_capit,short,F2,3,HOLD,373,-0.5428263938762592,0.21983914209115282,-4.902966258983651,-0.6300324512153648,-202.47424491584468
15m,P8_capit,short,F3,1,DISC,326,-0.2893112190325339,0.48466257668711654,-4.377807951415559,-0.38109000715436697,-94.31545740460605
15m,P8_capit,short,F3,1,VAL,300,-0.47646822484014745,0.45666666666666667,-7.090745210476025,-0.5641470244456626,-142.94046745204423
15m,P8_capit,short,F3,1,HOLD,311,-0.2718970988583773,0.5241157556270096,-3.764165786315837,-0.3917088400508941,-84.55999774495535
15m,P8_capit,short,F3,2,DISC,326,-0.2511739869208476,0.34049079754601225,-2.804402951124005,-0.30306342393108204,-81.88271973619631
15m,P8_capit,short,F3,2,VAL,300,-0.4302882346598572,0.3333333333333333,-4.937050594602573,-0.4689310998645107,-129.08647039795716
15m,P8_capit,short,F3,2,HOLD,311,-0.3044497429095115,0.34726688102893893,-3.025127054089632,-0.6125617222960497,-94.68387004485807
15m,P8_capit,short,F3,3,DISC,326,-0.2571824985793499,0.25766871165644173,-2.36570741479173,-0.2694315270193575,-83.84149453686805
15m,P8_capit,short,F3,3,VAL,300,-0.4542537892986894,0.25,-4.3473094591417665,-0.48930578623303417,-136.27613678960682
15m,P8_capit,short,F3,3,HOLD,311,-0.38381631037754455,0.24437299035369775,-3.085979772377015,-0.6627685435157078,-119.36687252741635
15m,P8_capit,short,F4,1,DISC,352,-0.39530441915231934,0.4346590909090909,-6.455470815640876,-0.5319383730950328,-139.1471555416164
15m,P8_capit,short,F4,1,VAL,317,-0.48264999702460787,0.45425867507886436,-7.643440436655265,-0.5524314900971888,-153.0000490568007
15m,P8_capit,short,F4,1,HOLD,336,-0.4294835785168183,0.4642857142857143,-6.413649730224953,-0.5606721892136266,-144.30648238165094
15m,P8_capit,short,F4,2,DISC,352,-0.41070248361087863,0.2897727272727273,-5.153768854662734,-0.5587261528692754,-144.56727423102927
15m,P8_capit,short,F4,2,VAL,317,-0.41645828722570005,0.33753943217665616,-4.733379873155869,-0.5091300318750683,-132.0172770505469
15m,P8_capit,short,F4,2,HOLD,336,-0.4010202201728519,0.3333333333333333,-4.315274257611214,-0.5550915474118888,-134.74279397807823
15m,P8_capit,short,F4,3,DISC,352,-0.3544150823355025,0.23295454545454544,-3.574123391253192,-0.5004271877615204,-124.75410898209688
15m,P8_capit,short,F4,3,VAL,317,-0.42736024895799307,0.2555205047318612,-4.104730057295941,-0.47677072006668336,-135.4731989196838
15m,P8_capit,short,F4,3,HOLD,336,-0.5458705281311124,0.22023809523809523,-4.8845616970971095,-0.6801874184708793,-183.41249745205374
15m,P9_exhaust,long,F0,1,DISC,7256,-0.23469569066470974,0.480981256890849,-15.21989027278357,-0.31974449878477146,-1702.9519314631339
15m,P9_exhaust,long,F0,1,VAL,4572,-0.4097371698312518,0.46609798775153105,-13.084636679892624,-0.557688495276482,-1873.3183404684833
15m,P9_exhaust,long,F0,1,HOLD,7106,-0.41289147381993135,0.46636645088657475,-22.223750052045887,-0.5646607555167342,-2934.0068129644324
15m,P9_exhaust,long,F0,2,DISC,7256,-0.2804608903914939,0.3103638368246968,-13.23885146749656,-0.3874719312938435,-2035.0242206806797
15m,P9_exhaust,long,F0,2,VAL,4572,-0.4599437913601094,0.3088363954505687,-11.703862996138005,-0.5914597930814012,-2102.86301409842
15m,P9_exhaust,long,F0,2,HOLD,7106,-0.4478564346113752,0.3108640585420771,-17.9573814416701,-0.5680700181353111,-3182.4678243484323
15m,P9_exhaust,long,F0,3,DISC,7256,-0.2852976537826742,0.23387541345093715,-11.215356476930419,-0.40538996361844887,-2070.119775847084
15m,P9_exhaust,long,F0,3,VAL,4572,-0.4422481689806328,0.24059492563429571,-9.834209395985416,-0.5724527976803593,-2021.958628579453
15m,P9_exhaust,long,F0,3,HOLD,7106,-0.4670490916784667,0.23318322544328737,-15.52278928183919,-0.6082519630455719,-3318.850845467184
15m,P9_exhaust,long,F1,1,DISC,3574,-0.21104936845714722,0.49580302182428654,-9.968366559551557,-0.31480122347294887,-754.2904428658442
15m,P9_exhaust,long,F1,1,VAL,2059,-0.46353456228136863,0.44779018941233606,-9.370811187206566,-0.6109146148907957,-954.417663737338
15m,P9_exhaust,long,F1,1,HOLD,3381,-0.4351417892079042,0.4652469683525584,-17.621135586508228,-0.6125368397268789,-1471.2143893119242
15m,P9_exhaust,long,F1,2,DISC,3574,-0.26713665786315655,0.31729155008393956,-9.04944754934249,-0.38247331978706633,-954.7464152029215
15m,P9_exhaust,long,F1,2,VAL,2059,-0.5111705434927386,0.2972316658572122,-8.101970458601032,-0.6421672765535095,-1052.5001490515488
15m,P9_exhaust,long,F1,2,HOLD,3381,-0.4981989013076378,0.30139012126589765,-14.85061755339622,-0.6141436834187387,-1684.4104853211234
15m,P9_exhaust,long,F1,3,DISC,3574,-0.2968923150448125,0.23307218802462226,-8.324955409173874,-0.4267862338693328,-1061.09313397016
15m,P9_exhaust,long,F1,3,VAL,2059,-0.4991282788424688,0.23166585721223895,-7.192149071934597,-0.6112129645030053,-1027.7051261366432
15m,P9_exhaust,long,F1,3,HOLD,3381,-0.5438127202848421,0.2194616977225673,-13.583834702159926,-0.676083426627104,-1838.630807283051
15m,P9_exhaust,long,F2,1,DISC,3682,-0.2576484216722677,0.4665942422596415,-12.33575565659698,-0.32439228998864394,-948.6614885972897
15m,P9_exhaust,long,F2,1,VAL,2513,-0.365658844700018,0.4810982888977318,-10.68934998924698,-0.5094687928536136,-918.9006767311453
15m,P9_exhaust,long,F2,1,HOLD,3725,-0.39269595265839147,0.46738255033557047,-15.176248367106778,-0.518677006650864,-1462.7924236525082
15m,P9_exhaust,long,F2,2,DISC,3682,-0.2933942980656596,0.30363932645301467,-10.034370426073947,-0.39217175097356305,-1080.2778054777586
15m,P9_exhaust,long,F2,2,VAL,2513,-0.41797169321403566,0.31834460803820136,-9.766049996666975,-0.588233575908593,-1050.3628650468715
15m,P9_exhaust,long,F2,2,HOLD,3725,-0.4021630440341769,0.3194630872483222,-11.665127055857843,-0.5238174463413472,-1498.057339027309
15m,P9_exhaust,long,F2,3,DISC,3682,-0.27404308578949604,0.23465507876154265,-7.809034343689329,-0.3852726546694814,-1009.0266418769244
15m,P9_exhaust,long,F2,3,VAL,2513,-0.3956440519072065,0.2479108635097493,-7.619112355090754,-0.5468124941076272,-994.2535024428099
15m,P9_exhaust,long,F2,3,HOLD,3725,-0.3973745068950694,0.24563758389261744,-9.37680938790843,-0.5431015849810964,-1480.2200381841335
15m,P9_exhaust,long,F3,1,DISC,3802,-0.22097872787892217,0.48763808521830615,-10.965782723782283,-0.32325592090166927,-840.1611233956621
15m,P9_exhaust,long,F3,1,VAL,1956,-0.36486101311165936,0.4759713701431493,-10.792937714313963,-0.5222006106058388,-713.6681416464057
15m,P9_exhaust,long,F3,1,HOLD,3447,-0.44636184463132533,0.4618508848273861,-17.911493542542253,-0.625859358948133,-1538.6092784441785
15m,P9_exhaust,long,F3,2,DISC,3802,-0.26998269548442727,0.31378221988427146,-9.826447731337947,-0.39173009951316595,-1026.4742082317925
15m,P9_exhaust,long,F3,2,VAL,1956,-0.4065311916406692,0.3128834355828221,-9.440847575900703,-0.533650455010002,-795.175010849149
15m,P9_exhaust,long,F3,2,HOLD,3447,-0.502470109397965,0.30229184798375397,-15.01041083136764,-0.6437854918994815,-1732.0144670947852
15m,P9_exhaust,long,F3,3,DISC,3802,-0.29114381578638987,0.2325092056812204,-8.796822605212624,-0.4234294276291224,-1106.9287876198543
15m,P9_exhaust,long,F3,3,VAL,1956,-0.40774462924142674,0.23977505112474437,-7.497919554825674,-0.5743158530489064,-797.5484947962307
15m,P9_exhaust,long,F3,3,HOLD,3447,-0.5336030644162305,0.22367275892080069,-13.351247759591141,-0.6885619933495017,-1839.3297630427467
15m,P9_exhaust,long,F4,1,DISC,3601,-0.2549500630757715,0.47875590113857264,-11.892381984606418,-0.36768838866941667,-918.0751771358531
15m,P9_exhaust,long,F4,1,VAL,2419,-0.5422537592658618,0.43282348077718064,-11.020970240838585,-0.7242520900819053,-1311.71184366412
15m,P9_exhaust,long,F4,1,HOLD,3649,-0.4335889858785221,0.4620443957248561,-18.067819055564286,-0.5907626177039739,-1582.1662094707272
15m,P9_exhaust,long,F4,2,DISC,3601,-0.3095638054049956,0.3065815051374618,-10.83541698630585,-0.44544398065363516,-1114.7392632633891
15m,P9_exhaust,long,F4,2,VAL,2419,-0.6405223522890998,0.27573377428689544,-10.799061298014175,-0.826153533728073,-1549.4235701873324
15m,P9_exhaust,long,F4,2,HOLD,3649,-0.44477624172503644,0.31625102767881613,-14.025229640346131,-0.5729896721828802,-1622.988506054658
15m,P9_exhaust,long,F4,3,DISC,3601,-0.320480454417021,0.22938072757567343,-9.417659293329132,-0.4521827156298529,-1154.0501163556926
15m,P9_exhaust,long,F4,3,VAL,2419,-0.6287796531320269,0.21537825547747003,-9.75330325645592,-0.8096497722249807,-1521.017980926373
15m,P9_exhaust,long,F4,3,HOLD,3649,-0.4555112850722827,0.2400657714442313,-11.667737595578705,-0.6047107244720168,-1662.1606792287596
15m,P9_exhaust,short,F0,1,DISC,7536,-0.24935092335095094,0.48062632696390656,-17.099262480467388,-0.3194732443466383,-1879.1085583727663
15m,P9_exhaust,short,F0,1,VAL,4551,-0.4769233028775688,0.43902439024390244,-17.29089820080157,-0.6421600963797767,-2170.4779513958156
15m,P9_exhaust,short,F0,1,HOLD,6944,-0.40901196331406775,0.4763824884792627,-20.6104674659685,-0.5627427394451068,-2840.1790732528866
15m,P9_exhaust,short,F0,2,DISC,7536,-0.28092412264779837,0.3151539278131635,-13.502231190518971,-0.386364121711963,-2117.0441882738087
15m,P9_exhaust,short,F0,2,VAL,4551,-0.4875691688608655,0.3043287189628653,-14.463283825542176,-0.6580348676014351,-2218.927287485799
15m,P9_exhaust,short,F0,2,HOLD,6944,-0.40784942968334353,0.33064516129032256,-15.306563094120213,-0.5736788143864456,-2832.1064397211376
15m,P9_exhaust,short,F0,3,DISC,7536,-0.3039302521489047,0.23367834394904458,-12.050699203765925,-0.43482595835507876,-2290.418380194146
15m,P9_exhaust,short,F0,3,VAL,4551,-0.48803638711865915,0.23313557459898923,-12.32877098742739,-0.6419898501732835,-2221.053597777018
15m,P9_exhaust,short,F0,3,HOLD,6944,-0.41481124883346343,0.25172811059907835,-13.069611163432352,-0.5917454861291084,-2880.44931189957
15m,P9_exhaust,short,F1,1,DISC,2872,-0.23865776015580784,0.483983286908078,-9.785446205615703,-0.2890073774782599,-685.4250871674801
15m,P9_exhaust,short,F1,1,VAL,2128,-0.5291859158450414,0.4191729323308271,-14.916596798397295,-0.6555322927127736,-1126.107628918248
15m,P9_exhaust,short,F1,1,HOLD,3024,-0.3996391697695071,0.4755291005291005,-13.500706779995337,-0.5895176144603426,-1208.5088493829894
15m,P9_exhaust,short,F1,2,DISC,2872,-0.26640561442151883,0.318941504178273,-7.756878738554788,-0.3271126375131928,-765.1169246186021
15m,P9_exhaust,short,F1,2,VAL,2128,-0.5555601873485086,0.2899436090225564,-12.983802924863571,-0.6679187286297253,-1182.2320786776263
15m,P9_exhaust,short,F1,2,HOLD,3024,-0.4093218296520513,0.3253968253968254,-10.594332819025693,-0.5971940397239679,-1237.7892128678031
15m,P9_exhaust,short,F1,3,DISC,2872,-0.3082777874602587,0.23224233983286907,-7.3850747504028185,-0.3764711460431878,-885.373805585863
15m,P9_exhaust,short,F1,3,VAL,2128,-0.5754834659487518,0.21851503759398497,-11.588084135339388,-0.687457580414442,-1224.6288155389439
15m,P9_exhaust,short,F1,3,HOLD,3024,-0.3982812761830013,0.2526455026455027,-8.75672298676465,-0.5928079869026855,-1204.4025791773959
15m,P9_exhaust,short,F2,1,DISC,4664,-0.2559355641520768,0.47855917667238423,-14.5450776878251,-0.3381338103770654,-1193.6834712052862
15m,P9_exhaust,short,F2,1,VAL,2423,-0.4310236576465403,0.4564589352042922,-11.375747194585921,-0.6305892517372684,-1044.3703224775672
15m,P9_exhaust,short,F2,1,HOLD,3920,-0.41624240404844315,0.4770408163265306,-16.83377610514705,-0.5436256614478805,-1631.6702238698972
15m,P9_exhaust,short,F2,2,DISC,4664,-0.2898643361181833,0.31282161234991424,-11.439487652396634,-0.42265608865545296,-1351.9272636552068
15m,P9_exhaust,short,F2,2,VAL,2423,-0.4278560498589239,0.3169624432521667,-8.94879950317911,-0.64948244901749,-1036.6952088081725
15m,P9_exhaust,short,F2,2,HOLD,3920,-0.40671357827891186,0.3346938775510204,-11.87425795530172,-0.5568891040089383,-1594.3172268533344
15m,P9_exhaust,short,F2,3,DISC,4664,-0.3012531249160126,0.23456260720411665,-9.958841823328013,-0.47056870721706684,-1405.0445746082828
15m,P9_exhaust,short,F2,3,VAL,2423,-0.4112359811135264,0.24597606273215022,-7.271077184728566,-0.6026470204864556,-996.4247822380744
15m,P9_exhaust,short,F2,3,HOLD,3920,-0.4275629420209628,0.2510204081632653,-10.484439775776702,-0.5909868678293394,-1676.046732722174
15m,P9_exhaust,short,F3,1,DISC,3086,-0.24956745147316067,0.4818535320803629,-10.384196244457762,-0.287366566046695,-770.1651552461739
15m,P9_exhaust,short,F3,1,VAL,2420,-0.546144513688503,0.41487603305785126,-13.221301641482235,-0.7057900826983489,-1321.6697231261774
15m,P9_exhaust,short,F3,1,HOLD,3240,-0.3740216348747984,0.4842592592592593,-13.516052817972101,-0.5435882828490549,-1211.8300969943468
15m,P9_exhaust,short,F3,2,DISC,3086,-0.25611217013789245,0.3243681140635126,-7.650788143516667,-0.31459335853461157,-790.362157045536
15m,P9_exhaust,short,F3,2,VAL,2420,-0.5762783810329081,0.2847107438016529,-12.577992595236582,-0.7391607222329385,-1394.5936820996376
15m,P9_exhaust,short,F3,2,HOLD,3240,-0.3750245204522459,0.333641975308642,-9.912381740268852,-0.577638057439518,-1215.0794462652766
15m,P9_exhaust,short,F3,3,DISC,3086,-0.30587997638819997,0.23493195074530135,-7.5667503862926315,-0.38525084127460396,-943.945607133985
15m,P9_exhaust,short,F3,3,VAL,2420,-0.6035541949771835,0.2128099173553719,-11.652455758581592,-0.7797328981814455,-1460.6011518447842
15m,P9_exhaust,short,F3,3,HOLD,3240,-0.36159986587246096,0.25925925925925924,-7.912454811473479,-0.5920008255927788,-1171.5835654267735
15m,P9_exhaust,short,F4,1,DISC,3522,-0.23158990261490783,0.49687677455990914,-10.496180882781792,-0.3409426068902505,-815.6596370097054
15m,P9_exhaust,short,F4,1,VAL,2352,-0.5509356678094361,0.4226190476190476,-13.174079108858662,-0.7546423894739769,-1295.8006906877938
15m,P9_exhaust,short,F4,1,HOLD,3586,-0.4529661873212085,0.4662576687116564,-16.872732126597192,-0.6085268071305897,-1624.3367477338538
15m,P9_exhaust,short,F4,2,DISC,3522,-0.257364806730217,0.3285065303804656,-8.302369124390488,-0.3990607170239075,-906.4388493038242
15m,P9_exhaust,short,F4,2,VAL,2352,-0.5584790712489562,0.2971938775510204,-11.367055271311719,-0.7304514461822369,-1313.542775577545
15m,P9_exhaust,short,F4,2,HOLD,3586,-0.4494301682747417,0.32543223647518127,-12.028357950819151,-0.6153772127241064,-1611.6565834332237
15m,P9_exhaust,short,F4,3,DISC,3522,-0.26196836509920296,0.24872231686541738,-6.824560552665751,-0.44030568820150917,-922.6525818793928
15m,P9_exhaust,short,F4,3,VAL,2352,-0.5634445814654033,0.2274659863945578,-10.156390728746869,-0.750059699002466,-1325.2216556066287
15m,P9_exhaust,short,F4,3,HOLD,3586,-0.49309091070520594,0.2392638036809816,-11.420443844612254,-0.6849747362167021,-1768.2240057888685
15m,P10_london,long,F0,1,DISC,852,-0.2838043197142984,0.4765258215962441,-7.101883629134593,-0.36136722397925214,-241.80128039658226
15m,P10_london,long,F0,1,VAL,474,-0.5754943097394544,0.4282700421940928,-9.135195669166732,-0.7093449088389048,-272.7843028165014
15m,P10_london,long,F0,1,HOLD,815,-0.5333503636627444,0.45521472392638035,-11.829369439431828,-0.866529947782572,-434.6805463851366
15m,P10_london,long,F0,2,DISC,852,-0.3227345344518848,0.31103286384976525,-5.665243038339416,-0.4948210952669701,-274.9698233530059
15m,P10_london,long,F0,2,VAL,474,-0.579568685632608,0.2974683544303797,-6.9055221911217215,-0.6920145922236869,-274.71555698985617
15m,P10_london,long,F0,2,HOLD,815,-0.5369761564975215,0.3128834355828221,-8.678436662214304,-0.8435158331768247,-437.63556754548006
15m,P10_london,long,F0,3,DISC,852,-0.29637721042582477,0.24178403755868544,-4.271951728402377,-0.477459653696927,-252.5133832828027
15m,P10_london,long,F0,3,VAL,474,-0.5202436717756603,0.24050632911392406,-4.995696787692944,-0.6531093237261261,-246.59550042166302
15m,P10_london,long,F0,3,HOLD,815,-0.4898965950796505,0.249079754601227,-6.414245822387718,-0.7762156583026716,-399.26572498991516
15m,P10_london,long,F1,1,DISC,496,-0.2985766401156932,0.46774193548387094,-6.0196553563363215,-0.32368551693593545,-148.09401349738383
15m,P10_london,long,F1,1,VAL,244,-0.49475888121123046,0.45491803278688525,-6.605105386691755,-0.614164886586216,-120.72116701554023
15m,P10_london,long,F1,1,HOLD,441,-0.4995769998858298,0.47165532879818595,-8.410775941232624,-0.8248038426751974,-220.31345694965094
15m,P10_london,long,F1,2,DISC,496,-0.3788983473644659,0.2923387096774194,-5.539852240483966,-0.4682263549901995,-187.9335802927751
15m,P10_london,long,F1,2,VAL,244,-0.500217161249157,0.3114754098360656,-5.0406691144638875,-0.6403453166223784,-122.05298734479432
15m,P10_london,long,F1,2,HOLD,441,-0.5048886514478637,0.3242630385487528,-6.043378435989785,-0.8337930258379871,-222.65589528850785
15m,P10_london,long,F1,3,DISC,496,-0.34430051235866843,0.22983870967741934,-4.083350442407693,-0.4076142912657895,-170.77305412989955
15m,P10_london,long,F1,3,VAL,244,-0.3772999584416419,0.26639344262295084,-2.8847850528129206,-0.45177996517384295,-92.06118985976062
15m,P10_london,long,F1,3,HOLD,441,-0.5019707344095767,0.2471655328798186,-4.921540917966143,-0.7864175968815084,-221.36909387462333
15m,P10_london,long,F2,1,DISC,356,-0.26322265982920906,0.4887640449438202,-4.134976018811438,-0.4251960558188405,-93.70726689919843
15m,P10_london,long,F2,1,VAL,230,-0.6611440686998311,0.4,-6.631731312758733,-0.7994680098951601,-152.06313580096116
15m,P10_london,long,F2,1,HOLD,374,-0.5731740359237585,0.4358288770053476,-8.64553350669866,-0.9230040727985876,-214.36708943548567
15m,P10_london,long,F2,2,DISC,356,-0.24448382882087297,0.33707865168539325,-2.7064090796031546,-0.5308639669578565,-87.03624306023077
15m,P10_london,long,F2,2,VAL,230,-0.6637503028046169,0.2826086956521739,-5.071881537619582,-0.8892333796811872,-152.6625696450619
15m,P10_london,long,F2,2,HOLD,374,-0.5748119579063425,0.2994652406417112,-6.5747869974919295,-0.8566751500061132,-214.9796722569721
15m,P10_london,long,F2,3,DISC,356,-0.2296076661598403,0.25842696629213485,-2.092864715778302,-0.5721185001496526,-81.74032915290314
15m,P10_london,long,F2,3,VAL,230,-0.6718883067908799,0.21304347826086956,-4.2984710406050075,-0.892603675021725,-154.53431056190237
15m,P10_london,long,F2,3,HOLD,374,-0.4756594414847375,0.25133689839572193,-4.352418221712425,-0.7624078621226941,-177.89663111529183
15m,P10_london,long,F3,1,DISC,458,-0.22088854910767772,0.5021834061135371,-4.190287933011939,-0.29519634311929827,-101.1669554913164
15m,P10_london,long,F3,1,VAL,218,-0.5196196644182869,0.45871559633027525,-6.303408246831971,-0.7309171882332346,-113.27708684318654
15m,P10_london,long,F3,1,HOLD,394,-0.5346350143496036,0.4593908629441624,-8.427684395845837,-0.8758702733052999,-210.6461956537438
15m,P10_london,long,F3,2,DISC,458,-0.3122929746454129,0.31222707423580787,-4.287674216903196,-0.43700910039099,-143.0301823875991
15m,P10_london,long,F3,2,VAL,218,-0.46023033011555853,0.3348623853211009,-4.163262320071204,-0.6294502710626865,-100.33021196519176
15m,P10_london,long,F3,2,HOLD,394,-0.5115285177613556,0.32741116751269034,-5.874792003364539,-0.8828054892923224,-201.5422359979741
15m,P10_london,long,F3,3,DISC,458,-0.3060477599256492,0.23799126637554585,-3.4806896908292435,-0.43091617160677975,-140.16987404594732
15m,P10_london,long,F3,3,VAL,218,-0.375640237475481,0.27522935779816515,-2.7026934087566055,-0.5210497933194447,-81.88957176965485
15m,P10_london,long,F3,3,HOLD,394,-0.5343485519238866,0.2436548223350254,-4.951648687136831,-0.8431068153393982,-210.53332945801134
15m,P10_london,long,F4,1,DISC,400,-0.2645344849199174,0.4925,-4.528031034128018,-0.3019552066743357,-105.81379396796694
15m,P10_london,long,F4,1,VAL,242,-0.5470348102965116,0.45454545454545453,-6.152026964733228,-0.7118993894492833,-132.3824240917558
15m,P10_london,long,F4,1,HOLD,422,-0.557638798633586,0.45734597156398105,-8.556605853423147,-0.85164221343219,-235.32357302337329
15m,P10_london,long,F4,2,DISC,400,-0.30688164135187884,0.32,-3.6444554861875003,-0.39838608881536736,-122.75265654075153
15m,P10_london,long,F4,2,VAL,242,-0.6025934705121195,0.30578512396694213,-5.201366442826898,-0.7901157904670311,-145.82761986393294
15m,P10_london,long,F4,2,HOLD,422,-0.5931873294376886,0.3056872037914692,-7.118683203888157,-0.8828104593835192,-250.3250530227046
15m,P10_london,long,F4,3,DISC,400,-0.26404189676320805,0.2525,-2.6075237828863056,-0.39087830062012585,-105.61675870528322
15m,P10_london,long,F4,3,VAL,242,-0.5229210522936172,0.25206611570247933,-3.5848557072186473,-0.7018766265296693,-126.54689465505535
15m,P10_london,long,F4,3,HOLD,422,-0.5651967271790669,0.23933649289099526,-5.647761725542167,-0.8362402158194387,-238.51301886956622
15m,P10_london,short,F0,1,DISC,888,-0.23911517065924554,0.5033783783783784,-5.811107061220876,-0.3454263022690663,-212.33427154541005
15m,P10_london,short,F0,1,VAL,450,-0.4981691284490892,0.4488888888888889,-7.689241705711554,-0.6438256793405148,-224.17610780209014
15m,P10_london,short,F0,1,HOLD,667,-0.40247644327287757,0.49325337331334335,-8.007297282316346,-0.5438852787705678,-268.4517876630093
15m,P10_london,short,F0,2,DISC,888,-0.2851526834152585,0.32545045045045046,-4.891461406917138,-0.4402043480925937,-253.21558287274956
15m,P10_london,short,F0,2,VAL,450,-0.5241445524609454,0.3022222222222222,-6.090692378723061,-0.6929005520885686,-235.86504860742542
15m,P10_london,short,F0,2,HOLD,667,-0.42328275685115935,0.34332833583208394,-5.788039132006159,-0.5820922244173935,-282.3295988197233
15m,P10_london,short,F0,3,DISC,888,-0.25145971739429146,0.2545045045045045,-3.45159473236643,-0.4113274027247058,-223.2962290461308
15m,P10_london,short,F0,3,VAL,450,-0.526731578213069,0.2288888888888889,-4.855952798882797,-0.7227496582939467,-237.0292101958811
15m,P10_london,short,F0,3,HOLD,667,-0.5837887756455095,0.22338830584707647,-6.9168933024534915,-0.7671672765409215,-389.3871133555548
15m,P10_london,short,F1,1,DISC,460,-0.20687389096760495,0.5195652173913043,-3.68127495769281,-0.3662410240245866,-95.16198984509828
15m,P10_london,short,F1,1,VAL,269,-0.526275275015242,0.4349442379182156,-6.446911046305529,-0.620899724653518,-141.5680489791001
15m,P10_london,short,F1,1,HOLD,347,-0.3865494009113559,0.49279538904899134,-5.692029276886613,-0.4962617495921007,-134.1326421162405
15m,P10_london,short,F1,2,DISC,460,-0.21141186193711212,0.35,-2.633801895089661,-0.44148786081011787,-97.24945649107157
15m,P10_london,short,F1,2,VAL,269,-0.6164907292745123,0.275092936802974,-5.822600268072459,-0.7669497533891001,-165.83600617484382
15m,P10_london,short,F1,2,HOLD,347,-0.4424802622793378,0.33429394812680113,-4.545654269620601,-0.5340200885674925,-153.54065101093022
15m,P10_london,short,F1,3,DISC,460,-0.1985616523423783,0.2673913043478261,-1.9432721360068812,-0.40031441326983136,-91.33836007749402
15m,P10_london,short,F1,3,VAL,269,-0.680835615064891,0.19330855018587362,-5.297455217924476,-0.8576137936561327,-183.14478045245568
15m,P10_london,short,F1,3,HOLD,347,-0.5336490909132604,0.2334293948126801,-4.583106895510248,-0.691936707635424,-185.17623454690136
15m,P10_london,short,F2,1,DISC,428,-0.2737670133184854,0.48598130841121495,-4.864537590473877,-0.32335354787997056,-117.17228170031176
15m,P10_london,short,F2,1,VAL,181,-0.45639811504414396,0.4696132596685083,-4.582899473999212,-0.6733019067952253,-82.60805882299006
15m,P10_london,short,F2,1,HOLD,320,-0.41974732983365276,0.49375,-5.941011900295251,-0.5964508722977437,-134.31914554676888
15m,P10_london,short,F2,2,DISC,428,-0.3644068373403691,0.29906542056074764,-4.639877580370634,-0.43884326043060373,-155.96612638167798
15m,P10_london,short,F2,2,VAL,181,-0.3869007869203403,0.3425414364640884,-2.8659993683971474,-0.5976944361307424,-70.02904243258159
15m,P10_london,short,F2,2,HOLD,320,-0.40246546190247834,0.353125,-3.8571921536666665,-0.6351529781385105,-128.78894780879307
15m,P10_london,short,F2,3,DISC,428,-0.3083127779641046,0.24065420560747663,-3.224612537153467,-0.4230060124213584,-131.95786896863677
15m,P10_london,short,F2,3,VAL,181,-0.2977040317316323,0.281767955801105,-1.7392837278794135,-0.5493529128282788,-53.88442974342544
15m,P10_london,short,F2,3,HOLD,320,-0.6381589962770422,0.2125,-5.632120415103278,-0.8502047912762348,-204.2108788086535
15m,P10_london,short,F3,1,DISC,416,-0.1935970648531618,0.53125,-3.229894417081982,-0.3281137135206335,-80.53637897891531
15m,P10_london,short,F3,1,VAL,267,-0.43955773978011514,0.4756554307116105,-5.182456430185974,-0.5356322387582746,-117.36191652129074
15m,P10_london,short,F3,1,HOLD,310,-0.3395085091240008,0.5161290322580645,-4.524566854093215,-0.3885413206240456,-105.24763782844025
15m,P10_london,short,F3,2,DISC,416,-0.27761483180292273,0.3317307692307692,-3.3293047631539623,-0.5069830638319714,-115.48777003001587
15m,P10_london,short,F3,2,VAL,267,-0.47978240563396757,0.31835205992509363,-4.216276419077324,-0.6757650521526284,-128.10190230426934
15m,P10_london,short,F3,2,HOLD,310,-0.39761406749870193,0.35161290322580646,-3.666761265636,-0.5158365138901891,-123.2603609245976
15m,P10_london,short,F3,3,DISC,416,-0.26014118266596054,0.2548076923076923,-2.4816135945932576,-0.5136413575700398,-108.21873198903958
15m,P10_london,short,F3,3,VAL,267,-0.4870390705540458,0.2397003745318352,-3.407260242200723,-0.7032754885888906,-130.03943183793024
15m,P10_london,short,F3,3,HOLD,310,-0.5226202775212089,0.23870967741935484,-4.039085998855562,-0.6962630292556244,-162.01228603157475
15m,P10_london,short,F4,1,DISC,448,-0.2781238889339705,0.49330357142857145,-4.972028727188301,-0.38845361675750323,-124.5995022424188
15m,P10_london,short,F4,1,VAL,221,-0.43899873755792185,0.502262443438914,-4.409509601685242,-0.7112288542811315,-97.01872100030073
15m,P10_london,short,F4,1,HOLD,332,-0.3398842317396785,0.5180722891566265,-5.073206105539517,-0.429086514858863,-112.84156493757327
15m,P10_london,short,F4,2,DISC,448,-0.3504202524070868,0.31026785714285715,-4.321846158798985,-0.5514446385185705,-156.98827307837487
15m,P10_london,short,F4,2,VAL,221,-0.5011006094624323,0.33031674208144796,-3.878193616354434,-0.5602149707168292,-110.74323469119754
15m,P10_london,short,F4,2,HOLD,332,-0.36891715815324705,0.3644578313253012,-3.8190506891638054,-0.4890532322932421,-122.48049650687801
15m,P10_london,short,F4,3,DISC,448,-0.3275165103764622,0.24107142857142858,-3.2256678992781835,-0.5045639094986012,-146.72739664865506
15m,P10_london,short,F4,3,VAL,221,-0.5299795628756095,0.24434389140271492,-3.4618911640385734,-0.5822640741985206,-117.12548339550972
15m,P10_london,short,F4,3,HOLD,332,-0.5359231994472266,0.23795180722891565,-4.8723216416915385,-0.6875352561278198,-177.9265022164792
1h,P1_engulf,long,F0,1,DISC,7223,-0.13914149789624866,0.4858092205454797,-9.014456401194742,-0.17354828484850174,-1005.0190393046041
1h,P1_engulf,long,F0,1,VAL,4848,-0.14128862747989432,0.509075907590759,-6.364279515458146,-0.2149740196286928,-684.9672660225277
1h,P1_engulf,long,F0,1,HOLD,6639,-0.18398757374088465,0.4886278053923784,-10.46382121669225,-0.23205006205745826,-1221.493502065733
1h,P1_engulf,long,F0,2,DISC,7223,-0.13754705265885905,0.32770317042780006,-5.825133326393291,-0.16446399394850936,-993.5023613549389
1h,P1_engulf,long,F0,2,VAL,4848,-0.15338157964577426,0.34055280528052806,-4.486720467182253,-0.24577639696579184,-743.5938981227135
1h,P1_engulf,long,F0,2,HOLD,6639,-0.20129879623076563,0.32384395240247027,-7.427460633045777,-0.2239085881305721,-1336.422708176053
1h,P1_engulf,long,F0,3,DISC,7223,-0.1152262637880641,0.25474179703724215,-3.886601251453593,-0.1527548664848674,-832.279303341187
1h,P1_engulf,long,F0,3,VAL,4848,-0.13241228930465604,0.26443894389438943,-3.0503662970365704,-0.1876135443012772,-641.9347785489724
1h,P1_engulf,long,F0,3,HOLD,6639,-0.1870322650382704,0.2504895315559572,-5.468409166373342,-0.19132329150077548,-1241.7072075890771
1h,P1_engulf,long,F1,1,DISC,4076,-0.10261394073008732,0.5046614327772326,-5.545658703316771,-0.12125148512494267,-418.25442241583596
1h,P1_engulf,long,F1,1,VAL,2237,-0.10487946084358543,0.5257040679481448,-3.3890442356411237,-0.18599370336359333,-234.6153539071006
1h,P1_engulf,long,F1,1,HOLD,3362,-0.1727045084422675,0.49732302201070794,-7.348837143059002,-0.20673489373254222,-580.6325573829033
1h,P1_engulf,long,F1,2,DISC,4076,-0.09694499659061438,0.34151128557409227,-3.3139901419932007,-0.1316372117192013,-395.14780610334424
1h,P1_engulf,long,F1,2,VAL,2237,-0.12423705925329127,0.34957532409476977,-2.633015604253268,-0.206084680136958,-277.9183015496126
1h,P1_engulf,long,F1,2,HOLD,3362,-0.18622431520248448,0.3310529446757882,-5.114296058178289,-0.2232301654646603,-626.0861477107528
1h,P1_engulf,long,F1,3,DISC,4076,-0.0760942309813099,0.2642296368989205,-2.0074918837402462,-0.13530041160738052,-310.16008547981914
1h,P1_engulf,long,F1,3,VAL,2237,-0.08377357804642564,0.27626285203397405,-1.3618500174089392,-0.15293852958551846,-187.40149408985417
1h,P1_engulf,long,F1,3,HOLD,3362,-0.17189172734282965,0.2543129089827484,-3.648870782041134,-0.20043240444576227,-577.8999873265933
1h,P1_engulf,long,F2,1,DISC,3147,-0.18645205493764475,0.4613918017159199,-7.771890586585712,-0.2391187521856688,-586.764616888768
1h,P1_engulf,long,F2,1,VAL,2611,-0.17248254006718772,0.4948295672156262,-6.044667598876513,-0.2404209796316934,-450.3519121154271
1h,P1_engulf,long,F2,1,HOLD,3277,-0.19556330322942622,0.4797070491303021,-7.942911222765709,-0.25987050151726226,-640.8609446828298
1h,P1_engulf,long,F2,2,DISC,3147,-0.19013490792869234,0.3098188751191611,-5.3676763291266525,-0.24577921534423597,-598.3545552515948
1h,P1_engulf,long,F2,2,VAL,2611,-0.17835143491884367,0.332822673305247,-4.016662090804345,-0.2806287954473821,-465.67559657310085
1h,P1_engulf,long,F2,2,HOLD,3277,-0.21676428454845895,0.31644797070491304,-5.799612926941531,-0.2498863539135614,-710.3365604653
1h,P1_engulf,long,F2,3,DISC,3147,-0.1659101423137489,0.2424531299650461,-3.8076849894736,-0.22111523606200567,-522.1192178613678
1h,P1_engulf,long,F2,3,VAL,2611,-0.17408398485603915,0.2543086939869782,-3.123649576792678,-0.21806089016540767,-454.53328445911825
1h,P1_engulf,long,F2,3,HOLD,3277,-0.20256552342462122,0.2465669819957278,-4.430183469341753,-0.22544654953753637,-663.8072202624837
1h,P1_engulf,long,F3,1,DISC,4073,-0.08350487145865666,0.512644242573042,-4.3825993617243215,-0.11607792214905562,-340.1153414511086
1h,P1_engulf,long,F3,1,VAL,2132,-0.14403002502376364,0.5060975609756098,-4.53328302754634,-0.2428587776121318,-307.07201335066407
1h,P1_engulf,long,F3,1,HOLD,3291,-0.1652457593563357,0.501671224551808,-6.984600906909799,-0.20953681467615198,-543.8237940417008
1h,P1_engulf,long,F3,2,DISC,4073,-0.05904454883830685,0.35354775349864964,-1.9339505740363745,-0.1106904656909807,-240.4884474184238
1h,P1_engulf,long,F3,2,VAL,2132,-0.1636507621584424,0.33583489681050654,-3.495949709284648,-0.24571953419899953,-348.9034249217992
1h,P1_engulf,long,F3,2,HOLD,3291,-0.1748219589363676,0.3351564873898511,-4.67945530545496,-0.20690023607128677,-575.3390668595857
1h,P1_engulf,long,F3,3,DISC,4073,-0.018550823639804575,0.27866437515344955,-0.46698793510302544,-0.06789725809458055,-75.55750468492403
1h,P1_engulf,long,F3,3,VAL,2132,-0.1259705290372298,0.26454033771106944,-2.080128583899626,-0.20628662804342024,-268.5691679073739
1h,P1_engulf,long,F3,3,HOLD,3291,-0.15725476105459557,0.2585840170161045,-3.271891274728483,-0.19515375157000936,-517.525418630674
1h,P1_engulf,long,F4,1,DISC,3538,-0.18206182908819343,0.46947427925381574,-8.555741471390215,-0.22348805040321795,-644.1347513140283
1h,P1_engulf,long,F4,1,VAL,2511,-0.13366358100546527,0.5201115093588212,-4.46822476334331,-0.19709524778844265,-335.6292519047233
1h,P1_engulf,long,F4,1,HOLD,3391,-0.2002465135878765,0.48481273960483634,-8.820238429684574,-0.22947252174045782,-679.0359275764893
1h,P1_engulf,long,F4,2,DISC,3538,-0.19554052365223817,0.31232334652345956,-6.006064844729547,-0.2326765072997961,-691.8223726816186
1h,P1_engulf,long,F4,2,VAL,2511,-0.1737511840679684,0.34050179211469533,-3.735810909319068,-0.24228651255413075,-436.2892231946687
1h,P1_engulf,long,F4,2,HOLD,3391,-0.20805899820022186,0.32438808611029196,-5.927482654022134,-0.2231606264410171,-705.5280628969523
1h,P1_engulf,long,F4,3,DISC,3538,-0.19063267385567656,0.23911814584511024,-4.687853315831641,-0.2702483534792516,-674.4584001013836
1h,P1_engulf,long,F4,3,VAL,2511,-0.14706703430980742,0.26523297491039427,-2.4964702496749847,-0.19361579849752358,-369.28532315192643
1h,P1_engulf,long,F4,3,HOLD,3391,-0.20068244708358668,0.248894131524624,-4.5640877392050605,-0.26339673551817716,-680.5141780604424
1h,P1_engulf,short,F0,1,DISC,7163,-0.13728841338345601,0.4866675973754014,-8.540456242084199,-0.20327679379639135,-983.3969050656955
1h,P1_engulf,short,F0,1,VAL,4866,-0.17919628838104915,0.49116317303740237,-7.961352875404219,-0.23488741919484554,-871.9691392621851
1h,P1_engulf,short,F0,1,HOLD,6762,-0.1519866344755923,0.5042886719905354,-8.498737482912539,-0.22455583553976724,-1027.7336223239552
1h,P1_engulf,short,F0,2,DISC,7163,-0.15111600343325746,0.3227697891944716,-6.241914896369687,-0.2557036054264938,-1082.4439325924232
1h,P1_engulf,short,F0,2,VAL,4866,-0.1535951610524383,0.34052609946568024,-4.426354499646827,-0.25049052396563526,-747.3940536811648
1h,P1_engulf,short,F0,2,HOLD,6762,-0.16887551096488526,0.33451641526175685,-6.101397197942471,-0.25354927048619663,-1141.9362051445542
1h,P1_engulf,short,F0,3,DISC,7163,-0.1516440451567929,0.24459025547954769,-4.9562222331885115,-0.2546181499565438,-1086.2262954581074
1h,P1_engulf,short,F0,3,VAL,4866,-0.16607243938805935,0.25606247431154955,-3.813046414613657,-0.23553571303255946,-808.1084900622968
1h,P1_engulf,short,F0,3,HOLD,6762,-0.15316556994084968,0.2574682046731736,-4.279727250044839,-0.2280577724728652,-1035.7055839400255
1h,P1_engulf,short,F1,1,DISC,3224,-0.10639977660995002,0.5012406947890818,-4.440384221193419,-0.16441185834733252,-343.0328797904789
1h,P1_engulf,short,F1,1,VAL,2547,-0.15878499042661146,0.5025520219866509,-5.189294450600356,-0.22312011184203517,-404.42537061657936
1h,P1_engulf,short,F1,1,HOLD,3329,-0.12262459215777252,0.5157705016521478,-4.939074995393261,-0.18630585843722489,-408.2172672932247
1h,P1_engulf,short,F1,2,DISC,3224,-0.08892443301636246,0.34305210918114143,-2.472344288781956,-0.1940293789990049,-286.6923720447526
1h,P1_engulf,short,F1,2,VAL,2547,-0.11471186679776105,0.3545347467608952,-2.421036022671071,-0.2064668394860754,-292.1711247338974
1h,P1_engulf,short,F1,2,HOLD,3329,-0.13723565039081023,0.34274556924001204,-3.5213522344103425,-0.1878520432373138,-456.8574801510072
1h,P1_engulf,short,F1,3,DISC,3224,-0.07791379310964197,0.26271712158808935,-1.7193129559134765,-0.16508281636318875,-251.1940689854857
1h,P1_engulf,short,F1,3,VAL,2547,-0.09295946607500528,0.27483313702394974,-1.5210232671188735,-0.14697812291684803,-236.76776009303845
1h,P1_engulf,short,F1,3,HOLD,3329,-0.09391868056021352,0.2709522379092821,-1.8475923655460051,-0.11292927285724463,-312.6552875849508
1h,P1_engulf,short,F2,1,DISC,3939,-0.16257020189774476,0.47473978167047476,-8.081184062095945,-0.23531105903601587,-640.3640252752166
1h,P1_engulf,short,F2,1,VAL,2319,-0.20161438923915725,0.47865459249676584,-6.701088887972829,-0.2793900629938825,-467.54376864560567
1h,P1_engulf,short,F2,1,HOLD,3433,-0.18045917711352474,0.49315467521118556,-7.732520510317119,-0.258349504630363,-619.5163550307304
1h,P1_engulf,short,F2,2,DISC,3939,-0.202018674929594,0.30616907844630614,-6.67788827517523,-0.3065383361419588,-795.7515605476707
1h,P1_engulf,short,F2,2,VAL,2319,-0.19630139238778235,0.32514014661492024,-4.328515747219066,-0.2976906008696697,-455.2229289472673
1h,P1_engulf,short,F2,2,HOLD,3433,-0.19955686716969034,0.32653655694727646,-5.538665923179285,-0.3115924518420058,-685.078724993547
1h,P1_engulf,short,F2,3,DISC,3939,-0.2119909181194775,0.22975374460522976,-5.579191423855084,-0.32841728512832896,-835.0322264726219
1h,P1_engulf,short,F2,3,VAL,2319,-0.24637375160381997,0.23544631306597671,-4.502700573649136,-0.3726991524538082,-571.3407299692585
1h,P1_engulf,short,F2,3,HOLD,3433,-0.21061762200846912,0.24439265948150307,-4.663558491343381,-0.3303576293328028,-723.0502963550745
1h,P1_engulf,short,F3,1,DISC,3235,-0.13901293917759025,0.4865533230293663,-5.8499795320378585,-0.19689894855306245,-449.70685823950447
1h,P1_engulf,short,F3,1,VAL,2639,-0.17029259331497562,0.4971580143993937,-5.5975644513909035,-0.250119166506267,-449.40215375822066
1h,P1_engulf,short,F3,1,HOLD,3376,-0.11880782246433846,0.5171800947867299,-4.681493214985517,-0.17820615844110582,-401.09520863960665
1h,P1_engulf,short,F3,2,DISC,3235,-0.11054612841347207,0.3369397217928903,-3.1111910888906342,-0.21743909196881758,-357.61672541758213
1h,P1_engulf,short,F3,2,VAL,2639,-0.122372154681463,0.35278514588859416,-2.5780467832534772,-0.1906705294083691,-322.94011620438084
1h,P1_engulf,short,F3,2,HOLD,3376,-0.10848522220309484,0.3518957345971564,-2.7952350644046504,-0.14563749020556227,-366.24611015764816
1h,P1_engulf,short,F3,3,DISC,3235,-0.07473591367701142,0.2642967542503864,-1.6279150930823216,-0.14265905149310992,-241.77068074513193
1h,P1_engulf,short,F3,3,VAL,2639,-0.08635473601699004,0.27661993179234556,-1.404187212222355,-0.14342566774149493,-227.8901483488367
1h,P1_engulf,short,F3,3,HOLD,3376,-0.077359359967139,0.27488151658767773,-1.5252505981522295,-0.1021992209986999,-261.16519924906123
1h,P1_engulf,short,F4,1,DISC,3486,-0.14496899826674622,0.4868043602983362,-6.692512599862299,-0.20923578328474934,-505.3619279578773
1h,P1_engulf,short,F4,1,VAL,2482,-0.17198611597951982,0.5020145044319098,-5.9210799086739705,-0.19352411142746728,-426.86953986116816
1h,P1_engulf,short,F4,1,HOLD,3448,-0.17137303368849782,0.49854988399071926,-7.402342950970882,-0.2518935536589854,-590.8942201579405
1h,P1_engulf,short,F4,2,DISC,3486,-0.14317731730651684,0.3278829604130809,-4.391580905320131,-0.23139528454290648,-499.11612813051767
1h,P1_engulf,short,F4,2,VAL,2482,-0.13801200961436505,0.35132957292506045,-3.0241672333491896,-0.2113592094639378,-342.5458078628541
1h,P1_engulf,short,F4,2,HOLD,3448,-0.2041630024494314,0.32569605568445475,-5.736983737679111,-0.2724026551486466,-703.9540324456394
1h,P1_engulf,short,F4,3,DISC,3486,-0.14068377449962605,0.24928284566838785,-3.335952865992944,-0.24994670699714022,-490.4236379056964
1h,P1_engulf,short,F4,3,VAL,2482,-0.13246323421946166,0.26913779210314265,-2.3328817348008206,-0.1678406370897333,-328.7737473327038
1h,P1_engulf,short,F4,3,HOLD,3448,-0.20143429749341707,0.2476798143851508,-4.559942716900013,-0.2973761832514326,-694.5454577573021
1h,P2_pinbar,long,F0,1,DISC,8825,-0.13588948160000386,0.48793201133144476,-8.982435356820464,-0.18824060096630899,-1199.2246751200341
1h,P2_pinbar,long,F0,1,VAL,4672,-0.22585907923395868,0.4698202054794521,-9.589558451769808,-0.3332521770277758,-1055.213618181055
1h,P2_pinbar,long,F0,1,HOLD,6430,-0.18965364226390258,0.48538102643856923,-9.848679968550325,-0.25880002046994915,-1219.4729197568936
1h,P2_pinbar,long,F0,2,DISC,8825,-0.15247957006146787,0.32260623229461755,-6.691774298153245,-0.22059205548887692,-1345.632205792454
1h,P2_pinbar,long,F0,2,VAL,4672,-0.26449196761297183,0.3050085616438356,-7.651581909550552,-0.39266347774316346,-1235.7064726878045
1h,P2_pinbar,long,F0,2,HOLD,6430,-0.2124362976056232,0.32006220839813376,-7.576366983264255,-0.28710071833846407,-1365.965393604157
1h,P2_pinbar,long,F0,3,DISC,8825,-0.14207640239164887,0.24861189801699718,-4.997202558034676,-0.20663270323837085,-1253.8242511063013
1h,P2_pinbar,long,F0,3,VAL,4672,-0.2612489001527077,0.2328767123287671,-6.04222943467671,-0.38662698869651674,-1220.5548615134503
1h,P2_pinbar,long,F0,3,HOLD,6430,-0.2159456995745458,0.24307931570762054,-6.159525427242772,-0.30340019109071037,-1388.5308482643295
1h,P2_pinbar,long,F1,1,DISC,4846,-0.12123491922846834,0.49546017333883613,-6.271785847175541,-0.15884798971835246,-587.5044185811576
1h,P2_pinbar,long,F1,1,VAL,2199,-0.21065932880322133,0.4756707594361073,-6.3953855431034,-0.3442851101674904,-463.2398640382837
1h,P2_pinbar,long,F1,1,HOLD,3171,-0.20232194187994748,0.4815515610217597,-8.28722252191369,-0.24626307680115472,-641.5628777013135
1h,P2_pinbar,long,F1,2,DISC,4846,-0.10493705351491149,0.3384234420140322,-3.596088290633182,-0.14875447582309628,-508.5249613332611
1h,P2_pinbar,long,F1,2,VAL,2199,-0.24925716684343296,0.30923146884947705,-5.332831931111434,-0.4096877409806275,-548.1165098887091
1h,P2_pinbar,long,F1,2,HOLD,3171,-0.22298700349561382,0.31819615263323875,-6.354271358288038,-0.24936425492370717,-707.0917880845914
1h,P2_pinbar,long,F1,3,DISC,4846,-0.09325562665598788,0.2604209657449443,-2.5639764567401597,-0.1157828501491383,-451.9167667749173
1h,P2_pinbar,long,F1,3,VAL,2199,-0.23737198984542732,0.23692587539790813,-4.060743342940418,-0.44071260032796533,-521.9810056700946
1h,P2_pinbar,long,F1,3,HOLD,3171,-0.22887792255747857,0.24156417533900978,-5.129368896369162,-0.28207418653451966,-725.7718924297645
1h,P2_pinbar,long,F2,1,DISC,3979,-0.1537371843525702,0.4787635084192008,-6.9513126770137985,-0.22398706052034192,-611.7202565388768
1h,P2_pinbar,long,F2,1,VAL,2473,-0.23937474894572225,0.46461787302871005,-7.6163606723989306,-0.32319936039747155,-591.9737541427711
1h,P2_pinbar,long,F2,1,HOLD,3259,-0.17732741394770796,0.48910708806382325,-6.3282328011319935,-0.2720434394744254,-577.9100420555802
1h,P2_pinbar,long,F2,2,DISC,3979,-0.21038131300809068,0.3033425483789897,-6.4961342670698725,-0.30795888092399293,-837.1072444591928
1h,P2_pinbar,long,F2,2,VAL,2473,-0.2780388042050528,0.3012535382126971,-6.022345591416283,-0.377151574024994,-687.5899627990955
1h,P2_pinbar,long,F2,2,HOLD,3259,-0.2021704834365037,0.3218778766492789,-5.005953947141335,-0.326963687332467,-658.8736055195656
1h,P2_pinbar,long,F2,3,DISC,3979,-0.2015349294625242,0.2342297059562704,-4.990217320057427,-0.3171217159888071,-801.9074843313838
1h,P2_pinbar,long,F2,3,VAL,2473,-0.2824803299002651,0.22927618277395875,-4.865901708801861,-0.3373461012676219,-698.5738558433557
1h,P2_pinbar,long,F2,3,HOLD,3259,-0.2033626743892498,0.24455354403191162,-4.10796387264364,-0.3259279475750914,-662.7589558345651
1h,P2_pinbar,long,F3,1,DISC,4946,-0.10807724979988169,0.5004043671653862,-5.590099991155543,-0.15473493719405584,-534.5500775102148
1h,P2_pinbar,long,F3,1,VAL,2249,-0.242672149753415,0.4584259670964873,-7.598530411156591,-0.3440507739783908,-545.7696647954303
1h,P2_pinbar,long,F3,1,HOLD,3200,-0.19824509562327042,0.4840625,-7.830822892672278,-0.27045875729840124,-634.3843059944653
1h,P2_pinbar,long,F3,2,DISC,4946,-0.1024002058337468,0.33825313384553174,-3.408094672686374,-0.17262347476838288,-506.47141805371166
1h,P2_pinbar,long,F3,2,VAL,2249,-0.2679162568304086,0.30057803468208094,-5.907791388960299,-0.3815626091635006,-602.543661611589
1h,P2_pinbar,long,F3,2,HOLD,3200,-0.20082393275042051,0.3259375,-5.3903810926701645,-0.2577240227641453,-642.6365848013456
1h,P2_pinbar,long,F3,3,DISC,4946,-0.0684235909390916,0.2664779619894865,-1.8169313142545491,-0.1085533269817606,-338.42308078474707
1h,P2_pinbar,long,F3,3,VAL,2249,-0.2581524193583353,0.2303245887060916,-4.561553421036254,-0.3963615962245028,-580.5847911368961
1h,P2_pinbar,long,F3,3,HOLD,3200,-0.20028174266293192,0.2490625,-4.211707643471569,-0.2645797547764849,-640.9015765213821
1h,P2_pinbar,long,F4,1,DISC,4300,-0.1725745156652483,0.47511627906976744,-8.337540376642085,-0.2188193686083472,-742.0704173605677
1h,P2_pinbar,long,F4,1,VAL,2365,-0.2730590660865147,0.4553911205073996,-8.726311408452224,-0.3421687594998366,-645.7846912946072
1h,P2_pinbar,long,F4,1,HOLD,3322,-0.20226265380767927,0.4828416616496087,-7.901231362335513,-0.2938170030908914,-671.9165359491105
1h,P2_pinbar,long,F4,2,DISC,4300,-0.1928686044622678,0.3130232558139535,-6.204089897681095,-0.2394318249176033,-829.3349991877516
1h,P2_pinbar,long,F4,2,VAL,2365,-0.3203884470554066,0.293446088794926,-7.1167363034641085,-0.3777193260813873,-757.7186772860366
1h,P2_pinbar,long,F4,2,HOLD,3322,-0.21089427528465307,0.322998193859121,-5.677238361639184,-0.31431817061042944,-700.5907824956175
1h,P2_pinbar,long,F4,3,DISC,4300,-0.1959525847421783,0.23813953488372094,-5.083007066119421,-0.27210885225563,-842.5961143913667
1h,P2_pinbar,long,F4,3,VAL,2365,-0.32574090324385047,0.2215644820295983,-5.84336904052704,-0.38601309536490314,-770.3772361717064
1h,P2_pinbar,long,F4,3,HOLD,3322,-0.2197824625278792,0.24413004214328718,-4.636079831990888,-0.3297014290630953,-730.1173405176147
1h,P2_pinbar,short,F0,1,DISC,7100,-0.14667855711767852,0.4832394366197183,-8.596098544300279,-0.22232968175904833,-1041.4177555355175
1h,P2_pinbar,short,F0,1,VAL,4336,-0.16398769229707016,0.49953874538745385,-6.396112549710337,-0.2220600449452079,-711.0506338000962
1h,P2_pinbar,short,F0,1,HOLD,5531,-0.23168288849348637,0.46718495751220396,-11.488033825963749,-0.3084791316318822,-1281.4380562574731
1h,P2_pinbar,short,F0,2,DISC,7100,-0.1599907233097939,0.32098591549295774,-6.602829251124795,-0.2619397016648286,-1135.9341354995365
1h,P2_pinbar,short,F0,2,VAL,4336,-0.16388690328545621,0.3378690036900369,-4.43704301985451,-0.2351088210532492,-710.6136126457382
1h,P2_pinbar,short,F0,2,HOLD,5531,-0.2426378323427288,0.3116977038510215,-8.165419010787371,-0.3502464527739486,-1342.029850687633
1h,P2_pinbar,short,F0,3,DISC,7100,-0.17544277301399763,0.24,-5.782806834546246,-0.2980762321928914,-1245.643688399383
1h,P2_pinbar,short,F0,3,VAL,4336,-0.16776733787380013,0.25599630996309963,-3.6194517269788986,-0.2675067648964906,-727.4391770207974
1h,P2_pinbar,short,F0,3,HOLD,5531,-0.21345707603749908,0.24317483276080276,-5.669955086942473,-0.31319068825800195,-1180.6310875634074
1h,P2_pinbar,short,F1,1,DISC,3213,-0.10501666913665557,0.5029567382508559,-4.2226711620085755,-0.14903187326997924,-337.41855793607436
1h,P2_pinbar,short,F1,1,VAL,2361,-0.15605198432016756,0.5044472681067345,-4.514026738090381,-0.20969721247141287,-368.43873497991564
1h,P2_pinbar,short,F1,1,HOLD,2590,-0.21347072087621127,0.4718146718146718,-7.493753861743544,-0.2982869084493396,-552.8891670693872
1h,P2_pinbar,short,F1,2,DISC,3213,-0.12355515985561208,0.33239962651727356,-3.5304812871438696,-0.21722773438516496,-396.9827286160816
1h,P2_pinbar,short,F1,2,VAL,2361,-0.15707377676617248,0.34095722151630664,-3.151832628953474,-0.22573986517817218,-370.85118694493326
1h,P2_pinbar,short,F1,2,HOLD,2590,-0.23017224164541022,0.3127413127413127,-5.516697126242579,-0.29727576176808684,-596.1461058616125
1h,P2_pinbar,short,F1,3,DISC,3213,-0.14833308469321932,0.24649859943977592,-3.394797398205088,-0.24151771553973206,-476.5942011193137
1h,P2_pinbar,short,F1,3,VAL,2361,-0.14883259623188536,0.2609063955950868,-2.3395712869938428,-0.22439236484405237,-351.39375970348135
1h,P2_pinbar,short,F1,3,HOLD,2590,-0.1871073102724492,0.2471042471042471,-3.5645814714103112,-0.21476202875074735,-484.60793360564344
1h,P2_pinbar,short,F2,1,DISC,3887,-0.181116335888717,0.46694108567018267,-8.35897866390938,-0.2825859621997004,-703.999197599443
1h,P2_pinbar,short,F2,1,VAL,1975,-0.17347437914945849,0.4936708860759494,-5.025629764441567,-0.2361462879203286,-342.6118988201805
1h,P2_pinbar,short,F2,1,HOLD,2941,-0.247721485613086,0.46310778646718803,-9.409633014570524,-0.31617761346114287,-728.5488891880859
1h,P2_pinbar,short,F2,2,DISC,3887,-0.19010841442846793,0.31155132492925136,-6.180185712333829,-0.29869628272766424,-738.9514068834549
1h,P2_pinbar,short,F2,2,VAL,1975,-0.17203160794977457,0.3341772151898734,-3.475141740731319,-0.2840899031774279,-339.7624257008048
1h,P2_pinbar,short,F2,2,HOLD,2941,-0.2536156901822579,0.3107786467188031,-6.63094859253033,-0.39025675228254675,-745.8837448260205
1h,P2_pinbar,short,F2,3,DISC,3887,-0.1978516818317647,0.23462824800617443,-5.206740886459408,-0.34457156283116425,-769.0494872800693
1h,P2_pinbar,short,F2,3,VAL,1975,-0.1904027429454764,0.250126582278481,-3.177449287174657,-0.3179164369090214,-376.0454173173159
1h,P2_pinbar,short,F2,3,HOLD,2941,-0.23666207206996395,0.23971438286297178,-4.895623120850759,-0.387536710035956,-696.023153957764
1h,P2_pinbar,short,F3,1,DISC,3320,-0.11196145878315085,0.5015060240963856,-4.531660036837333,-0.18570345743239153,-371.71204316006083
1h,P2_pinbar,short,F3,1,VAL,2541,-0.14574063573686238,0.5092483274301456,-4.310221075409664,-0.2093915997208919,-370.32695540736734
1h,P2_pinbar,short,F3,1,HOLD,2816,-0.2048857817991424,0.4754971590909091,-7.192899247119632,-0.28999680289446034,-576.958361546385
1h,P2_pinbar,short,F3,2,DISC,3320,-0.12093941078040661,0.3349397590361446,-3.42940304552274,-0.24003577438916865,-401.51884379095
1h,P2_pinbar,short,F3,2,VAL,2541,-0.144745821914088,0.3451397087760724,-2.917172512806319,-0.2067504912814487,-367.7991334836976
1h,P2_pinbar,short,F3,2,HOLD,2816,-0.2133715265839714,0.31782670454545453,-5.086016581121289,-0.2926611985497335,-600.8542188604634
1h,P2_pinbar,short,F3,3,DISC,3320,-0.11982447785828898,0.2548192771084337,-2.672305409660165,-0.2331610248287907,-397.8172664895194
1h,P2_pinbar,short,F3,3,VAL,2541,-0.12224505186595543,0.26721763085399447,-1.9369812691959851,-0.22059846442925946,-310.62467679139274
1h,P2_pinbar,short,F3,3,HOLD,2816,-0.1808769880135669,0.24822443181818182,-3.4503622305539063,-0.2283872026660178,-509.3495982462044
1h,P2_pinbar,short,F4,1,DISC,3533,-0.14936211347000689,0.48627228983866405,-6.5116213829377605,-0.21820474223147904,-527.6963468895343
1h,P2_pinbar,short,F4,1,VAL,2265,-0.2015776781433279,0.4896247240618102,-5.985139441607362,-0.2739917901465046,-456.5734409946377
1h,P2_pinbar,short,F4,1,HOLD,2849,-0.24142576123155052,0.46612846612846615,-9.116552002470868,-0.33597708327674203,-687.8219937486874
1h,P2_pinbar,short,F4,2,DISC,3533,-0.14726822000680534,0.3283328615907161,-4.467005174583595,-0.2396340272089829,-520.2986212840433
1h,P2_pinbar,short,F4,2,VAL,2265,-0.21066893934900358,0.3293598233995585,-4.425116074969801,-0.29574683613498615,-477.1651476254931
1h,P2_pinbar,short,F4,2,HOLD,2849,-0.24145908299071697,0.3148473148473149,-6.187267177144951,-0.37187843508723345,-687.9169274405526
1h,P2_pinbar,short,F4,3,DISC,3533,-0.14283751160373695,0.2507783753184263,-3.400695980428022,-0.26790833075164083,-504.64492849600265
1h,P2_pinbar,short,F4,3,VAL,2265,-0.20611479359405124,0.2525386313465784,-3.4568233599894174,-0.35910205531983885,-466.8500074905261
1h,P2_pinbar,short,F4,3,HOLD,2849,-0.24556088196092726,0.23762723762723761,-5.054932413321866,-0.39885957923801246,-699.6029527066818
1h,P3_sweep,long,F0,1,DISC,3615,-0.1257481382793514,0.48852005532503456,-5.698501662564439,-0.14813527481295435,-454.57951987985535
1h,P3_sweep,long,F0,1,VAL,2305,-0.21205920800046885,0.4698481561822126,-7.058640235350937,-0.27675190081342554,-488.7964744410807
1h,P3_sweep,long,F0,1,HOLD,3443,-0.17130822661732276,0.48794655823409816,-7.049549073858757,-0.19974212840521408,-589.8142242434423
1h,P3_sweep,long,F0,2,DISC,3615,-0.17532133504789352,0.3120331950207469,-5.546992459290489,-0.21920301230722805,-633.7866261981351
1h,P3_sweep,long,F0,2,VAL,2305,-0.2602824915269818,0.30151843817787416,-6.013949248655795,-0.32432698868627985,-599.951142969693
1h,P3_sweep,long,F0,2,HOLD,3443,-0.17573673007028193,0.3273308161487075,-4.950016332964275,-0.20933385360544654,-605.0615616319807
1h,P3_sweep,long,F0,3,DISC,3615,-0.17766366857063634,0.23651452282157676,-4.693940537814148,-0.19524863576529325,-642.2541618828503
1h,P3_sweep,long,F0,3,VAL,2305,-0.23457428180500117,0.23557483731019524,-4.319424279586267,-0.2892954156379997,-540.6937195605277
1h,P3_sweep,long,F0,3,HOLD,3443,-0.20509480956516246,0.24223061283764158,-4.775455617866827,-0.22298364166338613,-706.1414293328544
1h,P3_sweep,long,F1,1,DISC,1311,-0.1179263752590197,0.494279176201373,-3.5245261612125303,-0.19894164407417606,-154.60147796457483
1h,P3_sweep,long,F1,1,VAL,770,-0.2014953035341419,0.4753246753246753,-4.350914227307615,-0.3149848082678536,-155.15138372128928
1h,P3_sweep,long,F1,1,HOLD,1172,-0.20988165843260828,0.47696245733788395,-5.3364230302354505,-0.24847020207632017,-245.9813036830169
1h,P3_sweep,long,F1,2,DISC,1311,-0.20472259584590263,0.30358504958047294,-4.470317042608753,-0.26209141897642263,-268.39132315397836
1h,P3_sweep,long,F1,2,VAL,770,-0.30002444351289503,0.2896103896103896,-4.570240486078571,-0.42154709246052163,-231.01882150492918
1h,P3_sweep,long,F1,2,HOLD,1172,-0.2286085118755959,0.31569965870307165,-4.174070818772553,-0.2666160475175115,-267.9291759181984
1h,P3_sweep,long,F1,3,DISC,1311,-0.21198285107631457,0.22807017543859648,-3.912664246060344,-0.2997488459847568,-277.9095177610484
1h,P3_sweep,long,F1,3,VAL,770,-0.2653163423516262,0.22857142857142856,-3.2581413592954247,-0.38201182493152996,-204.2935836107522
1h,P3_sweep,long,F1,3,HOLD,1172,-0.2747679402861361,0.2295221843003413,-4.144446332155794,-0.34824550788421743,-322.02802601535154
1h,P3_sweep,long,F2,1,DISC,2304,-0.13019880291461827,0.4852430555555556,-4.827083733793281,-0.172323707092988,-299.9780419152805
1h,P3_sweep,long,F2,1,VAL,1535,-0.21735836528976643,0.4671009771986971,-5.809262275826211,-0.2583735341027063,-333.6450907197915
1h,P3_sweep,long,F2,1,HOLD,2271,-0.15140155022475796,0.4936151475121092,-5.255671379402007,-0.17235336121217762,-343.83292056042535
1h,P3_sweep,long,F2,2,DISC,2304,-0.15859171139069306,0.3168402777777778,-4.014562367152922,-0.19592711660446727,-365.3953030441568
1h,P3_sweep,long,F2,2,VAL,1535,-0.24034678922785918,0.30749185667752443,-4.4910733694200955,-0.27759377277935665,-368.93232146476385
1h,P3_sweep,long,F2,2,HOLD,2271,-0.14845107252918638,0.3333333333333333,-3.377469322215985,-0.17713704065623673,-337.13238571378224
1h,P3_sweep,long,F2,3,DISC,2304,-0.15813569623342094,0.24131944444444445,-3.298774571019949,-0.18937966974190545,-364.3446441218019
1h,P3_sweep,long,F2,3,VAL,1535,-0.21915318302916972,0.23908794788273616,-3.27465376591231,-0.24472710306253828,-336.4001359497755
1h,P3_sweep,long,F2,3,HOLD,2271,-0.16913844267613506,0.24878907970057243,-3.2365469148202317,-0.21780546549382002,-384.11340331750273
1h,P3_sweep,long,F3,1,DISC,1842,-0.11920272198521588,0.49185667752442996,-4.091007939644464,-0.1572165146204041,-219.57141389676764
1h,P3_sweep,long,F3,1,VAL,1014,-0.2093019775963356,0.47041420118343197,-4.963071791117752,-0.28657921479739984,-212.23220528268428
1h,P3_sweep,long,F3,1,HOLD,1674,-0.20781747080926175,0.4755077658303465,-6.184258206646878,-0.23635231185481353,-347.88644613470416
1h,P3_sweep,long,F3,2,DISC,1842,-0.18720787146505752,0.30836047774158526,-4.526242169049259,-0.2344720186498217,-344.83689923863597
1h,P3_sweep,long,F3,2,VAL,1014,-0.2996724218598271,0.2869822485207101,-5.065122299248835,-0.4117805123257392,-303.8678357658647
1h,P3_sweep,long,F3,2,HOLD,1674,-0.21252888424579824,0.31899641577060933,-4.498863478798508,-0.24035693081775905,-355.77335222746626
1h,P3_sweep,long,F3,3,DISC,1842,-0.17370004853044443,0.23724212812160694,-3.5207074021076497,-0.19241807360864838,-319.95548939307866
1h,P3_sweep,long,F3,3,VAL,1014,-0.27416032782425914,0.22485207100591717,-3.7063619584202625,-0.4167399744894232,-277.9985724137988
1h,P3_sweep,long,F3,3,HOLD,1674,-0.2857107750588494,0.22520908004778972,-5.088011141470593,-0.3169366298245433,-478.2798374485139
1h,P3_sweep,long,F4,1,DISC,1870,-0.15381854491948102,0.4786096256684492,-5.18173468013525,-0.1825413395749557,-287.6406789994295
1h,P3_sweep,long,F4,1,VAL,1177,-0.23880309045070006,0.46644010195412067,-6.251282739393098,-0.34237635760572926,-281.071237460474
1h,P3_sweep,long,F4,1,HOLD,1784,-0.1868685121438473,0.48318385650224216,-5.625317325626226,-0.19395646520943133,-333.3734256646236
1h,P3_sweep,long,F4,2,DISC,1870,-0.18889417598020275,0.31016042780748665,-4.454393825320842,-0.25911186212890996,-353.23210908297915
1h,P3_sweep,long,F4,2,VAL,1177,-0.31573235634865227,0.29141886151231944,-5.795264810233817,-0.45495257549442464,-371.6169834223637
1h,P3_sweep,long,F4,2,HOLD,1784,-0.16539753761133485,0.3329596412556054,-3.4342134779406988,-0.18551790712589764,-295.0692070986214
1h,P3_sweep,long,F4,3,DISC,1870,-0.2006994503935524,0.23155080213903742,-3.8741689275118136,-0.254114029600799,-375.30797223594294
1h,P3_sweep,long,F4,3,VAL,1177,-0.2745703355454238,0.23194562446898895,-3.8939887730621026,-0.43986869519521127,-323.16928493696383
1h,P3_sweep,long,F4,3,HOLD,1784,-0.19095139538224074,0.24775784753363228,-3.347289675834769,-0.2574886699077439,-340.6572893619175
1h,P3_sweep,short,F0,1,DISC,4336,-0.11949877549033265,0.4942343173431734,-5.971719673591241,-0.13122756450121764,-518.1466905260824
1h,P3_sweep,short,F0,1,VAL,2375,-0.17666219127340368,0.49094736842105263,-6.150036052380376,-0.23526600845905543,-419.5727042743338
1h,P3_sweep,short,F0,1,HOLD,3793,-0.17355107828323924,0.49248615871341944,-7.287338224573774,-0.21189064813503503,-658.2792399283264
1h,P3_sweep,short,F0,2,DISC,4336,-0.14743188159591403,0.32287822878228783,-4.938563986599753,-0.16811232280274477,-639.2646385998833
1h,P3_sweep,short,F0,2,VAL,2375,-0.20526366094082957,0.32210526315789473,-5.020357702000354,-0.2867845740650611,-487.50119473447023
1h,P3_sweep,short,F0,2,HOLD,3793,-0.17921438155248165,0.3303453730556288,-5.009772986585442,-0.22933491376134593,-679.7601492285629
1h,P3_sweep,short,F0,3,DISC,4336,-0.16774322797653662,0.23985239852398524,-4.574355428589232,-0.18511239124946907,-727.3346365062628
1h,P3_sweep,short,F0,3,VAL,2375,-0.1900372676625785,0.2488421052631579,-3.7679848230399333,-0.26487577894940906,-451.33851069862396
1h,P3_sweep,short,F0,3,HOLD,3793,-0.18277230828567623,0.24914315844977591,-4.241244796317657,-0.20793273101313042,-693.25536532757
1h,P3_sweep,short,F1,1,DISC,1196,-0.13812779141842924,0.48494983277591974,-3.3829814482224694,-0.19302867571077764,-165.20083853644135
1h,P3_sweep,short,F1,1,VAL,854,-0.17889617535903063,0.49765807962529274,-4.093736270719943,-0.2558757980225996,-152.77733375661217
1h,P3_sweep,short,F1,1,HOLD,1216,-0.1577414064980224,0.5,-3.9233790943255764,-0.19609928386491524,-191.81355030159523
1h,P3_sweep,short,F1,2,DISC,1196,-0.10141457392558127,0.3377926421404682,-1.7734117081188925,-0.13875800539147698,-121.2918304149952
1h,P3_sweep,short,F1,2,VAL,854,-0.225856065286358,0.32084309133489464,-3.4608889229429196,-0.336923659584433,-192.88107975454972
1h,P3_sweep,short,F1,2,HOLD,1216,-0.10433368841958958,0.35444078947368424,-1.693391049403194,-0.1443034167644566,-126.86976511822093
1h,P3_sweep,short,F1,3,DISC,1196,-0.11290583246175868,0.25418060200668896,-1.6261463162751921,-0.2177511353158087,-135.0353756242634
1h,P3_sweep,short,F1,3,VAL,854,-0.20492155963762215,0.24941451990632318,-2.5793546514884724,-0.3636461564632277,-175.0030119305293
1h,P3_sweep,short,F1,3,HOLD,1216,-0.0872381424909152,0.2722039473684211,-1.1353283010807713,-0.1254960020240844,-106.08158126895289
1h,P3_sweep,short,F2,1,DISC,3140,-0.1124031375763188,0.4977707006369427,-5.065716308561365,-0.14823496292720334,-352.945851989641
1h,P3_sweep,short,F2,1,VAL,1521,-0.17540787016286752,0.48717948717948717,-4.936404176534703,-0.22849797057352947,-266.7953705177215
1h,P3_sweep,short,F2,1,HOLD,2577,-0.18101113295565818,0.4889406286379511,-6.362340127106393,-0.22559651039565407,-466.46568962673115
1h,P3_sweep,short,F2,2,DISC,3140,-0.1649594930525121,0.31719745222929935,-4.9649990644690165,-0.1965884570040918,-517.972808184888
1h,P3_sweep,short,F2,2,VAL,1521,-0.19370158775800161,0.3228139381985536,-3.920646981265098,-0.3218078482199176,-294.62011497992046
1h,P3_sweep,short,F2,2,HOLD,2577,-0.21454807299586418,0.3189755529685681,-5.221686215354292,-0.28131211417359153,-552.890384110342
1h,P3_sweep,short,F2,3,DISC,3140,-0.18863033786050934,0.23439490445859873,-4.5730623624390985,-0.24558039501775447,-592.2992608819993
1h,P3_sweep,short,F2,3,VAL,1521,-0.18168014383175196,0.2485207100591716,-2.961703025373417,-0.30277575367033593,-276.33549876809474
1h,P3_sweep,short,F2,3,HOLD,2577,-0.22785168182328952,0.23826154443150951,-4.709169209362976,-0.2729128655181946,-587.1737840586171
1h,P3_sweep,short,F3,1,DISC,1670,-0.10372738847555975,0.5023952095808383,-3.1525961257241533,-0.14890643121126304,-173.22473875418478
1h,P3_sweep,short,F3,1,VAL,1233,-0.1808382002959116,0.49148418491484186,-4.947797335037384,-0.2130177619882707,-222.973500964859
1h,P3_sweep,short,F3,1,HOLD,1817,-0.1347774542829026,0.5085305448541552,-3.9893217765859945,-0.20079598828368567,-244.89063443203403
1h,P3_sweep,short,F3,2,DISC,1670,-0.11449086714586557,0.3341317365269461,-2.309168133702732,-0.12463030791088614,-191.1997481335955
1h,P3_sweep,short,F3,2,VAL,1233,-0.22228132541034817,0.31873479318734793,-3.9565380992543675,-0.2824584730890888,-274.0728742309593
1h,P3_sweep,short,F3,2,HOLD,1817,-0.12091871543832387,0.3472757292239956,-2.264596187343108,-0.18218689566011267,-219.7093059514345
1h,P3_sweep,short,F3,3,DISC,1670,-0.13482024820451208,0.24850299401197604,-2.245871020503115,-0.1755886193103011,-225.14981450153516
1h,P3_sweep,short,F3,3,VAL,1233,-0.17492544547547165,0.2546634225466342,-2.4545204032128627,-0.2150888851041276,-215.68307427125654
1h,P3_sweep,short,F3,3,HOLD,1817,-0.12202815875957393,0.2619702806824436,-1.909079188868759,-0.15130758123536914,-221.72516446614583
1h,P3_sweep,short,F4,1,DISC,2055,-0.10995465749808853,0.5031630170316301,-3.9893183571180026,-0.17160732055468975,-225.95682115857193
1h,P3_sweep,short,F4,1,VAL,1219,-0.1833895574334316,0.4938474159146842,-4.995497916634894,-0.2370477499112077,-223.55187051135312
1h,P3_sweep,short,F4,1,HOLD,1895,-0.15029650321193377,0.508179419525066,-4.847819846266235,-0.17719882944171053,-284.8118735866145
1h,P3_sweep,short,F4,2,DISC,2055,-0.1442069219811953,0.327007299270073,-3.448139216248829,-0.23749650570655786,-296.34522467135633
1h,P3_sweep,short,F4,2,VAL,1219,-0.17431932570715072,0.3363412633305988,-3.1887473925014356,-0.24598942811428826,-212.49525803701673
1h,P3_sweep,short,F4,2,HOLD,1895,-0.15048500495008246,0.34300791556728233,-3.119902011349102,-0.18780441001362141,-285.1690843804063
1h,P3_sweep,short,F4,3,DISC,2055,-0.1272763805059083,0.2520681265206813,-2.4452652669513277,-0.1865784751247511,-261.5529619396416
1h,P3_sweep,short,F4,3,VAL,1219,-0.18230556127587436,0.25430680885972107,-2.7382421884812604,-0.26751889111843774,-222.23047919529083
1h,P3_sweep,short,F4,3,HOLD,1895,-0.185190066692892,0.2511873350923483,-3.204802815259829,-0.2534596500768643,-350.93517638303035
1h,P4_donchian,long,F0,1,DISC,4306,-0.13546453310164847,0.48327914537854155,-7.490107331679663,-0.15597906753027682,-583.3102795356983
1h,P4_donchian,long,F0,1,VAL,2046,-0.13388512998915952,0.5063538611925709,-4.352691830510348,-0.16267267706432958,-273.9289759578204
1h,P4_donchian,long,F0,1,HOLD,3514,-0.20180341371544563,0.47979510529311326,-8.207348342289064,-0.30978217039608463,-709.137195796076
1h,P4_donchian,long,F0,2,DISC,4306,-0.1266711855332853,0.3274500696702276,-4.302235864395725,-0.1357562228594976,-545.4461249063265
1h,P4_donchian,long,F0,2,VAL,2046,-0.10946485370644052,0.3489736070381232,-2.233475931465755,-0.15791573711250553,-223.9650906833773
1h,P4_donchian,long,F0,2,HOLD,3514,-0.20241380295987543,0.3232783153101878,-5.198526842642532,-0.31663905876298987,-711.2821036010023
1h,P4_donchian,long,F0,3,DISC,4306,-0.07105953311767026,0.26126335346028795,-1.8084914605655704,-0.10643925485509068,-305.9823496046881
1h,P4_donchian,long,F0,3,VAL,2046,-0.12134392860318763,0.26099706744868034,-1.8906831616136388,-0.1524846151328564,-248.2696779221219
1h,P4_donchian,long,F0,3,HOLD,3514,-0.1700365497689574,0.25241889584519067,-3.348472804142393,-0.31205414353306393,-597.5084358881163
1h,P4_donchian,long,F1,1,DISC,3308,-0.14174385084650296,0.4800483675937122,-7.161297968248002,-0.15416569544449482,-468.88865860023174
1h,P4_donchian,long,F1,1,VAL,1369,-0.11283601771394099,0.5127830533235939,-3.152193106418071,-0.14251829172986188,-154.4725082503852
1h,P4_donchian,long,F1,1,HOLD,2450,-0.1994338949355462,0.48081632653061224,-7.080644112146901,-0.2865015359531128,-488.61304259208816
1h,P4_donchian,long,F1,2,DISC,3308,-0.13337212474000057,0.32496977025392987,-4.11910632974408,-0.15352313362439424,-441.1949886399219
1h,P4_donchian,long,F1,2,VAL,1369,-0.04968444740572126,0.36596055514974435,-0.8570894568894358,-0.0887172628487291,-68.01800849843241
1h,P4_donchian,long,F1,2,HOLD,2450,-0.197633673427448,0.3248979591836735,-4.3575476718971755,-0.29227127154567356,-484.2024998972476
1h,P4_donchian,long,F1,3,DISC,3308,-0.07506780173750334,0.2593712212817412,-1.7126253959073992,-0.1263909569677267,-248.32428814766104
1h,P4_donchian,long,F1,3,VAL,1369,-0.04835621465126257,0.2768444119795471,-0.6354143004409819,-0.08378681613093646,-66.19965785757846
1h,P4_donchian,long,F1,3,HOLD,2450,-0.164994061835777,0.2530612244897959,-2.82180046656482,-0.2943508236364839,-404.2354514976537
1h,P4_donchian,long,F2,1,DISC,998,-0.11465092278102859,0.4939879759519038,-2.904553571262212,-0.1617134780640742,-114.42162093546654
1h,P4_donchian,long,F2,1,VAL,677,-0.17644973073476394,0.4933530280649926,-3.336836452561927,-0.30608128671438484,-119.4564677074352
1h,P4_donchian,long,F2,1,HOLD,1064,-0.20725954248495088,0.4774436090225564,-4.815783053704754,-0.36635952619353945,-220.52415320398774
1h,P4_donchian,long,F2,2,DISC,998,-0.10446005637916295,0.33567134268537074,-1.692635085730386,-0.16769030968951745,-104.25113626640461
1h,P4_donchian,long,F2,2,VAL,677,-0.23035019525102646,0.31462333825701627,-2.941186133343327,-0.34534947588146003,-155.94708218494492
1h,P4_donchian,long,F2,2,HOLD,1064,-0.21342068017270177,0.31954887218045114,-3.277234303186513,-0.37585844862832835,-227.07960370375469
1h,P4_donchian,long,F2,3,DISC,998,-0.05777360867437593,0.26753507014028055,-0.7302788643056303,-0.11698356478138733,-57.65806145702717
1h,P4_donchian,long,F2,3,VAL,677,-0.2689365141278337,0.22895125553914328,-2.65860467068669,-0.38568337505062605,-182.07002006454343
1h,P4_donchian,long,F2,3,HOLD,1064,-0.1816475417203596,0.25093984962406013,-2.188741526167021,-0.3550773279328921,-193.27298439046263
1h,P4_donchian,long,F3,1,DISC,2792,-0.11408149135820465,0.49283667621776506,-5.37451693364611,-0.11851051761960527,-318.5155238721074
1h,P4_donchian,long,F3,1,VAL,1029,-0.13340008301743883,0.5024295432458697,-3.2562519826135143,-0.15078603255718764,-137.26868542494455
1h,P4_donchian,long,F3,1,HOLD,1899,-0.18790455242209395,0.4881516587677725,-6.046861846168365,-0.2945668449104252,-356.8307450495564
1h,P4_donchian,long,F3,2,DISC,2792,-0.10169117148251995,0.33488538681948427,-2.916596144596257,-0.14054986904633582,-283.9217507791957
1h,P4_donchian,long,F3,2,VAL,1029,-0.09012763583797302,0.35276967930029157,-1.373874719158253,-0.161555514468253,-92.74133727727424
1h,P4_donchian,long,F3,2,HOLD,1899,-0.16583970933293837,0.33649289099526064,-3.3289941054451546,-0.24440847908463986,-314.92960802324995
1h,P4_donchian,long,F3,3,DISC,2792,-0.03881443850758092,0.26826647564469913,-0.812257075485635,-0.13116223967283813,-108.36991231316594
1h,P4_donchian,long,F3,3,VAL,1029,-0.0989011242000232,0.2633624878522838,-1.1791772929797713,-0.15914907839072845,-101.76925680182387
1h,P4_donchian,long,F3,3,HOLD,1899,-0.1506270599464267,0.2575039494470774,-2.2949405362132373,-0.23004110117725554,-286.0407868382643
1h,P4_donchian,long,F4,1,DISC,1924,-0.16319719482467943,0.47401247401247404,-6.172403230358672,-0.22232929197672405,-313.9914028426832
1h,P4_donchian,long,F4,1,VAL,1068,-0.12088704860036864,0.5177902621722846,-2.9427722007526995,-0.15594336636907416,-129.1073679051937
1h,P4_donchian,long,F4,1,HOLD,1772,-0.2063486062077454,0.4813769751693002,-6.2337507273700625,-0.32275753793063366,-365.64973020012485
1h,P4_donchian,long,F4,2,DISC,1924,-0.1325667901077936,0.3284823284823285,-3.12494491420325,-0.28057367435911673,-255.05850416739486
1h,P4_donchian,long,F4,2,VAL,1068,-0.06352924812476218,0.36797752808988765,-0.9849270381844372,-0.12372338984855447,-67.84923699724601
1h,P4_donchian,long,F4,2,HOLD,1772,-0.18267066298436951,0.332392776523702,-3.5544455968084407,-0.3398618508049777,-323.6924148083028
1h,P4_donchian,long,F4,3,DISC,1924,-0.0768891669418793,0.2614345114345114,-1.3568418916424905,-0.30505087217301374,-147.93475719617578
1h,P4_donchian,long,F4,3,VAL,1068,-0.06387250703101588,0.27808988764044945,-0.7683422562531692,-0.08697655242303619,-68.21583750912495
1h,P4_donchian,long,F4,3,HOLD,1772,-0.1299367677873625,0.26354401805869077,-1.8921118738705227,-0.3633552619441527,-230.2479525192063
1h,P4_donchian,short,F0,1,DISC,3140,-0.10642359782510911,0.49363057324840764,-4.654173544250791,-0.16771143808987396,-334.1700971708426
1h,P4_donchian,short,F0,1,VAL,1938,-0.15965009114094522,0.4855521155830753,-5.044698706089613,-0.1995271786399478,-309.4018766311518
1h,P4_donchian,short,F0,1,HOLD,3022,-0.15980961802078225,0.4943745863666446,-6.395619731578699,-0.23247608685581256,-482.94466565880396
1h,P4_donchian,short,F0,2,DISC,3140,-0.11819771842969432,0.32770700636942673,-3.2412334606837385,-0.20340096447851969,-371.14083586924016
1h,P4_donchian,short,F0,2,VAL,1938,-0.14158918384850844,0.3323013415892673,-2.8079418051119034,-0.16892581903227477,-274.39983829840935
1h,P4_donchian,short,F0,2,HOLD,3022,-0.16287589085311238,0.3318994043679682,-3.877207819828093,-0.22454729939237927,-492.2109421581056
1h,P4_donchian,short,F0,3,DISC,3140,-0.10959297231283255,0.25,-2.28879937289198,-0.19257047898031465,-344.1219330622942
1h,P4_donchian,short,F0,3,VAL,1938,-0.12382785081351057,0.25593395252837975,-1.9046740216909712,-0.13761921748849193,-239.97837487658347
1h,P4_donchian,short,F0,3,HOLD,3022,-0.13677512945677617,0.25777630708140303,-2.363611931335676,-0.23707510585260957,-413.3344412183776
1h,P4_donchian,short,F1,1,DISC,2170,-0.06720198305230972,0.511520737327189,-2.506366174029357,-0.11575058912134475,-145.82830322351208
1h,P4_donchian,short,F1,1,VAL,1347,-0.16223056032631478,0.48181143281366,-4.458138763992441,-0.20853215418256965,-218.524564759546
1h,P4_donchian,short,F1,1,HOLD,2066,-0.15871654207291094,0.4912875121006776,-5.268462729374889,-0.1914058682297675,-327.90837592263404
1h,P4_donchian,short,F1,2,DISC,2170,-0.06893842559495648,0.34285714285714286,-1.5563294897779696,-0.1449230748716442,-149.59638354105556
1h,P4_donchian,short,F1,2,VAL,1347,-0.14698399405229146,0.32887899034892354,-2.5604970356999575,-0.22706482865848335,-197.9874399884366
1h,P4_donchian,short,F1,2,HOLD,2066,-0.15721762893797406,0.33107454017424975,-3.069417387840919,-0.17745720790143363,-324.8116213858544
1h,P4_donchian,short,F1,3,DISC,2170,-0.0321132187832466,0.2672811059907834,-0.5533646060613177,-0.1052418019056779,-69.68568475964511
1h,P4_donchian,short,F1,3,VAL,1347,-0.14104904288855472,0.25092798812175204,-1.9719521208202149,-0.24946871113744998,-189.9930607708832
1h,P4_donchian,short,F1,3,HOLD,2066,-0.1063346561473626,0.2623426911907067,-1.5256479787232846,-0.10692253199729566,-219.68739960045113
1h,P4_donchian,short,F2,1,DISC,970,-0.19416679788384592,0.4536082474226804,-5.123106058816927,-0.282480632847682,-188.34179394733053
1h,P4_donchian,short,F2,1,VAL,591,-0.15376871721083896,0.494077834179357,-3.0437112171043013,-0.1998324943178373,-90.87731187160583
1h,P4_donchian,short,F2,1,HOLD,956,-0.16217185118846225,0.5010460251046025,-3.9910030057772787,-0.31985953074101486,-155.03628973616992
1h,P4_donchian,short,F2,2,DISC,970,-0.22839634260637579,0.29381443298969073,-4.17534067030938,-0.3325647567287577,-221.54445232818452
1h,P4_donchian,short,F2,2,VAL,591,-0.12929339815562232,0.3401015228426396,-1.637649372114166,-0.20565593004277857,-76.41239830997279
1h,P4_donchian,short,F2,2,HOLD,956,-0.17510389202118332,0.33368200836820083,-2.803913390760385,-0.3802481633696908,-167.39932077225126
1h,P4_donchian,short,F2,3,DISC,970,-0.2829239673223186,0.211340206185567,-4.250333919413279,-0.42540789500737075,-274.43624830264906
1h,P4_donchian,short,F2,3,VAL,591,-0.0845775196373947,0.2673434856175973,-0.7977577148801009,-0.2465245569683403,-49.98531410570027
1h,P4_donchian,short,F2,3,HOLD,956,-0.20255966696435818,0.24790794979079497,-2.480601624466604,-0.5140766449762014,-193.64704161792642
1h,P4_donchian,short,F3,1,DISC,1705,-0.05943404456130164,0.5161290322580645,-1.9914309150081966,-0.12412128160809241,-101.3350459770193
1h,P4_donchian,short,F3,1,VAL,1187,-0.1425628324853899,0.4919966301600674,-3.6172485878074014,-0.18947690533061445,-169.2220821601578
1h,P4_donchian,short,F3,1,HOLD,1635,-0.1450765449524561,0.4960244648318043,-4.57375440346638,-0.1971885476497705,-237.2001509972657
1h,P4_donchian,short,F3,2,DISC,1705,-0.01540201753557152,0.36070381231671556,-0.31243314531679933,-0.10652040111296403,-26.260439898149443
1h,P4_donchian,short,F3,2,VAL,1187,-0.11843128138554812,0.33866891322662174,-1.8704543465910974,-0.16794956730773242,-140.57793100464562
1h,P4_donchian,short,F3,2,HOLD,1635,-0.13476100520621598,0.3370030581039755,-2.5219296228924333,-0.14482895116495023,-220.33424351216314
1h,P4_donchian,short,F3,3,DISC,1705,0.02631435928196309,0.28152492668621704,0.40094296828164466,-0.07846930943083823,44.86598257574707
1h,P4_donchian,short,F3,3,VAL,1187,-0.10570235589432071,0.2594776748104465,-1.3460070774729984,-0.15627893903702664,-125.46869644655868
1h,P4_donchian,short,F3,3,HOLD,1635,-0.10426395576133198,0.26238532110091745,-1.4210735163296373,-0.14568054857364812,-170.47156766977778
1h,P4_donchian,short,F4,1,DISC,1667,-0.08876794543339966,0.5056988602279544,-3.0167922940536043,-0.1518256513530465,-147.97616503747724
1h,P4_donchian,short,F4,1,VAL,987,-0.16988776775835232,0.48936170212765956,-3.959197692131565,-0.2482886637576056,-167.67922677749374
1h,P4_donchian,short,F4,1,HOLD,1587,-0.1693182557579056,0.4921235034656585,-5.086514168671238,-0.28899774330996153,-268.70807188779617
1h,P4_donchian,short,F4,2,DISC,1667,-0.08260583864792102,0.34193161367726455,-1.7237901864865974,-0.1746033446919217,-137.70393302608434
1h,P4_donchian,short,F4,2,VAL,987,-0.13267994205810463,0.3414387031408308,-1.9488361751605836,-0.1896055131327893,-130.95510281134926
1h,P4_donchian,short,F4,2,HOLD,1587,-0.1484289257387739,0.3383742911153119,-2.697743379663331,-0.29962004647981977,-235.55670514743417
1h,P4_donchian,short,F4,3,DISC,1667,-0.0417770179569662,0.26754649070185965,-0.6649925374660662,-0.12781484503203858,-69.64228893426265
1h,P4_donchian,short,F4,3,VAL,987,-0.07576135612169538,0.2735562310030395,-0.8515963250620685,-0.1465258871879589,-74.77645849211333
1h,P4_donchian,short,F4,3,HOLD,1587,-0.12505583404830026,0.26212980466288593,-1.6369348818175156,-0.32786379517220715,-198.46360863465253
1h,P5_compress,long,F0,1,DISC,1193,-0.16918885484053578,0.4786253143336127,-4.757741506990049,-0.2062118891170798,-201.8423038247592
1h,P5_compress,long,F0,1,VAL,602,-0.3368890118774695,0.45514950166112955,-6.5133840026989,-0.47305272619283273,-202.80718515023665
1h,P5_compress,long,F0,1,HOLD,1009,-0.3438941490685098,0.4578790882061447,-7.71040961620292,-0.4651854752992992,-346.9891964101264
1h,P5_compress,long,F0,2,DISC,1193,-0.1721093200533959,0.32103939647946356,-3.2142449949097434,-0.194715054086472,-205.32641882370132
1h,P5_compress,long,F0,2,VAL,602,-0.5126708401151923,0.25249169435215946,-7.642478466822008,-0.5943467068143269,-308.62784574934574
1h,P5_compress,long,F0,2,HOLD,1009,-0.2909418059623347,0.3280475718533201,-4.64548929308023,-0.42221687173973826,-293.5602822159957
1h,P5_compress,long,F0,3,DISC,1193,-0.054772032454482304,0.2707460184409053,-0.8026361272192362,-0.10674159192677769,-65.34303471819739
1h,P5_compress,long,F0,3,VAL,602,-0.6010456838135413,0.16943521594684385,-7.2148421754189584,-0.6474286522505076,-361.82950165575187
1h,P5_compress,long,F0,3,HOLD,1009,-0.28158717175679326,0.25074331020812685,-3.535732875425834,-0.45455591053869454,-284.12145630260443
1h,P5_compress,long,F1,1,DISC,801,-0.17978282427245862,0.47440699126092384,-4.33254135754616,-0.23250592017030425,-144.00604224223935
1h,P5_compress,long,F1,1,VAL,284,-0.2926965149559332,0.4753521126760563,-4.469931933875928,-0.4319335623820351,-83.12581024748502
1h,P5_compress,long,F1,1,HOLD,530,-0.35809393086043084,0.45660377358490567,-6.508620025476934,-0.4250798888486467,-189.78978335602835
1h,P5_compress,long,F1,2,DISC,801,-0.21275494033607606,0.3083645443196005,-3.4259401893106953,-0.22493510996977567,-170.41670720919691
1h,P5_compress,long,F1,2,VAL,284,-0.41675184922809916,0.28169014084507044,-4.294962899155983,-0.5422385569113866,-118.35752518078016
1h,P5_compress,long,F1,2,HOLD,530,-0.33063179612665816,0.31886792452830187,-4.692378905184363,-0.4308185718733827,-175.23485194712882
1h,P5_compress,long,F1,3,DISC,801,-0.10142939220447467,0.2596754057428215,-1.266181222720998,-0.17891259564271283,-81.24494315578421
1h,P5_compress,long,F1,3,VAL,284,-0.496770851987216,0.1936619718309859,-3.9094933788992288,-0.5975397790666324,-141.08292196436935
1h,P5_compress,long,F1,3,HOLD,530,-0.3694015957994457,0.2320754716981132,-4.191107763944825,-0.4962104266862358,-195.7828457737062
1h,P5_compress,long,F2,1,DISC,392,-0.14754148362887715,0.4872448979591837,-2.2483277534893222,-0.15079487384230267,-57.83626158251984
1h,P5_compress,long,F2,1,VAL,318,-0.37635652485142024,0.4371069182389937,-5.131680080838763,-0.6139438276617734,-119.68137490275163
1h,P5_compress,long,F2,1,HOLD,479,-0.3281824907183676,0.4592901878914405,-4.979485310696779,-0.520780115827445,-157.19941305409807
1h,P5_compress,long,F2,2,DISC,392,-0.08905538677169487,0.3469387755102041,-0.9320050289482271,-0.17292686471639399,-34.90971161450439
1h,P5_compress,long,F2,2,VAL,318,-0.5983343414105836,0.22641509433962265,-7.018191282470334,-0.7239496605260668,-190.27032056856558
1h,P5_compress,long,F2,2,HOLD,479,-0.24702595045692463,0.33820459290187893,-2.473629897850166,-0.41029313569241044,-118.3254302688669
1h,P5_compress,long,F2,3,DISC,392,0.04056609295302755,0.29336734693877553,0.3386005888287385,-0.004819083889763946,15.901908437586801
1h,P5_compress,long,F2,3,VAL,318,-0.6941716342496306,0.14779874213836477,-7.229167242000825,-0.7951022934412881,-220.74657969138252
1h,P5_compress,long,F2,3,HOLD,479,-0.18442298649039307,0.27139874739039666,-1.4619287142833624,-0.3968141329824477,-88.33861052889829
1h,P5_compress,long,F3,1,DISC,699,-0.16073341097476093,0.48354792560801146,-3.5962244319234324,-0.1794904100208893,-112.35265427135789
1h,P5_compress,long,F3,1,VAL,265,-0.26370862640099346,0.4830188679245283,-3.7719187690771094,-0.41104291590763126,-69.88278599626327
1h,P5_compress,long,F3,1,HOLD,476,-0.39181786601019,0.4495798319327731,-6.403998443828759,-0.5064343116905129,-186.50530422085043
1h,P5_compress,long,F3,2,DISC,699,-0.18869263097035952,0.31616595135908443,-2.803414201084261,-0.26139537387252937,-131.8961490482813
1h,P5_compress,long,F3,2,VAL,265,-0.3895443952709941,0.28679245283018867,-3.721399197135436,-0.5420164827114966,-103.22926474681344
1h,P5_compress,long,F3,2,HOLD,476,-0.3549579533481859,0.3172268907563025,-4.577760339615799,-0.4803680371258215,-168.9599857937365
1h,P5_compress,long,F3,3,DISC,699,-0.0461420384661802,0.2732474964234621,-0.5308301451789045,-0.16196795083766197,-32.25328488785996
1h,P5_compress,long,F3,3,VAL,265,-0.4421032974473688,0.2037735849056604,-3.2149669166200066,-0.722652605940812,-117.15737382355273
1h,P5_compress,long,F3,3,HOLD,476,-0.41026899713370696,0.226890756302521,-4.555255260780061,-0.5830943041087407,-195.2880426356445
1h,P5_compress,long,F4,1,DISC,544,-0.21027301752319646,0.46139705882352944,-4.114432291136045,-0.22921647918609206,-114.38852153261888
1h,P5_compress,long,F4,1,VAL,302,-0.3562153988554303,0.4602649006622517,-4.947210779402765,-0.45967024581191457,-107.57705045433995
1h,P5_compress,long,F4,1,HOLD,494,-0.3852609055798057,0.451417004048583,-6.9163264348483,-0.43289465277141487,-190.318887356424
1h,P5_compress,long,F4,2,DISC,544,-0.1924862301434987,0.3161764705882353,-2.4270193264326494,-0.29207641154538505,-104.71250919806329
1h,P5_compress,long,F4,2,VAL,302,-0.5222383110147281,0.26158940397350994,-5.566929042951142,-0.67556048559525,-157.71596992644788
1h,P5_compress,long,F4,2,HOLD,494,-0.34390501688338715,0.31983805668016196,-4.476113604639356,-0.43136549574210514,-169.88907834039324
1h,P5_compress,long,F4,3,DISC,544,-0.04063261083992097,0.2757352941176471,-0.388279751792641,-0.3194030496838147,-22.10414029691701
1h,P5_compress,long,F4,3,VAL,302,-0.6421608857797666,0.16887417218543047,-5.3546485465773,-0.6961275855799773,-193.93258750548952
1h,P5_compress,long,F4,3,HOLD,494,-0.3840686152867479,0.23279352226720648,-3.905053043916542,-0.5624774253688192,-189.72989595165348
1h,P5_compress,short,F0,1,DISC,921,-0.09445739831410649,0.511400651465798,-2.0648316014728256,-0.1984285473273682,-86.99526384729208
1h,P5_compress,short,F0,1,VAL,497,-0.3482106323600668,0.4305835010060362,-5.553867260215564,-0.46567551317858813,-173.0606842829532
1h,P5_compress,short,F0,1,HOLD,890,-0.3010080871821536,0.4707865168539326,-6.326689278107108,-0.49875729143566755,-267.8971975921167
1h,P5_compress,short,F0,2,DISC,921,-0.0232395074377089,0.36699239956568946,-0.3305944057161951,-0.17276212091575638,-21.403586350129896
1h,P5_compress,short,F0,2,VAL,497,-0.38224267315049176,0.28169014084507044,-4.2903041427425315,-0.5083620452762396,-189.97460855579442
1h,P5_compress,short,F0,2,HOLD,890,-0.3151001401297561,0.3146067415730337,-4.132184650824525,-0.5225298644319762,-280.43912471548293
1h,P5_compress,short,F0,3,DISC,921,0.03387269537165523,0.2909880564603692,0.3663311211591235,-0.20139017473303206,31.196752437294464
1h,P5_compress,short,F0,3,VAL,497,-0.40416639422713874,0.20724346076458752,-3.7294424583107277,-0.6012290569934512,-200.87069793088796
1h,P5_compress,short,F0,3,HOLD,890,-0.2435015498581803,0.2550561797752809,-2.480808851393201,-0.41222659372567144,-216.71637937378046
1h,P5_compress,short,F1,1,DISC,567,-0.04699777943946825,0.5343915343915344,-0.8194101399011127,-0.1710548895180102,-26.647740942178498
1h,P5_compress,short,F1,1,VAL,311,-0.3909611988207327,0.41479099678456594,-4.781406373842111,-0.503234940635262,-121.58893283324787
1h,P5_compress,short,F1,1,HOLD,558,-0.3030194661026325,0.4659498207885305,-4.898389060527218,-0.4834610300515996,-169.08486208526892
1h,P5_compress,short,F1,2,DISC,567,0.08374397594176441,0.4021164021164021,0.9166327907206616,-0.17050902600527457,47.482834358980426
1h,P5_compress,short,F1,2,VAL,311,-0.4621966089631902,0.2572347266881029,-4.200349260650027,-0.6174584913243817,-143.74314538755215
1h,P5_compress,short,F1,2,HOLD,558,-0.2805730577806327,0.3225806451612903,-2.975997318528179,-0.3721192466990468,-156.55976624159302
1h,P5_compress,short,F1,3,DISC,567,0.17577220654284637,0.3262786596119929,1.422938545637713,-0.19748594509144862,99.66284110979389
1h,P5_compress,short,F1,3,VAL,311,-0.5073043381899902,0.1832797427652733,-4.20855301083381,-0.7930000507216993,-157.77164917708694
1h,P5_compress,short,F1,3,HOLD,558,-0.2212670466387237,0.25806451612903225,-1.83353939805264,-0.3161748150760288,-123.46701202440782
1h,P5_compress,short,F2,1,DISC,354,-0.17047322854551863,0.4745762711864407,-2.6798542853653546,-0.2410343211758044,-60.34752290511359
1h,P5_compress,short,F2,1,VAL,186,-0.27672984650379195,0.45698924731182794,-3.011535946842618,-0.37856960694928077,-51.4717514497053
1h,P5_compress,short,F2,1,HOLD,332,-0.2976275165868908,0.4789156626506024,-4.320730102717408,-0.5201471854036324,-98.81233550684775
1h,P5_compress,short,F2,2,DISC,354,-0.1945944087827975,0.3107344632768362,-2.2436177790558243,-0.23153731200159186,-68.88642070911031
1h,P5_compress,short,F2,2,VAL,186,-0.2485562535927004,0.3225806451612903,-1.8062875130296263,-0.30736707786853396,-46.23146316824227
1h,P5_compress,short,F2,2,HOLD,332,-0.3731305978129214,0.30120481927710846,-3.079680913738701,-0.7328601591479426,-123.87935847388991
1h,P5_compress,short,F2,3,DISC,354,-0.1934070301483035,0.2344632768361582,-1.824178841905494,-0.2146612301055878,-68.46608867249944
1h,P5_compress,short,F2,3,VAL,186,-0.23171531588065053,0.24731182795698925,-1.2477143343402954,-0.3429688278863556,-43.099048753801
1h,P5_compress,short,F2,3,HOLD,332,-0.2808715884017248,0.25,-1.800915171133223,-0.5720577560267424,-93.24936734937265
1h,P5_compress,short,F3,1,DISC,498,-0.029923390705209923,0.5421686746987951,-0.47915488142591073,-0.17653349588011108,-14.901848571194542
1h,P5_compress,short,F3,1,VAL,296,-0.40211690894943264,0.40878378378378377,-4.9010829465347925,-0.4910631106373315,-119.02660504903206
1h,P5_compress,short,F3,1,HOLD,530,-0.27136228998204903,0.47735849056603774,-4.160176230726539,-0.47090314368820513,-143.822013690486
1h,P5_compress,short,F3,2,DISC,498,0.1327182921162472,0.41767068273092367,1.3029667521826394,-0.12927262223436883,66.0937094738911
1h,P5_compress,short,F3,2,VAL,296,-0.4824369961807685,0.2533783783783784,-4.306522593238721,-0.610729431989114,-142.80135086950747
1h,P5_compress,short,F3,2,HOLD,530,-0.18420965597379055,0.35094339622641507,-1.8440259806607437,-0.31530103951686295,-97.63111766610899
1h,P5_compress,short,F3,3,DISC,498,0.24637763057349554,0.3433734939759036,1.7916592289296234,-0.19027859072985892,122.69606002560079
1h,P5_compress,short,F3,3,VAL,296,-0.5460957200004523,0.17567567567567569,-4.414069936967384,-0.7660200928174806,-161.64433312013387
1h,P5_compress,short,F3,3,HOLD,530,-0.13307948275822903,0.27735849056603773,-1.0125461151920552,-0.212695573624248,-70.53212586186139
1h,P5_compress,short,F4,1,DISC,445,-0.10462864271946086,0.5101123595505618,-1.6433650622780234,-0.2772341529295103,-46.55974601016008
1h,P5_compress,short,F4,1,VAL,223,-0.4736787066405472,0.39461883408071746,-5.095959494310118,-0.6193747992313053,-105.63035158084202
1h,P5_compress,short,F4,1,HOLD,506,-0.27597474527295696,0.4881422924901186,-4.270132781129959,-0.4629122658731709,-139.64322110811622
1h,P5_compress,short,F4,2,DISC,445,-0.06811235608894699,0.3550561797752809,-0.6742688420738008,-0.37462959934857776,-30.309998459581408
1h,P5_compress,short,F4,2,VAL,223,-0.44368874261099506,0.2825112107623318,-3.1650606316886667,-0.6406919237423274,-98.9425896022519
1h,P5_compress,short,F4,2,HOLD,506,-0.26331805410705234,0.3359683794466403,-2.4387248313135927,-0.5316530704620956,-133.2389353781685
1h,P5_compress,short,F4,3,DISC,445,-0.004705220086607622,0.28314606741573034,-0.03418758215175333,-0.3471534964949778,-2.0938229385403915
1h,P5_compress,short,F4,3,VAL,223,-0.401041800861347,0.2242152466367713,-2.3346978133660574,-0.7225288854512811,-89.43232159208038
1h,P5_compress,short,F4,3,HOLD,506,-0.1856430754146885,0.2727272727272727,-1.333301298527329,-0.4211169245984796,-93.93539615983238
1h,P6_insidebo,long,F0,1,DISC,2774,-0.2012121087898162,0.45385724585436193,-9.225856519887273,-0.28528630463475957,-558.1623897829502
1h,P6_insidebo,long,F0,1,VAL,1521,-0.20820966522528808,0.4760026298487837,-6.818152615097788,-0.24931910635568846,-316.68690080766316
1h,P6_insidebo,long,F0,1,HOLD,2058,-0.22901574574218214,0.46890184645286687,-8.271060705504311,-0.29117883297748015,-471.3144047374108
1h,P6_insidebo,long,F0,2,DISC,2774,-0.2094234078906067,0.30245133381398703,-6.850182983574305,-0.28935562318481844,-580.940533488543
1h,P6_insidebo,long,F0,2,VAL,1521,-0.24123985603822604,0.31032215647600264,-5.512914913819091,-0.3037340743203607,-366.9258210341418
1h,P6_insidebo,long,F0,2,HOLD,2058,-0.255544600453439,0.3075801749271137,-6.49770731067811,-0.2968389143410167,-525.9107877331775
1h,P6_insidebo,long,F0,3,DISC,2774,-0.19381307043436236,0.2339581831290555,-5.152679449708896,-0.28186233507340247,-537.6374573849212
1h,P6_insidebo,long,F0,3,VAL,1521,-0.2646444950098164,0.23076923076923078,-5.0345170623403,-0.31749288843269713,-402.5242769099308
1h,P6_insidebo,long,F0,3,HOLD,2058,-0.21947358496032018,0.2424684159378037,-4.425656063235718,-0.2610839016189088,-451.67663784833894
1h,P6_insidebo,long,F1,1,DISC,1639,-0.16332921682513193,0.4722391702257474,-6.058463899891851,-0.214244363912325,-267.6965863763912
1h,P6_insidebo,long,F1,1,VAL,755,-0.16975402819687324,0.49403973509933774,-3.998223376805998,-0.24027276263599895,-128.1642912886393
1h,P6_insidebo,long,F1,1,HOLD,1097,-0.22219612673282685,0.47675478577939834,-5.993893036706617,-0.2615079258646043,-243.74915102591106
1h,P6_insidebo,long,F1,2,DISC,1639,-0.16774968158854694,0.3160463697376449,-4.332292066351118,-0.2382880848156317,-274.9417281236284
1h,P6_insidebo,long,F1,2,VAL,755,-0.23840115726455338,0.31125827814569534,-4.005846773915997,-0.3073944076410816,-179.9928737347378
1h,P6_insidebo,long,F1,2,HOLD,1097,-0.23908922660035165,0.31631722880583407,-4.5767655191409045,-0.2833106439127892,-262.28088158058574
1h,P6_insidebo,long,F1,3,DISC,1639,-0.143257150026178,0.2458816351433801,-2.970744144440958,-0.20132285257034752,-234.79846889290576
1h,P6_insidebo,long,F1,3,VAL,755,-0.27674531930670815,0.22781456953642384,-4.045000669406089,-0.33729978182884185,-208.94271607656466
1h,P6_insidebo,long,F1,3,HOLD,1097,-0.2150385182400908,0.24521422060164083,-3.2775408414429514,-0.2990673232236602,-235.8972545093796
1h,P6_insidebo,long,F2,1,DISC,1135,-0.25591700740665985,0.42731277533039647,-7.517751785680284,-0.38428389748732056,-290.4658034065589
1h,P6_insidebo,long,F2,1,VAL,766,-0.24611306725721135,0.45822454308093996,-5.899307673766567,-0.2963648869961373,-188.5226095190239
1h,P6_insidebo,long,F2,1,HOLD,961,-0.23680047212434943,0.4599375650364204,-6.161833147523036,-0.3266082385102892,-227.5652537114998
1h,P6_insidebo,long,F2,2,DISC,1135,-0.2696024716871495,0.2828193832599119,-5.693388997733382,-0.3605187040359975,-305.9988053649147
1h,P6_insidebo,long,F2,2,VAL,766,-0.24403779020809918,0.3093994778067885,-4.034874777540525,-0.30993479024147796,-186.93294729940396
1h,P6_insidebo,long,F2,2,HOLD,961,-0.2743287264855273,0.2976066597294485,-5.032123844355423,-0.31299273725366994,-263.62990615259173
1h,P6_insidebo,long,F2,3,DISC,1135,-0.26681849206344965,0.21674008810572687,-4.668432569496633,-0.3940948390888158,-302.83898849201535
1h,P6_insidebo,long,F2,3,VAL,766,-0.252717442341209,0.23368146214099217,-3.402445601658426,-0.329904224401881,-193.5815608333661
1h,P6_insidebo,long,F2,3,HOLD,961,-0.2245362989999577,0.2393340270551509,-3.3799469216086044,-0.27874963865998026,-215.77938333895935
1h,P6_insidebo,long,F3,1,DISC,1605,-0.16148884571397526,0.4722741433021807,-5.84835645901646,-0.21591516304529493,-259.1895973709303
1h,P6_insidebo,long,F3,1,VAL,701,-0.189337322971273,0.48074179743223966,-4.301704294466561,-0.2552383889177801,-132.72546340286237
1h,P6_insidebo,long,F3,1,HOLD,1071,-0.21870162601605134,0.4780578898225957,-5.731522205072813,-0.28965741967018316,-234.229441463191
1h,P6_insidebo,long,F3,2,DISC,1605,-0.1670475534807324,0.31588785046728973,-4.21342275015314,-0.22655431626928868,-268.11132333657554
1h,P6_insidebo,long,F3,2,VAL,701,-0.2609859673245403,0.30099857346647646,-4.166057021065696,-0.2826834898360074,-182.95116309450276
1h,P6_insidebo,long,F3,2,HOLD,1071,-0.2087920046998429,0.3258636788048553,-3.84379102470734,-0.2825633984829462,-223.61623703353175
1h,P6_insidebo,long,F3,3,DISC,1605,-0.14937684218127062,0.24485981308411214,-3.0208390888096535,-0.2064599196348526,-239.74983170093935
1h,P6_insidebo,long,F3,3,VAL,701,-0.2752240929419019,0.2253922967189729,-3.753818091052673,-0.2787822927923132,-192.93208915227325
1h,P6_insidebo,long,F3,3,HOLD,1071,-0.19361061308783115,0.25023342670401494,-2.8150226046937985,-0.27338444019324626,-207.35696661706714
1h,P6_insidebo,long,F4,1,DISC,1268,-0.22100540428392465,0.44873817034700314,-6.9856232399448555,-0.34586194956463345,-280.23485263201644
1h,P6_insidebo,long,F4,1,VAL,806,-0.1843724049780669,0.49503722084367247,-4.578225744155215,-0.2832064448818053,-148.6041584123219
1h,P6_insidebo,long,F4,1,HOLD,1015,-0.25565330576640205,0.46108374384236456,-6.474023479436086,-0.31711538177930365,-259.48810535289806
1h,P6_insidebo,long,F4,2,DISC,1268,-0.23666682197368225,0.29652996845425866,-5.291332725680682,-0.3565025357704029,-300.0935302626291
1h,P6_insidebo,long,F4,2,VAL,806,-0.16313993576598598,0.3411910669975186,-2.739469826019478,-0.23176887006289285,-131.4907882273847
1h,P6_insidebo,long,F4,2,HOLD,1015,-0.3003101592129288,0.296551724137931,-5.496084281191876,-0.3488589532042734,-304.81481160112276
1h,P6_insidebo,long,F4,3,DISC,1268,-0.24998988791601554,0.222397476340694,-4.5837914647313065,-0.3943660123023804,-316.9871778775077
1h,P6_insidebo,long,F4,3,VAL,806,-0.22746169042417244,0.24317617866004962,-3.0517369649639723,-0.30425834790803163,-183.33412248188299
1h,P6_insidebo,long,F4,3,HOLD,1015,-0.28753511122869696,0.22758620689655173,-4.241351318490244,-0.3428207835213763,-291.8481378971274
1h,P6_insidebo,short,F0,1,DISC,2453,-0.14940474631636216,0.47778230737871996,-6.43350452798351,-0.1865383371088859,-366.4898427140364
1h,P6_insidebo,short,F0,1,VAL,1535,-0.23419416568934048,0.4631921824104234,-7.5675897274110335,-0.2936807747213849,-359.4880443331376
1h,P6_insidebo,short,F0,1,HOLD,1975,-0.17383816903096735,0.4936708860759494,-6.195420323016476,-0.3036778112466364,-343.33038383616054
1h,P6_insidebo,short,F0,2,DISC,2453,-0.14944233400881451,0.32083163473298004,-4.3511725898407265,-0.19240696682925884,-366.582045323622
1h,P6_insidebo,short,F0,2,VAL,1535,-0.24122863951644383,0.30944625407166126,-5.381809138995134,-0.33965137487868347,-370.28596165774127
1h,P6_insidebo,short,F0,2,HOLD,1975,-0.1935748566542148,0.3260759493670886,-4.946321472904686,-0.3264819222253171,-382.31034189207423
1h,P6_insidebo,short,F0,3,DISC,2453,-0.13097254876431627,0.24785976355483083,-3.1191597790144656,-0.1753015993974266,-321.2756621188678
1h,P6_insidebo,short,F0,3,VAL,1535,-0.2562527064411402,0.23061889250814332,-4.638508276726742,-0.39233928662321393,-393.3479043871502
1h,P6_insidebo,short,F0,3,HOLD,1975,-0.1956322642891206,0.24658227848101266,-4.003055078375857,-0.3113221762056126,-386.37372197101314
1h,P6_insidebo,short,F1,1,DISC,1215,-0.09880516766052655,0.5020576131687243,-2.9388203212083366,-0.1373508831648795,-120.04827870753977
1h,P6_insidebo,short,F1,1,VAL,845,-0.2244806912437793,0.4686390532544379,-5.262481427875059,-0.30553294545079035,-189.68618410099353
1h,P6_insidebo,short,F1,1,HOLD,992,-0.18862339868623562,0.4848790322580645,-4.980859920178022,-0.2797643450421547,-187.11441149674573
1h,P6_insidebo,short,F1,2,DISC,1215,-0.0928144515058726,0.3390946502057613,-1.8784662071549993,-0.13455250510934727,-112.7695585796352
1h,P6_insidebo,short,F1,2,VAL,845,-0.19795356777652337,0.3242603550295858,-3.212286186093777,-0.37403534955372114,-167.27076477116225
1h,P6_insidebo,short,F1,2,HOLD,992,-0.25354365001876455,0.30544354838709675,-4.78904661423327,-0.2988437517557497,-251.51530081861443
1h,P6_insidebo,short,F1,3,DISC,1215,-0.03050688067478455,0.2716049382716049,-0.5015468598633921,-0.0610842021996026,-37.06586001986323
1h,P6_insidebo,short,F1,3,VAL,845,-0.22290306086161965,0.24023668639053256,-3.0138662880626397,-0.37966895557836056,-188.3530864280686
1h,P6_insidebo,short,F1,3,HOLD,992,-0.2153028350548289,0.24092741935483872,-3.211232555386827,-0.2204184116043382,-213.58041237439025
1h,P6_insidebo,short,F2,1,DISC,1238,-0.19906426817972267,0.45395799676898224,-6.38475267153558,-0.24877534622113903,-246.44156400649666
1h,P6_insidebo,short,F2,1,VAL,690,-0.24608965251035367,0.45652173913043476,-5.631997388048272,-0.3214506568357525,-169.80186023214404
1h,P6_insidebo,short,F2,1,HOLD,983,-0.15891757104721754,0.5025432349949135,-4.1193835344578735,-0.32811933506446633,-156.21597233941483
1h,P6_insidebo,short,F2,2,DISC,1238,-0.20501816376735607,0.30290791599353795,-4.515407219165678,-0.2684360994106782,-253.81248674398682
1h,P6_insidebo,short,F2,2,VAL,690,-0.2942249230240275,0.29130434782608694,-4.61141094968156,-0.3797648011848904,-203.01519688657896
1h,P6_insidebo,short,F2,2,HOLD,983,-0.1330570102476702,0.34689725330620547,-2.4488659141235556,-0.3547303992983134,-130.7950410734598
1h,P6_insidebo,short,F2,3,DISC,1238,-0.22957173028998756,0.2245557350565428,-4.249899830088831,-0.33068415197341994,-284.2098020990046
1h,P6_insidebo,short,F2,3,VAL,690,-0.2970939390711329,0.21884057971014492,-3.6742479919550757,-0.407707928909101,-204.9948179590817
1h,P6_insidebo,short,F2,3,HOLD,983,-0.17578159674122373,0.25228891149542215,-2.6495919051232804,-0.40685309450679763,-172.79330959662292
1h,P6_insidebo,short,F3,1,DISC,1180,-0.12013375825094814,0.4923728813559322,-3.630414589000625,-0.16448204962806728,-141.7578347361188
1h,P6_insidebo,short,F3,1,VAL,863,-0.22815317871208346,0.46929316338354576,-5.4900584084392845,-0.307504787197004,-196.89619322852803
1h,P6_insidebo,short,F3,1,HOLD,1014,-0.17012597127502538,0.4911242603550296,-4.512788427825532,-0.30266883496636915,-172.50773487287574
1h,P6_insidebo,short,F3,2,DISC,1180,-0.0791410585087827,0.3440677966101695,-1.6051982228089106,-0.11737613579385091,-93.38644904036359
1h,P6_insidebo,short,F3,2,VAL,863,-0.20700393354305532,0.32329084588644263,-3.4705250743689855,-0.35495166479673157,-178.64439464765675
1h,P6_insidebo,short,F3,2,HOLD,1014,-0.18648270527824753,0.3254437869822485,-3.595062905403195,-0.31112356068029556,-189.093463152143
1h,P6_insidebo,short,F3,3,DISC,1180,-0.046653313835223253,0.2677966101694915,-0.764972269123225,-0.07045172851169144,-55.050910325563436
1h,P6_insidebo,short,F3,3,VAL,863,-0.22359095876293686,0.2410196987253766,-3.062638804037813,-0.445269964059829,-192.9589974124145
1h,P6_insidebo,short,F3,3,HOLD,1014,-0.16163029328421535,0.252465483234714,-2.443235175665622,-0.22095655972321507,-163.89311739019436
1h,P6_insidebo,short,F4,1,DISC,1219,-0.1343949171204486,0.48974569319114025,-4.2567877635594344,-0.196516542926388,-163.82740396982683
1h,P6_insidebo,short,F4,1,VAL,816,-0.26505748281990116,0.4583333333333333,-6.635585516503886,-0.36661981022714024,-216.28690598103935
1h,P6_insidebo,short,F4,1,HOLD,1017,-0.1773996962966114,0.49557522123893805,-4.5559933162570285,-0.29415669267786093,-180.4154911336538
1h,P6_insidebo,short,F4,2,DISC,1219,-0.09210520504467032,0.34290401968826906,-1.9731934691734607,-0.18179624056248464,-112.27624494945312
1h,P6_insidebo,short,F4,2,VAL,816,-0.23797105825295484,0.3174019607843137,-4.022625103640672,-0.3920525579087542,-194.18438353441115
1h,P6_insidebo,short,F4,2,HOLD,1017,-0.1755233285010552,0.3343166175024582,-3.1479708109825615,-0.30420849494569674,-178.50722508557314
1h,P6_insidebo,short,F4,3,DISC,1219,-0.10760323399546291,0.2559474979491386,-1.8977690225115444,-0.14640675089809616,-131.1683422404693
1h,P6_insidebo,short,F4,3,VAL,816,-0.232913266334228,0.2426470588235294,-3.10051234539472,-0.4067614862050363,-190.05722532873003
1h,P6_insidebo,short,F4,3,HOLD,1017,-0.19562172858217183,0.2487708947885939,-2.7933250479152143,-0.32782032357877333,-198.94729796806877
1h,P7_pullback,long,F0,1,DISC,8478,-0.11707733911014132,0.5004718093890068,-5.9439027141199,-0.14380156874004488,-992.5816809757781
1h,P7_pullback,long,F0,1,VAL,4255,-0.1800816009093595,0.4982373678025852,-5.747460823942367,-0.2866930759091916,-766.2472118693247
1h,P7_pullback,long,F0,1,HOLD,5738,-0.1809413926704886,0.49512025095852213,-8.182295626113577,-0.23598574322898297,-1038.2417111432635
1h,P7_pullback,long,F0,2,DISC,8478,-0.07227621433438854,0.35149799481009675,-2.283751803813175,-0.09888076798394993,-612.757745126946
1h,P7_pullback,long,F0,2,VAL,4255,-0.17877917145074543,0.33772032902467686,-3.5431244188169875,-0.23915808403701855,-760.7053745229218
1h,P7_pullback,long,F0,2,HOLD,5738,-0.14378406645756187,0.34611362844196586,-4.013208770687031,-0.1910576000337091,-825.03297333349
1h,P7_pullback,long,F0,3,DISC,8478,-0.04850005521532067,0.27294173154045764,-1.2068901817867672,-0.08743001106129068,-411.18346811548867
1h,P7_pullback,long,F0,3,VAL,4255,-0.20016541064941212,0.25146886016451236,-3.264566209705932,-0.21660118357044872,-851.7038223132486
1h,P7_pullback,long,F0,3,HOLD,5738,-0.1574735561239285,0.2589752527012896,-3.541796370508808,-0.2053383876772397,-903.5832650391017
1h,P7_pullback,long,F1,1,DISC,7194,-0.11746395056611636,0.4986099527383931,-5.605216861912059,-0.14176175621584863,-845.0356603726411
1h,P7_pullback,long,F1,1,VAL,3442,-0.1922391919641911,0.48925043579314353,-5.586600264852391,-0.2582634386618593,-661.6872987407457
1h,P7_pullback,long,F1,1,HOLD,4637,-0.1868299752068764,0.4927755014017684,-7.827458072366817,-0.23181244926238675,-866.3305950342858
1h,P7_pullback,long,F1,2,DISC,7194,-0.07283079239260572,0.35015290519877673,-2.1821064111467114,-0.09327534535303444,-523.9447204724055
1h,P7_pullback,long,F1,2,VAL,3442,-0.18773273376903973,0.3326554328878559,-3.463013149744845,-0.20415788625368156,-646.1760696330348
1h,P7_pullback,long,F1,2,HOLD,4637,-0.16031832379457717,0.3411688591761915,-4.085836668365924,-0.19590125283540408,-743.3960674354544
1h,P7_pullback,long,F1,3,DISC,7194,-0.04923298251020149,0.2720322490964693,-1.16860091992881,-0.07029389261187463,-354.1820761783895
1h,P7_pullback,long,F1,3,VAL,3442,-0.2018456166044382,0.24985473561882626,-3.012398778168854,-0.26170044409691456,-694.7526123524763
1h,P7_pullback,long,F1,3,HOLD,4637,-0.17975611778450012,0.25382790597368987,-3.679594713625289,-0.21634432335470785,-833.5291181667271
1h,P7_pullback,long,F2,1,DISC,1284,-0.11491123099932804,0.5109034267912772,-2.341703048301321,-0.15519286661223727,-147.5460206031372
1h,P7_pullback,long,F2,1,VAL,813,-0.1286099792479445,0.5362853628536285,-1.9980779145262253,-0.392379124215941,-104.55991312857888
1h,P7_pullback,long,F2,1,HOLD,1101,-0.15614088656582892,0.5049954586739328,-3.182563183514688,-0.25836977450436255,-171.91111610897764
1h,P7_pullback,long,F2,2,DISC,1284,-0.06916902231662037,0.3590342679127726,-0.8834022342452692,-0.1919582595210362,-88.81302465454054
1h,P7_pullback,long,F2,2,VAL,813,-0.14087245373909849,0.3591635916359164,-1.3130693439786802,-0.4105975011153956,-114.52930488988706
1h,P7_pullback,long,F2,2,HOLD,1101,-0.07414796176025033,0.36693914623069934,-1.047160665329711,-0.1650780077337088,-81.63690589803562
1h,P7_pullback,long,F2,3,DISC,1284,-0.044393607427647384,0.2780373831775701,-0.4344189776078789,-0.26215832977206144,-57.00139193709924
1h,P7_pullback,long,F2,3,VAL,813,-0.19305191877093775,0.25830258302583026,-1.569159211904498,-0.39049673310521293,-156.9512099607724
1h,P7_pullback,long,F2,3,HOLD,1101,-0.06362774466155732,0.28065395095367845,-0.7306299226298038,-0.1783765179104814,-70.05414687237462
1h,P7_pullback,long,F3,1,DISC,6337,-0.11730088570884771,0.49802745778759666,-5.226463737772893,-0.14813030023068502,-743.3357127369679
1h,P7_pullback,long,F3,1,VAL,2863,-0.19776843510528969,0.4855047153335662,-5.324687509144663,-0.28756557411035233,-566.2110297064444
1h,P7_pullback,long,F3,1,HOLD,3958,-0.18480738575522582,0.49368367862556845,-7.13393480532508,-0.23506337844990863,-731.4676328191838
1h,P7_pullback,long,F3,2,DISC,6337,-0.054584320103881354,0.35568881174057126,-1.5375259785337552,-0.07476836319634536,-345.90083649829614
1h,P7_pullback,long,F3,2,VAL,2863,-0.18465942689047773,0.33216905344044706,-3.222082422769513,-0.21586641425614034,-528.6799391874378
1h,P7_pullback,long,F3,2,HOLD,3958,-0.1598273338805357,0.34133400707427997,-3.7556325311702206,-0.19955983341232386,-632.5965874991603
1h,P7_pullback,long,F3,3,DISC,6337,-0.031818785647049944,0.2759981063594761,-0.7119589823437715,-0.05287124596494697,-201.6356446453555
1h,P7_pullback,long,F3,3,VAL,2863,-0.20829588379105973,0.24589591337757596,-3.024114206856135,-0.22319127495246066,-596.351115293804
1h,P7_pullback,long,F3,3,HOLD,3958,-0.16338088817139784,0.2579585649317837,-3.0875879073800228,-0.22398015254423048,-646.6615553823926
1h,P7_pullback,long,F4,1,DISC,3883,-0.15508856215195624,0.4893123873293845,-5.5345574008099385,-0.2026972977905846,-602.2088868360461
1h,P7_pullback,long,F4,1,VAL,1966,-0.2496958027291304,0.47711088504577825,-5.9885515358705925,-0.3829274218652104,-490.90194816547034
1h,P7_pullback,long,F4,1,HOLD,2650,-0.16327360026265364,0.5086792452830189,-5.093894048167473,-0.2184704609864243,-432.6750406960321
1h,P7_pullback,long,F4,2,DISC,3883,-0.13615900366328365,0.33582281740921965,-2.985497888336343,-0.18658228177976963,-528.7054112245304
1h,P7_pullback,long,F4,2,VAL,1966,-0.25753150187885804,0.3214649033570702,-3.939931467240047,-0.3660550869288029,-506.30693269383494
1h,P7_pullback,long,F4,2,HOLD,2650,-0.10622096263223595,0.3618867924528302,-2.0464497244857096,-0.1447866573976938,-281.48555097542527
1h,P7_pullback,long,F4,3,DISC,3883,-0.11228004576466792,0.26139582796806593,-1.915916609671713,-0.1732703256954595,-435.9834177042055
1h,P7_pullback,long,F4,3,VAL,1966,-0.260218012549271,0.2451678535096643,-3.3038562782440213,-0.33649037249238445,-511.58861267186677
1h,P7_pullback,long,F4,3,HOLD,2650,-0.1338672283514162,0.26754716981132076,-2.105022364737393,-0.14974191378664023,-354.74815513125293
1h,P7_pullback,short,F0,1,DISC,6904,-0.07567113805112081,0.5212920046349943,-3.2892157474241737,-0.10776556995755107,-522.4335371049381
1h,P7_pullback,short,F0,1,VAL,4475,-0.21809518402545433,0.48111731843575417,-6.821153188198554,-0.31736983819260445,-975.9759485139082
1h,P7_pullback,short,F0,1,HOLD,5225,-0.19501552890999935,0.4878468899521531,-7.796724330098783,-0.2901980025234231,-1018.9561385547465
1h,P7_pullback,short,F0,2,DISC,6904,-0.03379991727808199,0.36486095017381226,-0.897715381401767,-0.08338314403630528,-233.35462888787805
1h,P7_pullback,short,F0,2,VAL,4475,-0.2003465703714301,0.3311731843575419,-3.898521044068994,-0.32569104187526265,-896.5509024121498
1h,P7_pullback,short,F0,2,HOLD,5225,-0.17819733841945148,0.33473684210526317,-4.375783349835507,-0.2482017223687201,-931.081093241634
1h,P7_pullback,short,F0,3,DISC,6904,-0.007800292775112607,0.2827346465816918,-0.1564058847654426,-0.09472668770955975,-53.85322131937744
1h,P7_pullback,short,F0,3,VAL,4475,-0.1663104407160397,0.25966480446927376,-2.534660430629572,-0.32319892415796253,-744.2392222042777
1h,P7_pullback,short,F0,3,HOLD,5225,-0.13354200285863166,0.26392344497607656,-2.5444312780781426,-0.23389815374467873,-697.7569649363504
1h,P7_pullback,short,F1,1,DISC,5496,-0.07871993364927916,0.5189228529839883,-3.0535494245238315,-0.10077909603983112,-432.64475533643827
1h,P7_pullback,short,F1,1,VAL,3783,-0.22498712034739513,0.4781919111816019,-6.423290084147033,-0.34165043625288316,-851.1262762741958
1h,P7_pullback,short,F1,1,HOLD,4190,-0.18145122069882744,0.4918854415274463,-6.56718195205195,-0.2583498979174061,-760.280614728087
1h,P7_pullback,short,F1,2,DISC,5496,-0.046039461025331616,0.36026200873362446,-1.0924451634038281,-0.08246518403210026,-253.03287779522256
1h,P7_pullback,short,F1,2,VAL,3783,-0.20197967801679753,0.33068992862807295,-3.582299397180399,-0.3413647157062853,-764.0891219375451
1h,P7_pullback,short,F1,2,HOLD,4190,-0.16498351192827562,0.33723150357995224,-3.611132089271277,-0.21333854760022022,-691.2809149794748
1h,P7_pullback,short,F1,3,DISC,5496,-0.004281523503351516,0.28347889374090246,-0.0764538778206544,-0.07306451834527407,-23.53125317441993
1h,P7_pullback,short,F1,3,VAL,3783,-0.1748138336816653,0.25799629923341266,-2.4354575398527376,-0.3436503503857964,-661.3207328177399
1h,P7_pullback,short,F1,3,HOLD,4190,-0.11920895982879981,0.26610978520286394,-2.0593563016484233,-0.1914539672182037,-499.4855416826712
1h,P7_pullback,short,F2,1,DISC,1408,-0.06377044159694586,0.5305397727272727,-1.4904208706879272,-0.13759150635281733,-89.78878176849977
1h,P7_pullback,short,F2,1,VAL,692,-0.18041860150247455,0.49710982658959535,-2.560919501218564,-0.27118372696651066,-124.84967223971239
1h,P7_pullback,short,F2,1,HOLD,1035,-0.24992804234459867,0.4714975845410628,-5.134644029456304,-0.43044835137849197,-258.6755238266596
1h,P7_pullback,short,F2,2,DISC,1408,0.01397602905351173,0.3828125,0.20843302649181597,-0.08730200454036802,19.678248907344518
1h,P7_pullback,short,F2,2,VAL,692,-0.1914187579112784,0.3338150289017341,-1.832076818267625,-0.2863856818059306,-132.46178047460467
1h,P7_pullback,short,F2,2,HOLD,1035,-0.2316909934900089,0.32463768115942027,-3.072143732174722,-0.4017296162250333,-239.80017826215922
1h,P7_pullback,short,F2,3,DISC,1408,-0.021535488739316468,0.27982954545454547,-0.24782258909937394,-0.18720459476993898,-30.321968144957587
1h,P7_pullback,short,F2,3,VAL,692,-0.11982440662794468,0.26878612716763006,-0.8652468666886336,-0.2084387376829995,-82.91848938653771
1h,P7_pullback,short,F2,3,HOLD,1035,-0.191566592515632,0.25507246376811593,-1.8892697590714898,-0.42081075155381414,-198.2714232536791
1h,P7_pullback,short,F3,1,DISC,4526,-0.06412938632279394,0.5267344233318604,-2.2391190631523346,-0.08717052763681331,-290.2496024969654
1h,P7_pullback,short,F3,1,VAL,3402,-0.22920104957769938,0.47677836566725457,-6.238231084631555,-0.3424042896531031,-779.7419706633333
1h,P7_pullback,short,F3,1,HOLD,3532,-0.19171458279298903,0.48471121177802945,-6.201396967452704,-0.2535349355248196,-677.1359064248372
1h,P7_pullback,short,F3,2,DISC,4526,-0.020082322569165045,0.36942112240388864,-0.42792246717567556,-0.05929133704218647,-90.89259194804099
1h,P7_pullback,short,F3,2,VAL,3402,-0.21460283150307835,0.3274544385655497,-3.6508398071790973,-0.3306776083733949,-730.0788327734725
1h,P7_pullback,short,F3,2,HOLD,3532,-0.1591011804454712,0.33748584371460927,-3.1746955999405326,-0.21379606378964702,-561.9453693334043
1h,P7_pullback,short,F3,3,DISC,4526,0.02340692547251632,0.29098541758727353,0.37465089034244653,-0.053171707399401684,105.93974468860887
1h,P7_pullback,short,F3,3,VAL,3402,-0.17191087458078338,0.2595532039976484,-2.297327415028078,-0.30643534931849153,-584.8407953238251
1h,P7_pullback,short,F3,3,HOLD,3532,-0.10078376164969279,0.26925254813137034,-1.5691419391091461,-0.15861691301439548,-355.96824614671493
1h,P7_pullback,short,F4,1,DISC,3776,-0.06812888914931599,0.527542372881356,-2.271279534309567,-0.10689157188086612,-257.25468542781715
1h,P7_pullback,short,F4,1,VAL,2336,-0.2501809870421023,0.476027397260274,-6.1245216048886855,-0.357117749890941,-584.4227857303509
1h,P7_pullback,short,F4,1,HOLD,2893,-0.16899809565417603,0.5025924645696509,-5.276822828306767,-0.24041209104143774,-488.91149072753126
1h,P7_pullback,short,F4,2,DISC,3776,-0.012928876134488768,0.373146186440678,-0.25934282575701717,-0.07451047768319065,-48.81943628382959
1h,P7_pullback,short,F4,2,VAL,2336,-0.2261277573993485,0.3304794520547945,-3.5515560933520733,-0.3590829298155529,-528.2344412848781
1h,P7_pullback,short,F4,2,HOLD,2893,-0.15817429487374784,0.34289664707915657,-3.034083735422494,-0.23443679268250003,-457.5982350697525
1h,P7_pullback,short,F4,3,DISC,3776,0.035488026956393755,0.2939618644067797,0.538116071532768,-0.048589572923591,134.0027897873428
1h,P7_pullback,short,F4,3,VAL,2336,-0.2089667925284774,0.2555650684931507,-2.5913275002678913,-0.3666216001837886,-488.14642734652324
1h,P7_pullback,short,F4,3,HOLD,2893,-0.14449446976055844,0.2627030763912893,-2.183229327127571,-0.19146181441394655,-418.02250101729555
1h,P8_capit,long,F0,1,DISC,254,-0.3143215873126197,0.3858267716535433,-4.3038039710150295,-0.39247101248128613,-79.83768317740541
1h,P8_capit,long,F0,1,VAL,159,-0.36620748337118836,0.4088050314465409,-3.4353167459008653,-0.4644347359731955,-58.22698985601895
1h,P8_capit,long,F0,1,HOLD,190,-0.19478942089867882,0.46842105263157896,-1.945606286539304,-0.3124077536503597,-37.009989970748975
1h,P8_capit,long,F0,2,DISC,254,-0.3916495562841575,0.23622047244094488,-4.386140946346885,-0.5906428468202738,-99.478987296176
1h,P8_capit,long,F0,2,VAL,159,-0.38074426542422163,0.27044025157232704,-2.8985298967147957,-0.5163017314435332,-60.53833820245124
1h,P8_capit,long,F0,2,HOLD,190,-0.19755801865709488,0.3157894736842105,-1.5452474295136869,-0.27723832829936396,-37.53602354484803
1h,P8_capit,long,F0,3,DISC,254,-0.41550729285253024,0.17716535433070865,-4.0565952217435495,-0.47893489574055675,-105.53885238454268
1h,P8_capit,long,F0,3,VAL,159,-0.5383618602252173,0.16981132075471697,-3.9833092449266454,-0.7137689523194533,-85.59953577580954
1h,P8_capit,long,F0,3,HOLD,190,-0.22996950519090478,0.23684210526315788,-1.474856714387903,-0.385986858356502,-43.69420598627191
1h,P8_capit,long,F1,1,DISC,76,-0.42900513496204057,0.32894736842105265,-3.7422174965332227,-0.8077035082323906,-32.604390257115085
1h,P8_capit,long,F1,1,VAL,42,-0.36661201234953567,0.40476190476190477,-2.0330794054636168,-0.5385500473230228,-15.397704518680497
1h,P8_capit,long,F1,1,HOLD,64,-0.21325985665211594,0.46875,-1.388023923722406,-0.7204778024369679,-13.64863082573542
1h,P8_capit,long,F1,2,DISC,76,-0.37895059036583495,0.23684210526315788,-2.387956483545406,-1.0585380780490339,-28.800244867803457
1h,P8_capit,long,F1,2,VAL,42,-0.6198545531383053,0.19047619047619047,-3.055047887097086,-0.6943243203148824,-26.033891231808823
1h,P8_capit,long,F1,2,HOLD,64,-0.09355126064939374,0.359375,-0.4470303254530012,-0.722867206971827,-5.9872806815612
1h,P8_capit,long,F1,3,DISC,76,-0.24841941717861565,0.21052631578947367,-1.2972093876805653,-1.0585380780490339,-18.87987570557479
1h,P8_capit,long,F1,3,VAL,42,-0.8154325863938241,0.09523809523809523,-4.226197380554927,-1.0361156499099926,-34.24816862854061
1h,P8_capit,long,F1,3,HOLD,64,-0.2601153772194026,0.25,-1.0318480369039837,-0.8114613313446514,-16.647384142041766
1h,P8_capit,long,F2,1,DISC,178,-0.26535557820387823,0.4101123595505618,-3.0207415386417096,-0.29448573618568114,-47.233292920290324
1h,P8_capit,long,F2,1,VAL,117,-0.36606226784049956,0.41025641025641024,-2.850001836257315,-0.5210483221488991,-42.82928533733845
1h,P8_capit,long,F2,1,HOLD,126,-0.18540761226201236,0.46825396825396826,-1.4768043694389497,-0.29054242521191626,-23.361359145013555
1h,P8_capit,long,F2,2,DISC,178,-0.39707158667625014,0.23595505617977527,-3.7893306437723093,-0.5606308066448428,-70.67874242837253
1h,P8_capit,long,F2,2,VAL,117,-0.29490980316788384,0.29914529914529914,-1.79905499124602,-0.4377623540002909,-34.50444697064241
1h,P8_capit,long,F2,2,HOLD,126,-0.25038684812132406,0.29365079365079366,-1.6475773010714985,-0.4231489042216086,-31.548742863286833
1h,P8_capit,long,F2,3,DISC,178,-0.48684818358970716,0.16292134831460675,-4.208215239737135,-0.6202749953995537,-86.65897667896787
1h,P8_capit,long,F2,3,VAL,117,-0.43890057390828136,0.19658119658119658,-2.5642336865217845,-0.6385154032036304,-51.35136714726892
1h,P8_capit,long,F2,3,HOLD,126,-0.21465731622404882,0.23015873015873015,-1.1227095784685586,-0.4507024147340823,-27.046821844230152
1h,P8_capit,long,F3,1,DISC,140,-0.4614077993252585,0.3142857142857143,-4.98000571047739,-0.5637896207869553,-64.59709190553619
1h,P8_capit,long,F3,1,VAL,59,-0.2578585618388503,0.4576271186440678,-1.6844405019435762,-0.3600918755496183,-15.213655148492167
1h,P8_capit,long,F3,1,HOLD,88,-0.3421100879031051,0.3977272727272727,-2.3573233036860777,-0.6885619147317722,-30.10568773547325
1h,P8_capit,long,F3,2,DISC,140,-0.5885806818482675,0.17142857142857143,-5.719101745540941,-0.8255157949347849,-82.40129545875745
1h,P8_capit,long,F3,2,VAL,59,-0.5775968998177978,0.2033898305084746,-3.4105128985745874,-0.7458006924324383,-34.078217089250074
1h,P8_capit,long,F3,2,HOLD,88,-0.26757915488381884,0.29545454545454547,-1.433647133211528,-0.6067219592327258,-23.546965629776057
1h,P8_capit,long,F3,3,DISC,140,-0.5398081828491268,0.14285714285714285,-4.373602373970882,-0.7398015092204991,-75.57314559887776
1h,P8_capit,long,F3,3,VAL,59,-0.7868359611723694,0.1016949152542373,-5.010498726227655,-0.9333856898836498,-46.4233217091698
1h,P8_capit,long,F3,3,HOLD,88,-0.32839224415697577,0.2159090909090909,-1.5069386448513433,-0.6540124836146056,-28.89851748581387
1h,P8_capit,long,F4,1,DISC,119,-0.26567950990917655,0.4117647058823529,-2.5531395833285266,-0.3745999808530184,-31.615861679192008
1h,P8_capit,long,F4,1,VAL,80,-0.46834362182262457,0.375,-3.4339209035819835,-0.6673115687458884,-37.467489745809964
1h,P8_capit,long,F4,1,HOLD,91,-0.35068359655060355,0.3956043956043956,-2.291903863825057,-0.437021702034624,-31.912207286104923
1h,P8_capit,long,F4,2,DISC,119,-0.36311483749292084,0.24369747899159663,-2.692059276426491,-0.6347147763709319,-43.21066566165758
1h,P8_capit,long,F4,2,VAL,80,-0.40090501578864507,0.275,-2.2781054628668245,-0.7199675345247261,-32.072401263091606
1h,P8_capit,long,F4,2,HOLD,91,-0.40387631837930377,0.25274725274725274,-2.5729890360724608,-0.53419456258099,-36.752744972516645
1h,P8_capit,long,F4,3,DISC,119,-0.4325971257079747,0.16806722689075632,-2.9088442810816004,-0.5503416873652428,-51.47905795924899
1h,P8_capit,long,F4,3,VAL,80,-0.5320390325789196,0.175,-2.9187125460620287,-0.8449439850542657,-42.56312260631357
1h,P8_capit,long,F4,3,HOLD,91,-0.6105036470725979,0.15384615384615385,-3.96735290961616,-0.7404371031000092,-55.5558318836064
1h,P8_capit,short,F0,1,DISC,148,-0.24217411904186792,0.43243243243243246,-2.734926955856624,-0.4819933085456347,-35.84176961819645
1h,P8_capit,short,F0,1,VAL,136,-0.35212518314317665,0.4117647058823529,-3.4660478889715183,-0.4259250461387999,-47.88902490747202
1h,P8_capit,short,F0,1,HOLD,151,-0.27667376038834235,0.4503311258278146,-3.016117000285527,-0.35768580130950456,-41.77773781863969
1h,P8_capit,short,F0,2,DISC,148,-0.16879926685560623,0.31756756756756754,-1.3843428789243186,-0.4541801375198783,-24.98229149462972
1h,P8_capit,short,F0,2,VAL,136,-0.34707312174666677,0.27941176470588236,-2.5936719809699254,-0.48408956327620006,-47.20194455754668
1h,P8_capit,short,F0,2,HOLD,151,-0.2319643269557941,0.31788079470198677,-1.7430669659337206,-0.35191970516107896,-35.02661337032491
1h,P8_capit,short,F0,3,DISC,148,-0.13068272368286943,0.25,-0.8504189885617061,-0.42420952196868944,-19.341043105064674
1h,P8_capit,short,F0,3,VAL,136,-0.36643311339551765,0.20588235294117646,-2.295900518524618,-0.38487026173850536,-49.8349034217904
1h,P8_capit,short,F0,3,HOLD,151,-0.18457677141613024,0.25165562913907286,-1.0866935071441521,-0.3409187979929808,-27.871092483835668
1h,P8_capit,short,F1,1,DISC,41,-0.1391309933642143,0.4878048780487805,-0.8668084413932193,-0.4838486712891207,-5.704370727932787
1h,P8_capit,short,F1,1,VAL,39,-0.49256758170955706,0.358974358974359,-2.8463899664813597,-0.7971877932231407,-19.210135686672725
1h,P8_capit,short,F1,1,HOLD,52,-0.2773812315125706,0.4423076923076923,-1.6390101933885863,-0.459342998696909,-14.423824038653672
1h,P8_capit,short,F1,2,DISC,41,-0.058957227673391364,0.36585365853658536,-0.23932044391579546,-0.35383347939338156,-2.417246334609046
1h,P8_capit,short,F1,2,VAL,39,-0.4521134858516882,0.2564102564102564,-1.8940603166899739,-1.0380647085062826,-17.63242594821584
1h,P8_capit,short,F1,2,HOLD,52,-0.48287182417308555,0.23076923076923078,-2.4171192106183947,-0.7193368698716365,-25.109334857000448
1h,P8_capit,short,F1,3,DISC,41,0.282506186960755,0.36585365853658536,0.8653863529612221,-0.08716681272671488,11.582753665390957
1h,P8_capit,short,F1,3,VAL,39,-0.7160260758724056,0.1282051282051282,-3.095240487886736,-0.9611416315832056,-27.92501695902382
1h,P8_capit,short,F1,3,HOLD,52,-0.4082849834939722,0.19230769230769232,-1.642357051781087,-0.5693368698716365,-21.230819141686553
1h,P8_capit,short,F2,1,DISC,107,-0.28165793355386604,0.411214953271028,-2.737184955905809,-0.4813882989553675,-30.13739889026367
1h,P8_capit,short,F2,1,VAL,97,-0.29565865176081757,0.4329896907216495,-2.4868150253009507,-0.3871397657338082,-28.678889220799306
1h,P8_capit,short,F2,1,HOLD,99,-0.27630215939379815,0.45454545454545453,-2.554835160029794,-0.533530102798992,-27.35391377998602
1h,P8_capit,short,F2,2,DISC,107,-0.21088827252355768,0.29906542056074764,-1.5509221422098491,-0.552905366623088,-22.565045160020674
1h,P8_capit,short,F2,2,VAL,97,-0.3048403980343385,0.28865979381443296,-1.9617394894223907,-0.39007774163550685,-29.569518609330835
1h,P8_capit,short,F2,2,HOLD,99,-0.10017453043762077,0.36363636363636365,-0.6100365597049943,-0.41190789304418385,-9.917278513324456
1h,P8_capit,short,F2,3,DISC,107,-0.2890074464528564,0.205607476635514,-1.7798259814426312,-0.5341147532432463,-30.923796770455635
1h,P8_capit,short,F2,3,VAL,97,-0.22587511817285122,0.23711340206185566,-1.1938335334502728,-0.39161939652285505,-21.90988646276657
1h,P8_capit,short,F2,3,HOLD,99,-0.06707346810251635,0.2828282828282828,-0.31348914726638694,-0.3414326111655248,-6.6402733421491185
1h,P8_capit,short,F3,1,DISC,58,-0.21047817407633035,0.4482758620689655,-1.4650773875307832,-0.47435020148486523,-12.20773409642716
1h,P8_capit,short,F3,1,VAL,63,-0.46655573491237323,0.36507936507936506,-3.344974499986312,-0.5863831100711177,-29.393011299479515
1h,P8_capit,short,F3,1,HOLD,67,-0.3019856137860071,0.43283582089552236,-2.084439976602839,-0.40238600847601086,-20.233036123662473
1h,P8_capit,short,F3,2,DISC,58,-0.050370455389392,0.3620689655172414,-0.23779595074011373,-0.3104486526828603,-2.921486412584736
1h,P8_capit,short,F3,2,VAL,63,-0.395778775395093,0.2698412698412698,-2.0838782240587905,-0.7659874823863045,-24.934062849890857
1h,P8_capit,short,F3,2,HOLD,67,-0.2781491974405389,0.29850746268656714,-1.421428966494998,-0.4869966786104165,-18.635996228516106
1h,P8_capit,short,F3,3,DISC,58,0.2944571308175045,0.3620689655172414,1.048242458137662,-0.03267087490508258,17.078513587415262
1h,P8_capit,short,F3,3,VAL,63,-0.5118971395444161,0.1746031746031746,-2.3658683670769123,-0.5993208157196378,-32.24951979129821
1h,P8_capit,short,F3,3,HOLD,67,-0.2830122273169998,0.22388059701492538,-1.2382634182191503,-0.569823125889833,-18.961819230238987
1h,P8_capit,short,F4,1,DISC,56,-0.1587772585931659,0.48214285714285715,-1.0648454429849756,-0.2852217538301791,-8.89152648121729
1h,P8_capit,short,F4,1,VAL,73,-0.36914257052585187,0.410958904109589,-2.83917925892311,-0.5849891969999749,-26.947407648387188
1h,P8_capit,short,F4,1,HOLD,80,-0.2667136317126829,0.4625,-2.2727887219065095,-0.32924713401675076,-21.33709053701463
1h,P8_capit,short,F4,2,DISC,56,-0.05625927886315353,0.35714285714285715,-0.2713363797563398,-0.3505582946812391,-3.150519616336598
1h,P8_capit,short,F4,2,VAL,73,-0.2943741758587697,0.3013698630136986,-1.682101771629029,-0.5610145811337428,-21.489314837690188
1h,P8_capit,short,F4,2,HOLD,80,-0.07410639938630492,0.375,-0.4315480810557677,-0.20395610509439274,-5.928511950904394
1h,P8_capit,short,F4,3,DISC,56,0.08530039013083661,0.30357142857142855,0.31772358016272667,-0.07278051690346138,4.7768218473268504
1h,P8_capit,short,F4,3,VAL,73,-0.2705056273070694,0.2328767123287671,-1.25230873492779,-0.5171817974496465,-19.746910793416067
1h,P8_capit,short,F4,3,HOLD,80,-0.007200705813783892,0.3,-0.03130003204441028,-0.20717220607528428,-0.5760564651027114
1h,P9_exhaust,long,F0,1,DISC,1619,-0.16868949673097525,0.46201358863495984,-5.0213298614256,-0.21823748105631252,-273.1082952074489
1h,P9_exhaust,long,F0,1,VAL,1121,-0.194868389183525,0.4727921498661909,-4.7331635469096565,-0.2773549757100927,-218.44746427473154
1h,P9_exhaust,long,F0,1,HOLD,1722,-0.20262344315985914,0.4738675958188153,-5.91434613930197,-0.26425530703884514,-348.91756912127744
1h,P9_exhaust,long,F0,2,DISC,1619,-0.23860870177970764,0.28721432983323036,-5.224826535127027,-0.30164067227020824,-386.3074881813467
1h,P9_exhaust,long,F0,2,VAL,1121,-0.23435984819315622,0.3068688670829616,-4.038791686471422,-0.37620101724396826,-262.71738982452814
1h,P9_exhaust,long,F0,2,HOLD,1722,-0.23309099837802216,0.31068524970963995,-4.865293726384167,-0.31285287472537315,-401.38269920695416
1h,P9_exhaust,long,F0,3,DISC,1619,-0.24932433517225533,0.21556516368128475,-4.504644284209685,-0.317427438598261,-403.65609864388136
1h,P9_exhaust,long,F0,3,VAL,1121,-0.23800349147312788,0.2328278322925959,-3.368846008032677,-0.4234870712276872,-266.80191394137637
1h,P9_exhaust,long,F0,3,HOLD,1722,-0.2561540199280742,0.2311265969802555,-4.449194447702116,-0.32588886037022646,-441.0972223161437
1h,P9_exhaust,long,F1,1,DISC,563,-0.0822304429020152,0.5062166962699822,-1.4693556762293716,-0.14575688594085737,-46.295739353834556
1h,P9_exhaust,long,F1,1,VAL,371,-0.24477808288475641,0.4528301886792453,-3.782124782276248,-0.4115806623373381,-90.81266875024463
1h,P9_exhaust,long,F1,1,HOLD,575,-0.2604743015052378,0.4504347826086956,-4.670096714136878,-0.2980296860264945,-149.77272336551175
1h,P9_exhaust,long,F1,2,DISC,563,-0.16474991286358642,0.31261101243339257,-2.226265866900662,-0.22261769163678616,-92.75420094219916
1h,P9_exhaust,long,F1,2,VAL,371,-0.2944389357292997,0.29110512129380056,-3.233370860498939,-0.4812347454377743,-109.2368451555702
1h,P9_exhaust,long,F1,2,HOLD,575,-0.2770794985987147,0.3008695652173913,-3.7061121755201194,-0.28953055930845856,-159.32071169426098
1h,P9_exhaust,long,F1,3,DISC,563,-0.1560243435469394,0.23978685612788633,-1.678241423954133,-0.31723829510699897,-87.84170541692689
1h,P9_exhaust,long,F1,3,VAL,371,-0.28395805428189036,0.22371967654986524,-2.6013799183704247,-0.5033695978869677,-105.34843813858133
1h,P9_exhaust,long,F1,3,HOLD,575,-0.31058404866399564,0.22260869565217392,-3.468085083282669,-0.3454497723167641,-178.58582798179748
1h,P9_exhaust,long,F2,1,DISC,1056,-0.21478461728561965,0.4384469696969697,-5.565298017281421,-0.29391080979419637,-226.81255585361436
1h,P9_exhaust,long,F2,1,VAL,750,-0.17017972736598258,0.4826666666666667,-3.5867781927671545,-0.2072985866371006,-127.63479552448693
1h,P9_exhaust,long,F2,1,HOLD,1147,-0.17362235898497438,0.48561464690496947,-4.452601014007033,-0.24870178857306718,-199.14484575576563
1h,P9_exhaust,long,F2,2,DISC,1056,-0.27798606746131393,0.27367424242424243,-5.168926652669112,-0.36706440063790907,-293.5532872391475
1h,P9_exhaust,long,F2,2,VAL,750,-0.2046407262252773,0.31466666666666665,-3.0014147896131047,-0.3213807819147448,-153.48054466895798
1h,P9_exhaust,long,F2,2,HOLD,1147,-0.2110392218942399,0.3156059285091543,-3.725034044301918,-0.34139717542698306,-242.06198751269318
1h,P9_exhaust,long,F2,3,DISC,1056,-0.2990666602527978,0.20265151515151514,-4.612909022778999,-0.3786846208118075,-315.8143932269545
1h,P9_exhaust,long,F2,3,VAL,750,-0.2152713010703934,0.23733333333333334,-2.5455761848003218,-0.3817939981028873,-161.45347580279505
1h,P9_exhaust,long,F2,3,HOLD,1147,-0.22886782417990076,0.23539668700959024,-3.341878553272486,-0.31596021567008986,-262.51139433434616
1h,P9_exhaust,long,F3,1,DISC,769,-0.09268639076371878,0.5006501950585176,-1.9362998510983243,-0.16023627477768262,-71.27583449729974
1h,P9_exhaust,long,F3,1,VAL,427,-0.16997325174364883,0.4847775175644028,-2.7142456397572876,-0.25844458789709446,-72.57857849453805
1h,P9_exhaust,long,F3,1,HOLD,753,-0.2104162377654759,0.4754316069057105,-4.027020295336084,-0.2517322196210767,-158.44342703740335
1h,P9_exhaust,long,F3,2,DISC,769,-0.15887457720908177,0.31469440832249673,-2.469326646208729,-0.20691203810458017,-122.17454987378387
1h,P9_exhaust,long,F3,2,VAL,427,-0.21508793548894747,0.3114754098360656,-2.3442404424024335,-0.30391676701795994,-91.84254845378057
1h,P9_exhaust,long,F3,2,HOLD,753,-0.2580093731396261,0.30810092961487384,-3.713227257865044,-0.3675786072837763,-194.28105797413843
1h,P9_exhaust,long,F3,3,DISC,769,-0.18148968391396367,0.2340702210663199,-2.318892894613198,-0.24740273897565732,-139.56556692983807
1h,P9_exhaust,long,F3,3,VAL,427,-0.19832773737667464,0.24121779859484777,-1.7897220255289847,-0.367444108622113,-84.68594385984007
1h,P9_exhaust,long,F3,3,HOLD,753,-0.3359374110022792,0.21779548472775564,-4.20357650211601,-0.4563709765647956,-252.96087048471622
1h,P9_exhaust,long,F4,1,DISC,804,-0.1992158511038776,0.4502487562189055,-4.521351012755492,-0.27667043757057336,-160.1695442875176
1h,P9_exhaust,long,F4,1,VAL,608,-0.3027086258403556,0.4292763157894737,-5.78592952552743,-0.37971754473967034,-184.0468445109362
1h,P9_exhaust,long,F4,1,HOLD,905,-0.25140527455625017,0.45414364640883975,-5.507090515484129,-0.29419892288652244,-227.52177347340643
1h,P9_exhaust,long,F4,2,DISC,804,-0.25193584761681476,0.2848258706467662,-4.3797189967974415,-0.3827753130277103,-202.55642148391905
1h,P9_exhaust,long,F4,2,VAL,608,-0.3363682355106135,0.28125,-4.575040723583625,-0.5338732836060751,-204.51188719045302
1h,P9_exhaust,long,F4,2,HOLD,905,-0.2869468276475285,0.2972375690607735,-4.535958371073332,-0.36869445157534475,-259.6868790210133
1h,P9_exhaust,long,F4,3,DISC,804,-0.29195562362350835,0.2064676616915423,-4.1403712530240036,-0.38207087577049526,-234.73232139330074
1h,P9_exhaust,long,F4,3,VAL,608,-0.31945543021150646,0.21875,-3.53066781997572,-0.5932744273726008,-194.22890156859594
1h,P9_exhaust,long,F4,3,HOLD,905,-0.27963203305566975,0.22983425414364642,-3.6778523265982925,-0.344904379881861,-253.06698991538113
1h,P9_exhaust,short,F0,1,DISC,1900,-0.18324312583040714,0.4610526315789474,-6.784257293323141,-0.19441061021995643,-348.1619390777736
1h,P9_exhaust,short,F0,1,VAL,1131,-0.22829753580420775,0.46330680813439434,-5.68706013922458,-0.3435352924850218,-258.20451299455897
1h,P9_exhaust,short,F0,1,HOLD,1717,-0.12874401058653184,0.5195107746068724,-3.8330064570605793,-0.2296172422529178,-221.05346617707517
1h,P9_exhaust,short,F0,2,DISC,1900,-0.299868903106803,0.27157894736842103,-7.755855698244692,-0.33151391769490623,-569.7509159029256
1h,P9_exhaust,short,F0,2,VAL,1131,-0.2471716883255319,0.3059239610963749,-4.434632812775146,-0.386447979846233,-279.5511794961766
1h,P9_exhaust,short,F0,2,HOLD,1717,-0.18173841522446338,0.3337216074548631,-3.7894084232464125,-0.3007902807869554,-312.0448589404036
1h,P9_exhaust,short,F0,3,DISC,1900,-0.30072707264751636,0.20578947368421052,-6.363850452605519,-0.314278548553928,-571.3814380302811
1h,P9_exhaust,short,F0,3,VAL,1131,-0.29066350506629085,0.22281167108753316,-4.4259656417541,-0.4429905658598973,-328.74042422997496
1h,P9_exhaust,short,F0,3,HOLD,1717,-0.1985969901457108,0.24868957483983692,-3.4891613712828207,-0.2976457056563996,-340.99103208018545
1h,P9_exhaust,short,F1,1,DISC,525,-0.22507175238136853,0.44,-4.128870045842086,-0.28844874815633703,-118.16267000021848
1h,P9_exhaust,short,F1,1,VAL,404,-0.19378421121590314,0.4876237623762376,-2.9373079292743145,-0.2435172214211842,-78.28882133122487
1h,P9_exhaust,short,F1,1,HOLD,595,-0.14434139172026458,0.5092436974789916,-2.6826994196604197,-0.22589828591702907,-85.88312807355743
1h,P9_exhaust,short,F1,2,DISC,525,-0.31332959511712744,0.26666666666666666,-4.2813872452048365,-0.3534096076980841,-164.4980374364919
1h,P9_exhaust,short,F1,2,VAL,404,-0.1290731377999169,0.349009900990099,-1.3917049470706115,-0.19541765994086532,-52.14554767116642
1h,P9_exhaust,short,F1,2,HOLD,595,-0.14558692113403757,0.3445378151260504,-1.9414374407902883,-0.22627915282888622,-86.62421807475235
1h,P9_exhaust,short,F1,3,DISC,525,-0.26698837296327016,0.21523809523809523,-3.006377745157781,-0.33301926894629036,-140.16889580571683
1h,P9_exhaust,short,F1,3,VAL,404,-0.21590666019459379,0.24752475247524752,-2.01250652305082,-0.4249109834609216,-87.22629071861589
1h,P9_exhaust,short,F1,3,HOLD,595,-0.15520615710521396,0.25882352941176473,-1.7666466834670358,-0.19086506591276245,-92.34766347760231
1h,P9_exhaust,short,F2,1,DISC,1375,-0.16727219569276733,0.4690909090909091,-5.526011406411884,-0.20076383912102994,-229.99926907755508
1h,P9_exhaust,short,F2,1,VAL,727,-0.24747687986703454,0.4497936726272352,-5.178779511192012,-0.39354432801694056,-179.91569166333412
1h,P9_exhaust,short,F2,1,HOLD,1122,-0.120472672106522,0.5249554367201426,-2.9291854043088494,-0.23138077682988714,-135.17033810351768
1h,P9_exhaust,short,F2,2,DISC,1375,-0.29472936615740636,0.27345454545454545,-6.732061922691978,-0.34853686992230554,-405.25287846643374
1h,P9_exhaust,short,F2,2,VAL,727,-0.31280004377580495,0.28198074277854196,-4.776365063900629,-0.48196313979891686,-227.4056318250102
1h,P9_exhaust,short,F2,2,HOLD,1122,-0.20090966209059832,0.32798573975044565,-3.508265014427953,-0.3361235675090865,-225.4206408656513
1h,P9_exhaust,short,F2,3,DISC,1375,-0.313609121617865,0.20218181818181818,-5.797980419571367,-0.3342918563144684,-431.2125422245644
1h,P9_exhaust,short,F2,3,VAL,727,-0.3322065110197512,0.20907840440165062,-4.2356083201719175,-0.5145067868369474,-241.5141335113591
1h,P9_exhaust,short,F2,3,HOLD,1122,-0.22160728039445915,0.24331550802139038,-3.2484051935921054,-0.3482812424390088,-248.64336860258317
1h,P9_exhaust,short,F3,1,DISC,745,-0.24709985329321685,0.43087248322147653,-5.771744135859322,-0.3007895604078528,-184.08939070344655
1h,P9_exhaust,short,F3,1,VAL,596,-0.248208138566948,0.45805369127516776,-4.312284030594156,-0.4312192588528585,-147.932050585901
1h,P9_exhaust,short,F3,1,HOLD,843,-0.14255650337725878,0.5077105575326216,-3.150261721761363,-0.17362285038226455,-120.17513234702916
1h,P9_exhaust,short,F3,2,DISC,745,-0.3782778769560703,0.24697986577181208,-6.250612113810725,-0.4090939290679122,-281.81701833227237
1h,P9_exhaust,short,F3,2,VAL,596,-0.19956913070490784,0.3238255033557047,-2.43925612291106,-0.43240262208279107,-118.94320190012508
1h,P9_exhaust,short,F3,2,HOLD,843,-0.16706721017806758,0.33570581257413995,-2.4915919187598603,-0.24251451211741576,-140.83765818011096
1h,P9_exhaust,short,F3,3,DISC,745,-0.34656512176816456,0.1959731543624161,-4.703150312261461,-0.3818144196027045,-258.1910157172826
1h,P9_exhaust,short,F3,3,VAL,596,-0.22898821226372346,0.23993288590604026,-2.3363722202013073,-0.41717860536536233,-136.47697450917917
1h,P9_exhaust,short,F3,3,HOLD,843,-0.18755990602418968,0.2491103202846975,-2.399875793203388,-0.24192160192393108,-158.1130007783919
1h,P9_exhaust,short,F4,1,DISC,842,-0.18957231400614782,0.46199524940617576,-4.935528150672812,-0.25652389161749994,-159.61988839317647
1h,P9_exhaust,short,F4,1,VAL,593,-0.22061789684470184,0.47217537942664417,-4.0078601097555495,-0.32974567755240003,-130.8264128289082
1h,P9_exhaust,short,F4,1,HOLD,883,-0.11368071397580251,0.5322763306908267,-2.585332077478254,-0.18097416318338683,-100.38007044063362
1h,P9_exhaust,short,F4,2,DISC,842,-0.30490670556966926,0.27315914489311166,-5.413384005585556,-0.3571370570031486,-256.7314460896615
1h,P9_exhaust,short,F4,2,VAL,593,-0.19832765965660987,0.3254637436762226,-2.542554228449953,-0.2640701469149669,-117.60830217636965
1h,P9_exhaust,short,F4,2,HOLD,883,-0.17817175614030842,0.33861834654586637,-2.8088740984773994,-0.2600726594896474,-157.32566067189234
1h,P9_exhaust,short,F4,3,DISC,842,-0.28869123555078763,0.21258907363420426,-4.102190070462941,-0.30573015958624256,-243.07802033376316
1h,P9_exhaust,short,F4,3,VAL,593,-0.2818045241856412,0.22934232715008432,-3.17446481426017,-0.30179658414131977,-167.11008284208526
1h,P9_exhaust,short,F4,3,HOLD,883,-0.20158421070508753,0.25028312570781425,-2.6689554010551206,-0.35659402691209335,-177.99885805259228
1h,P10_london,long,F0,1,DISC,709,-0.1126623627380883,0.49506346967559944,-2.594038358056301,-0.20647101906246065,-79.8776151813046
1h,P10_london,long,F0,1,VAL,377,-0.1691451128984378,0.4960212201591512,-2.6137075575213182,-0.1907304836482282,-63.76770756271105
1h,P10_london,long,F0,1,HOLD,667,-0.21623420577211275,0.47976011994003,-4.3297247954807245,-0.27294500798718907,-144.2282152499992
1h,P10_london,long,F0,2,DISC,709,-0.05957160896853284,0.34978843441466856,-0.9569844924451198,-0.12700672466446514,-42.236270758689784
1h,P10_london,long,F0,2,VAL,377,-0.3238207227973332,0.2838196286472148,-3.751416966046081,-0.36740353475975657,-122.08041249459463
1h,P10_london,long,F0,2,HOLD,667,-0.20337193197450584,0.328335832083958,-2.9291438646959658,-0.25318582260349015,-135.6490786269954
1h,P10_london,long,F0,3,DISC,709,-0.001924680575419796,0.27926657263751764,-0.025195914125817655,-0.15043827479489566,-1.3645985279726354
1h,P10_london,long,F0,3,VAL,377,-0.33451525249661207,0.21220159151193635,-3.2623379294427437,-0.3604985504865026,-126.11225019122276
1h,P10_london,long,F0,3,HOLD,667,-0.19353178953496564,0.2518740629685157,-2.2643090343974652,-0.2984657394547789,-129.08570361982208
1h,P10_london,long,F1,1,DISC,444,-0.14340707562280366,0.4797297297297297,-2.7295812419391567,-0.2378853041340486,-63.67274157652482
1h,P10_london,long,F1,1,VAL,212,-0.1205316836157339,0.5141509433962265,-1.4948096041645345,-0.2302401740939326,-25.552716926535584
1h,P10_london,long,F1,1,HOLD,393,-0.24037793059033913,0.4707379134860051,-3.8837552133278943,-0.27884677094903676,-94.46852672200328
1h,P10_london,long,F1,2,DISC,444,-0.07496549291677788,0.34459459459459457,-0.9803807006750672,-0.11943942785076607,-33.28467885504938
1h,P10_london,long,F1,2,VAL,212,-0.2581794922870415,0.3018867924528302,-2.4008997933405114,-0.3220160759053897,-54.7340523648528
1h,P10_london,long,F1,2,HOLD,393,-0.234122897505796,0.32061068702290074,-2.747235345650915,-0.26225616924867284,-92.01029871977784
1h,P10_london,long,F1,3,DISC,444,-0.006768355965252145,0.27702702702702703,-0.07093368432014538,-0.2116366311734464,-3.0051500485719522
1h,P10_london,long,F1,3,VAL,212,-0.2440741341301229,0.23113207547169812,-1.9517069319310543,-0.3955283478791305,-51.74371643558606
1h,P10_london,long,F1,3,HOLD,393,-0.20728884491400124,0.24936386768447838,-1.9186097156179072,-0.350009168256562,-81.46451605120248
1h,P10_london,long,F2,1,DISC,265,-0.06115046643313122,0.5207547169811321,-0.8319517986347733,-0.13961497647420937,-16.204873604779774
1h,P10_london,long,F2,1,VAL,165,-0.23160600385560887,0.4727272727272727,-2.3185145638909366,-0.4560299138743259,-38.214990636175465
1h,P10_london,long,F2,1,HOLD,274,-0.18160470265691955,0.4927007299270073,-2.3470136498352128,-0.26371048476453324,-49.759688527995955
1h,P10_london,long,F2,2,DISC,265,-0.03377959208920907,0.3584905660377358,-0.324526330865002,-0.15229273198373,-8.951591903640402
1h,P10_london,long,F2,2,VAL,165,-0.4081597583620717,0.2606060606060606,-3.2625589006155433,-0.6178537442390928,-67.34636012974183
1h,P10_london,long,F2,2,HOLD,274,-0.15926562009933415,0.33941605839416056,-1.4721432321369678,-0.24102968792437932,-43.638779907217554
1h,P10_london,long,F2,3,DISC,265,0.006190760455091735,0.2830188679245283,0.049388519694465345,-0.13156617770253226,1.6405515205993098
1h,P10_london,long,F2,3,VAL,165,-0.4507183863977981,0.18787878787878787,-2.9405017823623107,-0.6956193652658945,-74.36853375563669
1h,P10_london,long,F2,3,HOLD,274,-0.17379995462999848,0.25547445255474455,-1.3530251547508438,-0.2795449357813204,-47.62118756861958
1h,P10_london,long,F3,1,DISC,382,-0.09872938163450823,0.5,-1.8230601718247483,-0.23997718318588712,-37.71462378438214
1h,P10_london,long,F3,1,VAL,177,-0.17183699001153213,0.4915254237288136,-1.9340091878573769,-0.25181833914710894,-30.415147232041186
1h,P10_london,long,F3,1,HOLD,323,-0.24093259180669374,0.47058823529411764,-3.615125795620702,-0.26000358785839794,-77.82122715356208
1h,P10_london,long,F3,2,DISC,382,-0.10062042090134486,0.33507853403141363,-1.2759049317396545,-0.17216377610124856,-38.43700078431374
1h,P10_london,long,F3,2,VAL,177,-0.21799166236129705,0.3163841807909605,-1.8749687770493852,-0.265364203782254,-38.58452423794958
1h,P10_london,long,F3,2,HOLD,323,-0.25929776453598663,0.3126934984520124,-2.8653042165691915,-0.3584074454059437,-83.75317794512368
1h,P10_london,long,F3,3,DISC,382,-0.02349623040444238,0.27225130890052357,-0.24141561239079484,-0.2370535418057499,-8.975560014496988
1h,P10_london,long,F3,3,VAL,177,-0.1766129063563669,0.24858757062146894,-1.2660308308154675,-0.2710179901581056,-31.26048442507694
1h,P10_london,long,F3,3,HOLD,323,-0.20276927883444398,0.25077399380804954,-1.7803487698387297,-0.34004743884823874,-65.49447706352541
1h,P10_london,long,F4,1,DISC,335,-0.10689016673992796,0.5014925373134328,-1.724465792868836,-0.2576773488285444,-35.80820585787587
1h,P10_london,long,F4,1,VAL,199,-0.15653746134399643,0.507537688442211,-1.7625174940127792,-0.2657265364464443,-31.150954807455292
1h,P10_london,long,F4,1,HOLD,338,-0.21857993321023766,0.48520710059171596,-3.220766353952875,-0.3016764164343934,-73.88001742506033
1h,P10_london,long,F4,2,DISC,335,-0.023135174196427695,0.3641791044776119,-0.26377704736860225,-0.27819083418362256,-7.750283355803278
1h,P10_london,long,F4,2,VAL,199,-0.29717445610039556,0.2964824120603015,-2.549305409841962,-0.45675953094521,-59.137716763978716
1h,P10_london,long,F4,2,HOLD,338,-0.17900084382733433,0.34023668639053256,-1.9260369700537576,-0.2539596634707141,-60.502285213639006
1h,P10_london,long,F4,3,DISC,335,-0.011796351246633674,0.27761194029850744,-0.10795884432949138,-0.43822545761485904,-3.951777667622281
1h,P10_london,long,F4,3,VAL,199,-0.34842143636908435,0.21105527638190955,-2.4950908631986235,-0.46181066681714844,-69.33586583744778
1h,P10_london,long,F4,3,HOLD,338,-0.21481573263867473,0.2485207100591716,-1.9530825597167576,-0.23719940436729028,-72.60771763187206
1h,P10_london,short,F0,1,DISC,730,-0.09955159165799796,0.5054794520547945,-2.1166370073992957,-0.14010550201454303,-72.6726619103385
1h,P10_london,short,F0,1,VAL,362,-0.3044592241761114,0.430939226519337,-4.2237854126583265,-0.43435494263243846,-110.21423915175231
1h,P10_london,short,F0,1,HOLD,539,-0.22846483579131538,0.47866419294990725,-3.8831247485324587,-0.3358856215667141,-123.14254649151898
1h,P10_london,short,F0,2,DISC,730,-0.08682630543028164,0.3452054794520548,-1.2923022667974888,-0.13059729114582005,-63.38320296410559
1h,P10_london,short,F0,2,VAL,362,-0.22070312127094655,0.31767955801104975,-2.125946997105824,-0.3319833642667008,-79.89452990008265
1h,P10_london,short,F0,2,HOLD,539,-0.2804939739527358,0.30612244897959184,-3.5305435123158615,-0.42989401348843803,-151.1862519605246
1h,P10_london,short,F0,3,DISC,730,-0.13863971080997256,0.2493150684931507,-1.7047283752119826,-0.21271972795863073,-101.20698889127996
1h,P10_london,short,F0,3,VAL,362,-0.20812214689114872,0.2430939226519337,-1.649413021718009,-0.3640647419270087,-75.34021717459584
1h,P10_london,short,F0,3,HOLD,539,-0.2688404406949107,0.23376623376623376,-2.7455889270280007,-0.37359732261548695,-144.90499753455686
1h,P10_london,short,F1,1,DISC,404,-0.06115651400306199,0.5222772277227723,-0.9932564702950168,-0.13063674819983453,-24.707231657237045
1h,P10_london,short,F1,1,VAL,221,-0.36866461543078516,0.40271493212669685,-4.112127548137094,-0.47936044449507875,-81.47488001020352
1h,P10_london,short,F1,1,HOLD,302,-0.15149839901296758,0.5132450331125827,-1.9361088006784755,-0.23190998203507088,-45.752516501916205
1h,P10_london,short,F1,2,DISC,404,-0.01789835596840836,0.36633663366336633,-0.19899057556349387,-0.08229844412500936,-7.230935811236979
1h,P10_london,short,F1,2,VAL,221,-0.3550507332919693,0.27601809954751133,-2.887295709550338,-0.5044182423641227,-78.46621205752521
1h,P10_london,short,F1,2,HOLD,302,-0.196789071014984,0.33112582781456956,-1.84135589212058,-0.3628721777915326,-59.43029944652517
1h,P10_london,short,F1,3,DISC,404,-0.005583461015276573,0.27970297029702973,-0.05010463858338267,-0.06380242889268128,-2.2557182501717357
1h,P10_london,short,F1,3,VAL,221,-0.35440621128228916,0.2081447963800905,-2.4596575006372534,-0.49434946510030714,-78.3237726933859
1h,P10_london,short,F1,3,HOLD,302,-0.18907576555703562,0.25165562913907286,-1.3957216385378954,-0.31229424612895695,-57.100881198224755
1h,P10_london,short,F2,1,DISC,326,-0.14713322163528061,0.48466257668711654,-2.235826139183781,-0.2336950064487949,-47.96543025310148
1h,P10_london,short,F2,1,VAL,141,-0.2038252421386438,0.475177304964539,-1.918388589762521,-0.3696595337048929,-28.73935914154878
1h,P10_london,short,F2,1,HOLD,237,-0.32654021092659397,0.4345991561181435,-4.189874169133883,-0.4617508694208084,-77.39002998960277
1h,P10_london,short,F2,2,DISC,326,-0.17224621826033315,0.31901840490797545,-1.8689879198842219,-0.3054020158446992,-56.1522671528686
1h,P10_london,short,F2,2,VAL,141,-0.010129913777003124,0.3829787234042553,-0.06155156185879004,-0.13705860856290875,-1.4283178425574405
1h,P10_london,short,F2,2,HOLD,237,-0.3871559177805884,0.2742616033755274,-3.726861908651892,-0.5799812026082841,-91.75595251399945
1h,P10_london,short,F2,3,DISC,326,-0.3035315050340743,0.2116564417177914,-2.9122974798676315,-0.5127748649910169,-98.95127064110822
1h,P10_london,short,F2,3,VAL,141,0.021159968218369494,0.2978723404255319,0.1029293522506717,-0.24780574913535047,2.9835555187900984
1h,P10_london,short,F2,3,HOLD,237,-0.3704815035288275,0.2109704641350211,-2.9783034071518317,-0.5362904544674973,-87.80411633633213
1h,P10_london,short,F3,1,DISC,342,-0.08168548593936065,0.5146198830409356,-1.226262707659971,-0.18614280931442434,-27.936436191261343
1h,P10_london,short,F3,1,VAL,216,-0.268240287114783,0.44907407407407407,-2.904390883196622,-0.3700920954386304,-57.93990201679312
1h,P10_london,short,F3,1,HOLD,254,-0.19746759602148115,0.4921259842519685,-2.2903770428000625,-0.34749638865772625,-50.15676938945621
1h,P10_london,short,F3,2,DISC,342,-0.01716718626271858,0.3684210526315789,-0.17224875906051018,-0.12077335558108825,-5.871177701849755
1h,P10_london,short,F3,2,VAL,216,-0.24492242465709269,0.3101851851851852,-1.8730703459368088,-0.332241176414572,-52.90324372593202
1h,P10_london,short,F3,2,HOLD,254,-0.28601066702382205,0.3031496062992126,-2.554778449197052,-0.4703823311809048,-72.6467094240508
1h,P10_london,short,F3,3,DISC,342,0.028034455536981865,0.2894736842105263,0.22501940103632134,-0.10466534099034795,9.587783793647798
1h,P10_london,short,F3,3,VAL,216,-0.20197664221278785,0.24537037037037038,-1.301711202916826,-0.36864001199611857,-43.62695471796218
1h,P10_london,short,F3,3,HOLD,254,-0.3184675630696135,0.2204724409448819,-2.3122978327643993,-0.48698391725174445,-80.89076101968183
1h,P10_london,short,F4,1,DISC,375,-0.12735336657495183,0.496,-1.9802382291802436,-0.15535003636668934,-47.757512465606936
1h,P10_london,short,F4,1,VAL,182,-0.33990952309664724,0.4230769230769231,-3.4757791230898483,-0.3941596892229822,-61.863533203589796
1h,P10_london,short,F4,1,HOLD,262,-0.21577590970320773,0.48854961832061067,-2.7786687490930895,-0.26814414918878576,-56.533288342240425
1h,P10_london,short,F4,2,DISC,375,-0.16849623112892004,0.32,-1.919425440673374,-0.2878929427044803,-63.18608667334501
1h,P10_london,short,F4,2,VAL,182,-0.22139846774519042,0.3241758241758242,-1.5186920110071207,-0.35244441185672615,-40.294521129624655
1h,P10_london,short,F4,2,HOLD,262,-0.291610081595225,0.3053435114503817,-2.76950256576183,-0.456695240044617,-76.40184137794895
1h,P10_london,short,F4,3,DISC,375,-0.28153842558257147,0.21333333333333335,-2.654033776006359,-0.3565854762438274,-105.57690959346431
1h,P10_london,short,F4,3,VAL,182,-0.013749296728788895,0.2967032967032967,-0.07385547486760526,-0.24508034298703923,-2.5023720046395788
1h,P10_london,short,F4,3,HOLD,262,-0.2510250830697064,0.24045801526717558,-1.9197877044620724,-0.4965114947795191,-65.76857176426307
