sym,entry,seg,H,S,ret,stopped,days,month
0GUSDT,2025-09-18 15:00:00+00:00,VAL,30,None,0.16271295628713023,False,30.0,2025-09
0GUSDT,2025-09-18 15:00:00+00:00,VAL,30,0.5,-1.3074669751101562,True,3.8333333333333335,2025-09
0GUSDT,2025-09-18 15:00:00+00:00,VAL,30,1.0,-1.3074669751101562,True,3.8333333333333335,2025-09
0GUSDT,2025-09-18 15:00:00+00:00,VAL,60,None,0.31737186821857355,False,60.0,2025-09
0GUSDT,2025-09-18 15:00:00+00:00,VAL,60,0.5,-1.3074669751101562,True,3.8333333333333335,2025-09
0GUSDT,2025-09-18 15:00:00+00:00,VAL,60,1.0,-1.3074669751101562,True,3.8333333333333335,2025-09
1000000BOBUSDT,2025-06-06 08:00:00+00:00,VAL,30,None,0.37684791478673707,False,30.0,2025-06
1000000BOBUSDT,2025-06-06 08:00:00+00:00,VAL,30,0.5,0.37684791478673707,False,30.0,2025-06
1000000BOBUSDT,2025-06-06 08:00:00+00:00,VAL,30,1.0,0.37684791478673707,False,30.0,2025-06
1000000BOBUSDT,2025-06-06 08:00:00+00:00,VAL,60,None,0.4034318299373717,False,60.0,2025-06
1000000BOBUSDT,2025-06-06 08:00:00+00:00,VAL,60,0.5,0.4034318299373717,False,60.0,2025-06
1000000BOBUSDT,2025-06-06 08:00:00+00:00,VAL,60,1.0,0.4034318299373717,False,60.0,2025-06
1000000MOGUSDT,2024-11-08 12:00:00+00:00,DISC,30,None,-0.45284532566453917,False,30.0,2024-11
1000000MOGUSDT,2024-11-08 12:00:00+00:00,DISC,30,0.5,-0.25231773676156954,True,27.5,2024-11
1000000MOGUSDT,2024-11-08 12:00:00+00:00,DISC,30,1.0,-0.45284532566453917,False,30.0,2024-11
1000000MOGUSDT,2024-11-08 12:00:00+00:00,DISC,60,None,0.08275040887360163,False,60.0,2024-11
1000000MOGUSDT,2024-11-08 12:00:00+00:00,DISC,60,0.5,-0.25231773676156954,True,27.5,2024-11
1000000MOGUSDT,2024-11-08 12:00:00+00:00,DISC,60,1.0,0.08275040887360163,False,60.0,2024-11
1000CATUSDT,2024-10-22 12:00:00+00:00,DISC,30,None,0.20717331891071422,False,30.0,2024-10
1000CATUSDT,2024-10-22 12:00:00+00:00,DISC,30,0.5,-0.3257767163292057,True,23.166666666666668,2024-10
1000CATUSDT,2024-10-22 12:00:00+00:00,DISC,30,1.0,0.20717331891071422,False,30.0,2024-10
1000CATUSDT,2024-10-22 12:00:00+00:00,DISC,60,None,0.41775012898199815,False,60.0,2024-10
1000CATUSDT,2024-10-22 12:00:00+00:00,DISC,60,0.5,-0.3257767163292057,True,23.166666666666668,2024-10
1000CATUSDT,2024-10-22 12:00:00+00:00,DISC,60,1.0,0.41775012898199815,False,60.0,2024-10
1000CHEEMSUSDT,2024-11-26 11:00:00+00:00,DISC,30,None,-0.5159379424793921,False,30.0,2024-11
1000CHEEMSUSDT,2024-11-26 11:00:00+00:00,DISC,30,0.5,-0.5232541119972899,True,7.583333333333333,2024-11
1000CHEEMSUSDT,2024-11-26 11:00:00+00:00,DISC,30,1.0,-1.0162715975423329,True,28.541666666666668,2024-11
1000CHEEMSUSDT,2024-11-26 11:00:00+00:00,DISC,60,None,-0.18661900121085007,False,60.0,2024-11
1000CHEEMSUSDT,2024-11-26 11:00:00+00:00,DISC,60,0.5,-0.5232541119972899,True,7.583333333333333,2024-11
1000CHEEMSUSDT,2024-11-26 11:00:00+00:00,DISC,60,1.0,-1.0162715975423329,True,28.541666666666668,2024-11
1000WHYUSDT,2024-11-26 11:00:00+00:00,DISC,30,None,0.3360208218371775,False,30.0,2024-11
1000WHYUSDT,2024-11-26 11:00:00+00:00,DISC,30,0.5,0.3360208218371775,False,30.0,2024-11
1000WHYUSDT,2024-11-26 11:00:00+00:00,DISC,30,1.0,0.3360208218371775,False,30.0,2024-11
1000WHYUSDT,2024-11-26 11:00:00+00:00,DISC,60,None,0.7604373040243578,False,60.0,2024-11
1000WHYUSDT,2024-11-26 11:00:00+00:00,DISC,60,0.5,0.7604373040243578,False,60.0,2024-11
1000WHYUSDT,2024-11-26 11:00:00+00:00,DISC,60,1.0,0.7604373040243578,False,60.0,2024-11
1000XUSDT,2024-11-14 12:00:00+00:00,DISC,30,None,0.4021094059213055,False,30.0,2024-11
1000XUSDT,2024-11-14 12:00:00+00:00,DISC,30,0.5,0.4021094059213055,False,30.0,2024-11
1000XUSDT,2024-11-14 12:00:00+00:00,DISC,30,1.0,0.4021094059213055,False,30.0,2024-11
1000XUSDT,2024-11-14 12:00:00+00:00,DISC,60,None,0.5807301922864829,False,60.0,2024-11
1000XUSDT,2024-11-14 12:00:00+00:00,DISC,60,0.5,0.5807301922864829,False,60.0,2024-11
1000XUSDT,2024-11-14 12:00:00+00:00,DISC,60,1.0,0.5807301922864829,False,60.0,2024-11
1MBABYDOGEUSDT,2024-09-17 11:00:00+00:00,DISC,30,None,-0.41245536167659547,False,30.0,2024-09
1MBABYDOGEUSDT,2024-09-17 11:00:00+00:00,DISC,30,0.5,-0.49967227794779767,True,22.0,2024-09
1MBABYDOGEUSDT,2024-09-17 11:00:00+00:00,DISC,30,1.0,-0.41245536167659547,False,30.0,2024-09
1MBABYDOGEUSDT,2024-09-17 11:00:00+00:00,DISC,60,None,0.13990719318353506,False,60.0,2024-09
1MBABYDOGEUSDT,2024-09-17 11:00:00+00:00,DISC,60,0.5,-0.49967227794779767,True,22.0,2024-09
1MBABYDOGEUSDT,2024-09-17 11:00:00+00:00,DISC,60,1.0,0.13990719318353506,False,60.0,2024-09
2ZUSDT,2025-10-03 12:00:00+00:00,VAL,30,None,0.5685369261505548,False,30.0,2025-10
2ZUSDT,2025-10-03 12:00:00+00:00,VAL,30,0.5,0.5685369261505548,False,30.0,2025-10
2ZUSDT,2025-10-03 12:00:00+00:00,VAL,30,1.0,0.5685369261505548,False,30.0,2025-10
2ZUSDT,2025-10-03 12:00:00+00:00,VAL,60,None,0.5123824498967848,False,60.0,2025-10
2ZUSDT,2025-10-03 12:00:00+00:00,VAL,60,0.5,0.5123824498967848,False,60.0,2025-10
2ZUSDT,2025-10-03 12:00:00+00:00,VAL,60,1.0,0.5123824498967848,False,60.0,2025-10
42USDT,2025-10-28 10:00:00+00:00,VAL,30,None,0.42911698070894977,False,30.0,2025-10
42USDT,2025-10-28 10:00:00+00:00,VAL,30,0.5,0.42911698070894977,False,30.0,2025-10
42USDT,2025-10-28 10:00:00+00:00,VAL,30,1.0,0.42911698070894977,False,30.0,2025-10
42USDT,2025-10-28 10:00:00+00:00,VAL,60,None,0.48054981846567657,False,60.0,2025-10
42USDT,2025-10-28 10:00:00+00:00,VAL,60,0.5,0.48054981846567657,False,60.0,2025-10
42USDT,2025-10-28 10:00:00+00:00,VAL,60,1.0,0.48054981846567657,False,60.0,2025-10
4USDT,2025-10-09 11:00:00+00:00,VAL,30,None,0.4942254378602067,False,30.0,2025-10
4USDT,2025-10-09 11:00:00+00:00,VAL,30,0.5,0.4942254378602067,False,30.0,2025-10
4USDT,2025-10-09 11:00:00+00:00,VAL,30,1.0,0.4942254378602067,False,30.0,2025-10
4USDT,2025-10-09 11:00:00+00:00,VAL,60,None,0.6084394576781044,False,60.0,2025-10
4USDT,2025-10-09 11:00:00+00:00,VAL,60,0.5,0.6084394576781044,False,60.0,2025-10
4USDT,2025-10-09 11:00:00+00:00,VAL,60,1.0,0.6084394576781044,False,60.0,2025-10
A2ZUSDT,2025-07-31 08:00:00+00:00,VAL,30,None,-0.10626562308248122,False,30.0,2025-07
A2ZUSDT,2025-07-31 08:00:00+00:00,VAL,30,0.5,-0.5599238894290386,True,7.583333333333333,2025-07
A2ZUSDT,2025-07-31 08:00:00+00:00,VAL,30,1.0,-0.10626562308248122,False,30.0,2025-07
A2ZUSDT,2025-07-31 08:00:00+00:00,VAL,60,None,0.0021941737918983488,False,60.0,2025-07
A2ZUSDT,2025-07-31 08:00:00+00:00,VAL,60,0.5,-0.5599238894290386,True,7.583333333333333,2025-07
A2ZUSDT,2025-07-31 08:00:00+00:00,VAL,60,1.0,0.0021941737918983488,False,60.0,2025-07
ACTUSDT,2024-11-12 12:00:00+00:00,DISC,30,None,0.07892614847806956,False,30.0,2024-11
ACTUSDT,2024-11-12 12:00:00+00:00,DISC,30,0.5,-0.6004428331068977,True,1.625,2024-11
ACTUSDT,2024-11-12 12:00:00+00:00,DISC,30,1.0,0.07892614847806956,False,30.0,2024-11
ACTUSDT,2024-11-12 12:00:00+00:00,DISC,60,None,0.551728472980412,False,60.0,2024-11
ACTUSDT,2024-11-12 12:00:00+00:00,DISC,60,0.5,-0.6004428331068977,True,1.625,2024-11
ACTUSDT,2024-11-12 12:00:00+00:00,DISC,60,1.0,0.551728472980412,False,60.0,2024-11
ACUUSDT,2026-01-22 12:00:00+00:00,HOLD,30,None,-0.23469732719454195,False,30.0,2026-01
ACUUSDT,2026-01-22 12:00:00+00:00,HOLD,30,0.5,-0.6669888390949913,True,0.8333333333333334,2026-01
ACUUSDT,2026-01-22 12:00:00+00:00,HOLD,30,1.0,-1.1855392514793186,True,1.1666666666666667,2026-01
ACUUSDT,2026-01-22 12:00:00+00:00,HOLD,60,None,0.06676818824170183,False,60.0,2026-01
ACUUSDT,2026-01-22 12:00:00+00:00,HOLD,60,0.5,-0.6669888390949913,True,0.8333333333333334,2026-01
ACUUSDT,2026-01-22 12:00:00+00:00,HOLD,60,1.0,-1.1855392514793186,True,1.1666666666666667,2026-01
ACXUSDT,2024-12-07 15:00:00+00:00,DISC,30,None,0.38613899590790834,False,30.0,2024-12
ACXUSDT,2024-12-07 15:00:00+00:00,DISC,30,0.5,0.38613899590790834,False,30.0,2024-12
ACXUSDT,2024-12-07 15:00:00+00:00,DISC,30,1.0,0.38613899590790834,False,30.0,2024-12
ACXUSDT,2024-12-07 15:00:00+00:00,DISC,60,None,0.6436863891209379,False,60.0,2024-12
ACXUSDT,2024-12-07 15:00:00+00:00,DISC,60,0.5,0.6436863891209379,False,60.0,2024-12
ACXUSDT,2024-12-07 15:00:00+00:00,DISC,60,1.0,0.6436863891209379,False,60.0,2024-12
AERGOUSDT,2024-09-11 12:00:00+00:00,DISC,30,None,0.021276344537587314,False,30.0,2024-09
AERGOUSDT,2024-09-11 12:00:00+00:00,DISC,30,0.5,0.021276344537587314,False,30.0,2024-09
AERGOUSDT,2024-09-11 12:00:00+00:00,DISC,30,1.0,0.021276344537587314,False,30.0,2024-09
AERGOUSDT,2024-09-11 12:00:00+00:00,DISC,60,None,0.29814424019810415,False,60.0,2024-09
AERGOUSDT,2024-09-11 12:00:00+00:00,DISC,60,0.5,0.29814424019810415,False,60.0,2024-09
AERGOUSDT,2024-09-11 12:00:00+00:00,DISC,60,1.0,0.29814424019810415,False,60.0,2024-09
AEROUSDT,2024-12-05 14:00:00+00:00,DISC,30,None,0.13062743107942754,False,30.0,2024-12
AEROUSDT,2024-12-05 14:00:00+00:00,DISC,30,0.5,0.13062743107942754,False,30.0,2024-12
AEROUSDT,2024-12-05 14:00:00+00:00,DISC,30,1.0,0.13062743107942754,False,30.0,2024-12
AEROUSDT,2024-12-05 14:00:00+00:00,DISC,60,None,0.48838824621990706,False,60.0,2024-12
AEROUSDT,2024-12-05 14:00:00+00:00,DISC,60,0.5,0.48838824621990706,False,60.0,2024-12
AEROUSDT,2024-12-05 14:00:00+00:00,DISC,60,1.0,0.48838824621990706,False,60.0,2024-12
AEVOUSDT,2024-03-14 13:00:00+00:00,DISC,30,None,0.32465867993526487,False,30.0,2024-03
AEVOUSDT,2024-03-14 13:00:00+00:00,DISC,30,0.5,0.32465867993526487,False,30.0,2024-03
AEVOUSDT,2024-03-14 13:00:00+00:00,DISC,30,1.0,0.32465867993526487,False,30.0,2024-03
AEVOUSDT,2024-03-14 13:00:00+00:00,DISC,60,None,0.5087565027363149,False,60.0,2024-03
AEVOUSDT,2024-03-14 13:00:00+00:00,DISC,60,0.5,0.5087565027363149,False,60.0,2024-03
AEVOUSDT,2024-03-14 13:00:00+00:00,DISC,60,1.0,0.5087565027363149,False,60.0,2024-03
AGTUSDT,2025-05-21 10:00:00+00:00,VAL,30,None,0.5255640861088631,False,30.0,2025-05
AGTUSDT,2025-05-21 10:00:00+00:00,VAL,30,0.5,0.5255640861088631,False,30.0,2025-05
AGTUSDT,2025-05-21 10:00:00+00:00,VAL,30,1.0,0.5255640861088631,False,30.0,2025-05
AGTUSDT,2025-05-21 10:00:00+00:00,VAL,60,None,0.9104463678416856,False,60.0,2025-05
AGTUSDT,2025-05-21 10:00:00+00:00,VAL,60,0.5,0.9104463678416856,False,60.0,2025-05
AGTUSDT,2025-05-21 10:00:00+00:00,VAL,60,1.0,0.9104463678416856,False,60.0,2025-05
AI16ZUSDT,2025-01-03 13:00:00+00:00,DISC,30,None,0.8043940901572335,False,30.0,2025-01
AI16ZUSDT,2025-01-03 13:00:00+00:00,DISC,30,0.5,0.8043940901572335,False,30.0,2025-01
AI16ZUSDT,2025-01-03 13:00:00+00:00,DISC,30,1.0,0.8043940901572335,False,30.0,2025-01
AI16ZUSDT,2025-01-03 13:00:00+00:00,DISC,60,None,0.710817533462615,False,60.0,2025-01
AI16ZUSDT,2025-01-03 13:00:00+00:00,DISC,60,0.5,0.710817533462615,False,60.0,2025-01
AI16ZUSDT,2025-01-03 13:00:00+00:00,DISC,60,1.0,0.710817533462615,False,60.0,2025-01
AIAUSDT,2025-09-19 08:00:00+00:00,VAL,30,None,-1.4570830469360847,False,30.0,2025-09
AIAUSDT,2025-09-19 08:00:00+00:00,VAL,30,0.5,-0.6309913191256319,True,13.166666666666666,2025-09
AIAUSDT,2025-09-19 08:00:00+00:00,VAL,30,1.0,-1.1296015715947156,True,13.291666666666666,2025-09
AIAUSDT,2025-09-19 08:00:00+00:00,VAL,60,None,-0.6301988545248273,False,60.0,2025-09
AIAUSDT,2025-09-19 08:00:00+00:00,VAL,60,0.5,-0.6309913191256319,True,13.166666666666666,2025-09
AIAUSDT,2025-09-19 08:00:00+00:00,VAL,60,1.0,-1.1296015715947156,True,13.291666666666666,2025-09
AIGENSYNUSDT,2026-04-30 14:00:00+00:00,HOLD,30,None,0.2787883080758048,False,30.0,2026-04
AIGENSYNUSDT,2026-04-30 14:00:00+00:00,HOLD,30,0.5,0.2787883080758048,False,30.0,2026-04
AIGENSYNUSDT,2026-04-30 14:00:00+00:00,HOLD,30,1.0,0.2787883080758048,False,30.0,2026-04
AIGENSYNUSDT,2026-04-30 14:00:00+00:00,HOLD,60,None,0.21317379342956067,False,60.0,2026-04
AIGENSYNUSDT,2026-04-30 14:00:00+00:00,HOLD,60,0.5,0.21317379342956067,False,60.0,2026-04
AIGENSYNUSDT,2026-04-30 14:00:00+00:00,HOLD,60,1.0,0.21317379342956067,False,60.0,2026-04
AINUSDT,2025-07-11 10:00:00+00:00,VAL,30,None,0.15453164927449325,False,30.0,2025-07
AINUSDT,2025-07-11 10:00:00+00:00,VAL,30,0.5,0.15453164927449325,False,30.0,2025-07
AINUSDT,2025-07-11 10:00:00+00:00,VAL,30,1.0,0.15453164927449325,False,30.0,2025-07
AINUSDT,2025-07-11 10:00:00+00:00,VAL,60,None,0.1779432283005672,False,60.0,2025-07
AINUSDT,2025-07-11 10:00:00+00:00,VAL,60,0.5,0.1779432283005672,False,60.0,2025-07
AINUSDT,2025-07-11 10:00:00+00:00,VAL,60,1.0,0.1779432283005672,False,60.0,2025-07
AIOTUSDT,2025-05-01 12:00:00+00:00,VAL,30,None,0.42173449439554345,False,30.0,2025-04
AIOTUSDT,2025-05-01 12:00:00+00:00,VAL,30,0.5,-0.5420394490964843,True,1.3333333333333333,2025-04
AIOTUSDT,2025-05-01 12:00:00+00:00,VAL,30,1.0,0.42173449439554345,False,30.0,2025-04
AIOTUSDT,2025-05-01 12:00:00+00:00,VAL,60,None,0.518150405186346,False,60.0,2025-04
AIOTUSDT,2025-05-01 12:00:00+00:00,VAL,60,0.5,-0.5420394490964843,True,1.3333333333333333,2025-04
AIOTUSDT,2025-05-01 12:00:00+00:00,VAL,60,1.0,0.518150405186346,False,60.0,2025-04
AIOUSDT,2025-08-14 11:00:00+00:00,VAL,30,None,-0.6668594517248776,False,30.0,2025-08
AIOUSDT,2025-08-14 11:00:00+00:00,VAL,30,0.5,-0.7551522042862521,True,25.25,2025-08
AIOUSDT,2025-08-14 11:00:00+00:00,VAL,30,1.0,-0.6668594517248776,False,30.0,2025-08
AIOUSDT,2025-08-14 11:00:00+00:00,VAL,60,None,-0.6011081173373236,False,60.0,2025-08
AIOUSDT,2025-08-14 11:00:00+00:00,VAL,60,0.5,-0.7551522042862521,True,25.25,2025-08
AIOUSDT,2025-08-14 11:00:00+00:00,VAL,60,1.0,-1.0922766121284286,True,30.375,2025-08
AIXBTUSDT,2024-12-21 18:00:00+00:00,DISC,30,None,-0.8354116532457941,False,30.0,2024-12
AIXBTUSDT,2024-12-21 18:00:00+00:00,DISC,30,0.5,-0.5635996123745574,True,7.875,2024-12
AIXBTUSDT,2024-12-21 18:00:00+00:00,DISC,30,1.0,-1.2070665340643811,True,24.416666666666668,2024-12
AIXBTUSDT,2024-12-21 18:00:00+00:00,DISC,60,None,0.4528025584146076,False,60.0,2024-12
AIXBTUSDT,2024-12-21 18:00:00+00:00,DISC,60,0.5,-0.5635996123745574,True,7.875,2024-12
AIXBTUSDT,2024-12-21 18:00:00+00:00,DISC,60,1.0,-1.2070665340643811,True,24.416666666666668,2024-12
AKEUSDT,2025-09-27 12:00:00+00:00,VAL,30,None,0.1923361624499963,False,30.0,2025-09
AKEUSDT,2025-09-27 12:00:00+00:00,VAL,30,0.5,0.1923361624499963,False,30.0,2025-09
AKEUSDT,2025-09-27 12:00:00+00:00,VAL,30,1.0,0.1923361624499963,False,30.0,2025-09
AKEUSDT,2025-09-27 12:00:00+00:00,VAL,60,None,0.6083245249881785,False,60.0,2025-09
AKEUSDT,2025-09-27 12:00:00+00:00,VAL,60,0.5,0.6083245249881785,False,60.0,2025-09
AKEUSDT,2025-09-27 12:00:00+00:00,VAL,60,1.0,0.6083245249881785,False,60.0,2025-09
AKTUSDT,2024-11-19 11:00:00+00:00,DISC,30,None,0.32225934170595694,False,30.0,2024-11
AKTUSDT,2024-11-19 11:00:00+00:00,DISC,30,0.5,0.32225934170595694,False,30.0,2024-11
AKTUSDT,2024-11-19 11:00:00+00:00,DISC,30,1.0,0.32225934170595694,False,30.0,2024-11
AKTUSDT,2024-11-19 11:00:00+00:00,DISC,60,None,0.3860983172562925,False,60.0,2024-11
AKTUSDT,2024-11-19 11:00:00+00:00,DISC,60,0.5,0.3860983172562925,False,60.0,2024-11
AKTUSDT,2024-11-19 11:00:00+00:00,DISC,60,1.0,0.3860983172562925,False,60.0,2024-11
ALCHUSDT,2025-01-08 11:00:00+00:00,DISC,30,None,0.8579642603599377,False,30.0,2025-01
ALCHUSDT,2025-01-08 11:00:00+00:00,DISC,30,0.5,0.8579642603599377,False,30.0,2025-01
ALCHUSDT,2025-01-08 11:00:00+00:00,DISC,30,1.0,0.8579642603599377,False,30.0,2025-01
ALCHUSDT,2025-01-08 11:00:00+00:00,DISC,60,None,0.5794056096603316,False,60.0,2025-01
ALCHUSDT,2025-01-08 11:00:00+00:00,DISC,60,0.5,0.5794056096603316,False,60.0,2025-01
ALCHUSDT,2025-01-08 11:00:00+00:00,DISC,60,1.0,0.5794056096603316,False,60.0,2025-01
ALLOUSDT,2025-11-12 14:00:00+00:00,VAL,30,None,0.5558537982159083,False,30.0,2025-11
ALLOUSDT,2025-11-12 14:00:00+00:00,VAL,30,0.5,0.5558537982159083,False,30.0,2025-11
ALLOUSDT,2025-11-12 14:00:00+00:00,VAL,30,1.0,0.5558537982159083,False,30.0,2025-11
ALLOUSDT,2025-11-12 14:00:00+00:00,VAL,60,None,0.5942917246899427,False,60.0,2025-11
ALLOUSDT,2025-11-12 14:00:00+00:00,VAL,60,0.5,0.5942917246899427,False,60.0,2025-11
ALLOUSDT,2025-11-12 14:00:00+00:00,VAL,60,1.0,0.5942917246899427,False,60.0,2025-11
ALLUSDT,2025-08-07 09:00:00+00:00,VAL,30,None,-0.02402817821513203,False,30.0,2025-08
ALLUSDT,2025-08-07 09:00:00+00:00,VAL,30,0.5,-0.02402817821513203,False,30.0,2025-08
ALLUSDT,2025-08-07 09:00:00+00:00,VAL,30,1.0,-0.02402817821513203,False,30.0,2025-08
ALLUSDT,2025-08-07 09:00:00+00:00,VAL,60,None,-0.004389345974302625,False,60.0,2025-08
ALLUSDT,2025-08-07 09:00:00+00:00,VAL,60,0.5,-0.004389345974302625,False,60.0,2025-08
ALLUSDT,2025-08-07 09:00:00+00:00,VAL,60,1.0,-0.004389345974302625,False,60.0,2025-08
ALPACAUSDT,2024-08-23 10:00:00+00:00,DISC,30,None,0.37170670284118723,False,30.0,2024-08
ALPACAUSDT,2024-08-23 10:00:00+00:00,DISC,30,0.5,0.37170670284118723,False,30.0,2024-08
ALPACAUSDT,2024-08-23 10:00:00+00:00,DISC,30,1.0,0.37170670284118723,False,30.0,2024-08
ALPACAUSDT,2024-08-23 10:00:00+00:00,DISC,60,None,0.4477196289467067,False,60.0,2024-08
ALPACAUSDT,2024-08-23 10:00:00+00:00,DISC,60,0.5,0.4477196289467067,False,60.0,2024-08
ALPACAUSDT,2024-08-23 10:00:00+00:00,DISC,60,1.0,0.4477196289467067,False,60.0,2024-08
ALPINEUSDT,2025-05-07 09:00:00+00:00,VAL,30,None,0.31849638625316756,False,30.0,2025-05
ALPINEUSDT,2025-05-07 09:00:00+00:00,VAL,30,0.5,0.31849638625316756,False,30.0,2025-05
ALPINEUSDT,2025-05-07 09:00:00+00:00,VAL,30,1.0,0.31849638625316756,False,30.0,2025-05
ALPINEUSDT,2025-05-07 09:00:00+00:00,VAL,60,None,0.43812985218680556,False,60.0,2025-05
ALPINEUSDT,2025-05-07 09:00:00+00:00,VAL,60,0.5,0.43812985218680556,False,60.0,2025-05
ALPINEUSDT,2025-05-07 09:00:00+00:00,VAL,60,1.0,0.43812985218680556,False,60.0,2025-05
ALTUSDT,2024-01-26 14:00:00+00:00,DISC,30,None,-0.35180869740519005,False,30.0,2024-01
ALTUSDT,2024-01-26 14:00:00+00:00,DISC,30,0.5,-0.3114624283950268,True,24.833333333333332,2024-01
ALTUSDT,2024-01-26 14:00:00+00:00,DISC,30,1.0,-0.35180869740519005,False,30.0,2024-01
ALTUSDT,2024-01-26 14:00:00+00:00,DISC,60,None,-0.2611415094349959,False,60.0,2024-01
ALTUSDT,2024-01-26 14:00:00+00:00,DISC,60,0.5,-0.3114624283950268,True,24.833333333333332,2024-01
ALTUSDT,2024-01-26 14:00:00+00:00,DISC,60,1.0,-0.3792117196706605,True,59.625,2024-01
ANIMEUSDT,2025-01-24 17:00:00+00:00,DISC,30,None,0.4841250736009586,False,30.0,2025-01
ANIMEUSDT,2025-01-24 17:00:00+00:00,DISC,30,0.5,0.4841250736009586,False,30.0,2025-01
ANIMEUSDT,2025-01-24 17:00:00+00:00,DISC,30,1.0,0.4841250736009586,False,30.0,2025-01
ANIMEUSDT,2025-01-24 17:00:00+00:00,DISC,60,None,0.5005563720659584,False,60.0,2025-01
ANIMEUSDT,2025-01-24 17:00:00+00:00,DISC,60,0.5,0.5005563720659584,False,60.0,2025-01
ANIMEUSDT,2025-01-24 17:00:00+00:00,DISC,60,1.0,0.5005563720659584,False,60.0,2025-01
APRUSDT,2025-10-24 10:00:00+00:00,VAL,30,None,0.3943041665148328,False,30.0,2025-10
APRUSDT,2025-10-24 10:00:00+00:00,VAL,30,0.5,0.3943041665148328,False,30.0,2025-10
APRUSDT,2025-10-24 10:00:00+00:00,VAL,30,1.0,0.3943041665148328,False,30.0,2025-10
APRUSDT,2025-10-24 10:00:00+00:00,VAL,60,None,0.5868463357943718,False,60.0,2025-10
APRUSDT,2025-10-24 10:00:00+00:00,VAL,60,0.5,0.5868463357943718,False,60.0,2025-10
APRUSDT,2025-10-24 10:00:00+00:00,VAL,60,1.0,0.5868463357943718,False,60.0,2025-10
ARCUSDT,2025-01-18 13:00:00+00:00,DISC,30,None,0.2643959092246859,False,30.0,2025-01
ARCUSDT,2025-01-18 13:00:00+00:00,DISC,30,0.5,-0.5713068275044407,True,0.5,2025-01
ARCUSDT,2025-01-18 13:00:00+00:00,DISC,30,1.0,0.2643959092246859,False,30.0,2025-01
ARCUSDT,2025-01-18 13:00:00+00:00,DISC,60,None,0.6891733157074034,False,60.0,2025-01
ARCUSDT,2025-01-18 13:00:00+00:00,DISC,60,0.5,-0.5713068275044407,True,0.5,2025-01
ARCUSDT,2025-01-18 13:00:00+00:00,DISC,60,1.0,0.6891733157074034,False,60.0,2025-01
ARIAUSDT,2025-09-04 11:00:00+00:00,VAL,30,None,-0.8536524997006104,False,30.0,2025-09
ARIAUSDT,2025-09-04 11:00:00+00:00,VAL,30,0.5,-0.49447601383780004,True,7.583333333333333,2025-09
ARIAUSDT,2025-09-04 11:00:00+00:00,VAL,30,1.0,-1.0254832819824102,True,8.125,2025-09
ARIAUSDT,2025-09-04 11:00:00+00:00,VAL,60,None,-0.7894516962676009,False,60.0,2025-09
ARIAUSDT,2025-09-04 11:00:00+00:00,VAL,60,0.5,-0.49447601383780004,True,7.583333333333333,2025-09
ARIAUSDT,2025-09-04 11:00:00+00:00,VAL,60,1.0,-1.0254832819824102,True,8.125,2025-09
ASRUSDT,2025-05-07 09:00:00+00:00,VAL,30,None,-0.175267229219234,False,30.0,2025-05
ASRUSDT,2025-05-07 09:00:00+00:00,VAL,30,0.5,-0.175267229219234,False,30.0,2025-05
ASRUSDT,2025-05-07 09:00:00+00:00,VAL,30,1.0,-0.175267229219234,False,30.0,2025-05
ASRUSDT,2025-05-07 09:00:00+00:00,VAL,60,None,-0.16938631843635388,False,60.0,2025-05
ASRUSDT,2025-05-07 09:00:00+00:00,VAL,60,0.5,-0.44897540600314756,True,48.583333333333336,2025-05
ASRUSDT,2025-05-07 09:00:00+00:00,VAL,60,1.0,-0.16938631843635388,False,60.0,2025-05
ASTERUSDT,2025-09-20 12:00:00+00:00,VAL,30,None,-0.04752951236082792,False,30.0,2025-09
ASTERUSDT,2025-09-20 12:00:00+00:00,VAL,30,0.5,-0.540851821732452,True,0.6666666666666666,2025-09
ASTERUSDT,2025-09-20 12:00:00+00:00,VAL,30,1.0,-0.04752951236082792,False,30.0,2025-09
ASTERUSDT,2025-09-20 12:00:00+00:00,VAL,60,None,-0.33708337389979715,False,60.0,2025-09
ASTERUSDT,2025-09-20 12:00:00+00:00,VAL,60,0.5,-0.540851821732452,True,0.6666666666666666,2025-09
ASTERUSDT,2025-09-20 12:00:00+00:00,VAL,60,1.0,-0.33708337389979715,False,60.0,2025-09
ATHUSDT,2025-04-03 15:00:00+00:00,VAL,30,None,0.05293669700067716,False,30.0,2025-04
ATHUSDT,2025-04-03 15:00:00+00:00,VAL,30,0.5,0.05293669700067716,False,30.0,2025-04
ATHUSDT,2025-04-03 15:00:00+00:00,VAL,30,1.0,0.05293669700067716,False,30.0,2025-04
ATHUSDT,2025-04-03 15:00:00+00:00,VAL,60,None,-0.3441656172352555,False,60.0,2025-04
ATHUSDT,2025-04-03 15:00:00+00:00,VAL,60,0.5,-0.30939132837002636,True,39.166666666666664,2025-04
ATHUSDT,2025-04-03 15:00:00+00:00,VAL,60,1.0,-0.3441656172352555,False,60.0,2025-04
ATUSDT,2025-10-30 11:00:00+00:00,VAL,30,None,0.20399892567177058,False,30.0,2025-10
ATUSDT,2025-10-30 11:00:00+00:00,VAL,30,0.5,0.20399892567177058,False,30.0,2025-10
ATUSDT,2025-10-30 11:00:00+00:00,VAL,30,1.0,0.20399892567177058,False,30.0,2025-10
ATUSDT,2025-10-30 11:00:00+00:00,VAL,60,None,0.32609622991019027,False,60.0,2025-10
ATUSDT,2025-10-30 11:00:00+00:00,VAL,60,0.5,0.32609622991019027,False,60.0,2025-10
ATUSDT,2025-10-30 11:00:00+00:00,VAL,60,1.0,0.32609622991019027,False,60.0,2025-10
AUSDT,2025-05-29 08:00:00+00:00,VAL,30,None,0.3302846090616379,False,30.0,2025-05
AUSDT,2025-05-29 08:00:00+00:00,VAL,30,0.5,0.3302846090616379,False,30.0,2025-05
AUSDT,2025-05-29 08:00:00+00:00,VAL,30,1.0,0.3302846090616379,False,30.0,2025-05
AUSDT,2025-05-29 08:00:00+00:00,VAL,60,None,0.319358417879673,False,60.0,2025-05
AUSDT,2025-05-29 08:00:00+00:00,VAL,60,0.5,0.319358417879673,False,60.0,2025-05
AUSDT,2025-05-29 08:00:00+00:00,VAL,60,1.0,0.319358417879673,False,60.0,2025-05
AVAAIUSDT,2025-01-18 13:00:00+00:00,DISC,30,None,0.6816851578535188,False,30.0,2025-01
AVAAIUSDT,2025-01-18 13:00:00+00:00,DISC,30,0.5,-0.6202952786927709,True,0.4583333333333333,2025-01
AVAAIUSDT,2025-01-18 13:00:00+00:00,DISC,30,1.0,0.6816851578535188,False,30.0,2025-01
AVAAIUSDT,2025-01-18 13:00:00+00:00,DISC,60,None,0.5446242447467143,False,60.0,2025-01
AVAAIUSDT,2025-01-18 13:00:00+00:00,DISC,60,0.5,-0.6202952786927709,True,0.4583333333333333,2025-01
AVAAIUSDT,2025-01-18 13:00:00+00:00,DISC,60,1.0,0.5446242447467143,False,60.0,2025-01
AVAUSDT,2024-12-14 13:00:00+00:00,DISC,30,None,0.48358551774902814,False,30.0,2024-12
AVAUSDT,2024-12-14 13:00:00+00:00,DISC,30,0.5,0.48358551774902814,False,30.0,2024-12
AVAUSDT,2024-12-14 13:00:00+00:00,DISC,30,1.0,0.48358551774902814,False,30.0,2024-12
AVAUSDT,2024-12-14 13:00:00+00:00,DISC,60,None,0.6547862032097288,False,60.0,2024-12
AVAUSDT,2024-12-14 13:00:00+00:00,DISC,60,0.5,0.6547862032097288,False,60.0,2024-12
AVAUSDT,2024-12-14 13:00:00+00:00,DISC,60,1.0,0.6547862032097288,False,60.0,2024-12
AVNTUSDT,2025-09-10 15:00:00+00:00,VAL,30,None,-1.2851941382433214,False,30.0,2025-09
AVNTUSDT,2025-09-10 15:00:00+00:00,VAL,30,0.5,-0.6131839699860676,True,3.125,2025-09
AVNTUSDT,2025-09-10 15:00:00+00:00,VAL,30,1.0,-1.0810055487706374,True,3.2916666666666665,2025-09
AVNTUSDT,2025-09-10 15:00:00+00:00,VAL,60,None,-0.6601660847372147,False,60.0,2025-09
AVNTUSDT,2025-09-10 15:00:00+00:00,VAL,60,0.5,-0.6131839699860676,True,3.125,2025-09
AVNTUSDT,2025-09-10 15:00:00+00:00,VAL,60,1.0,-1.0810055487706374,True,3.2916666666666665,2025-09
AWEUSDT,2025-05-22 08:00:00+00:00,VAL,30,None,0.17214523955284466,False,30.0,2025-05
AWEUSDT,2025-05-22 08:00:00+00:00,VAL,30,0.5,0.17214523955284466,False,30.0,2025-05
AWEUSDT,2025-05-22 08:00:00+00:00,VAL,30,1.0,0.17214523955284466,False,30.0,2025-05
AWEUSDT,2025-05-22 08:00:00+00:00,VAL,60,None,0.21810868235758507,False,60.0,2025-05
AWEUSDT,2025-05-22 08:00:00+00:00,VAL,60,0.5,0.21810868235758507,False,60.0,2025-05
AWEUSDT,2025-05-22 08:00:00+00:00,VAL,60,1.0,0.21810868235758507,False,60.0,2025-05
AXLUSDT,2024-03-02 15:00:00+00:00,DISC,30,None,0.07751346417201466,False,30.0,2024-03
AXLUSDT,2024-03-02 15:00:00+00:00,DISC,30,0.5,0.07751346417201466,False,30.0,2024-03
AXLUSDT,2024-03-02 15:00:00+00:00,DISC,30,1.0,0.07751346417201466,False,30.0,2024-03
AXLUSDT,2024-03-02 15:00:00+00:00,DISC,60,None,0.3366538994062035,False,60.0,2024-03
AXLUSDT,2024-03-02 15:00:00+00:00,DISC,60,0.5,0.3366538994062035,False,60.0,2024-03
AXLUSDT,2024-03-02 15:00:00+00:00,DISC,60,1.0,0.3366538994062035,False,60.0,2024-03
AZTECUSDT,2026-02-12 04:00:00+00:00,HOLD,30,None,-0.3181713725351448,False,30.0,2026-02
AZTECUSDT,2026-02-12 04:00:00+00:00,HOLD,30,0.5,-0.5616344808498951,True,1.375,2026-02
AZTECUSDT,2026-02-12 04:00:00+00:00,HOLD,30,1.0,-1.0714440831385814,True,8.875,2026-02
AZTECUSDT,2026-02-12 04:00:00+00:00,HOLD,60,None,-0.18273489047928726,False,60.0,2026-02
AZTECUSDT,2026-02-12 04:00:00+00:00,HOLD,60,0.5,-0.5616344808498951,True,1.375,2026-02
AZTECUSDT,2026-02-12 04:00:00+00:00,HOLD,60,1.0,-1.0714440831385814,True,8.875,2026-02
B2USDT,2025-05-07 13:00:00+00:00,VAL,30,None,0.22831329180379623,False,30.0,2025-05
B2USDT,2025-05-07 13:00:00+00:00,VAL,30,0.5,0.22831329180379623,False,30.0,2025-05
B2USDT,2025-05-07 13:00:00+00:00,VAL,30,1.0,0.22831329180379623,False,30.0,2025-05
B2USDT,2025-05-07 13:00:00+00:00,VAL,60,None,0.40929175154484865,False,60.0,2025-05
B2USDT,2025-05-07 13:00:00+00:00,VAL,60,0.5,0.40929175154484865,False,60.0,2025-05
B2USDT,2025-05-07 13:00:00+00:00,VAL,60,1.0,0.40929175154484865,False,60.0,2025-05
B3USDT,2025-02-14 11:00:00+00:00,DISC,30,None,0.2322885879261274,False,30.0,2025-02
B3USDT,2025-02-14 11:00:00+00:00,DISC,30,0.5,0.2322885879261274,False,30.0,2025-02
B3USDT,2025-02-14 11:00:00+00:00,DISC,30,1.0,0.2322885879261274,False,30.0,2025-02
B3USDT,2025-02-14 11:00:00+00:00,DISC,60,None,0.537336479833855,False,60.0,2025-02
B3USDT,2025-02-14 11:00:00+00:00,DISC,60,0.5,0.537336479833855,False,60.0,2025-02
B3USDT,2025-02-14 11:00:00+00:00,DISC,60,1.0,0.537336479833855,False,60.0,2025-02
BABYUSDT,2025-04-06 13:00:00+00:00,VAL,30,None,-0.0699036591376122,False,30.0,2025-04
BABYUSDT,2025-04-06 13:00:00+00:00,VAL,30,0.5,-0.5486961441942363,True,5.0,2025-04
BABYUSDT,2025-04-06 13:00:00+00:00,VAL,30,1.0,-1.0517198276557391,True,5.583333333333333,2025-04
BABYUSDT,2025-04-06 13:00:00+00:00,VAL,60,None,0.24673287520572285,False,60.0,2025-04
BABYUSDT,2025-04-06 13:00:00+00:00,VAL,60,0.5,-0.5486961441942363,True,5.0,2025-04
BABYUSDT,2025-04-06 13:00:00+00:00,VAL,60,1.0,-1.0517198276557391,True,5.583333333333333,2025-04
BANANAS31USDT,2025-03-23 09:00:00+00:00,DISC,30,None,0.08198790593898908,False,30.0,2025-03
BANANAS31USDT,2025-03-23 09:00:00+00:00,DISC,30,0.5,0.08198790593898908,False,30.0,2025-03
BANANAS31USDT,2025-03-23 09:00:00+00:00,DISC,30,1.0,0.08198790593898908,False,30.0,2025-03
BANANAS31USDT,2025-03-23 09:00:00+00:00,DISC,60,None,0.2158326201237334,False,60.0,2025-03
BANANAS31USDT,2025-03-23 09:00:00+00:00,DISC,60,0.5,0.2158326201237334,False,60.0,2025-03
BANANAS31USDT,2025-03-23 09:00:00+00:00,DISC,60,1.0,0.2158326201237334,False,60.0,2025-03
BANANAUSDT,2024-08-16 02:00:00+00:00,DISC,30,None,0.059914245065987304,False,30.0,2024-08
BANANAUSDT,2024-08-16 02:00:00+00:00,DISC,30,0.5,0.059914245065987304,False,30.0,2024-08
BANANAUSDT,2024-08-16 02:00:00+00:00,DISC,30,1.0,0.059914245065987304,False,30.0,2024-08
BANANAUSDT,2024-08-16 02:00:00+00:00,DISC,60,None,-0.2869357631820998,False,60.0,2024-08
BANANAUSDT,2024-08-16 02:00:00+00:00,DISC,60,0.5,-0.4509342263680044,True,59.375,2024-08
BANANAUSDT,2024-08-16 02:00:00+00:00,DISC,60,1.0,-0.2869357631820998,False,60.0,2024-08
BANKUSDT,2025-04-19 18:00:00+00:00,VAL,30,None,-0.3184964547557073,False,30.0,2025-04
BANKUSDT,2025-04-19 18:00:00+00:00,VAL,30,0.5,-0.37568319698201547,True,19.291666666666668,2025-04
BANKUSDT,2025-04-19 18:00:00+00:00,VAL,30,1.0,-0.3184964547557073,False,30.0,2025-04
BANKUSDT,2025-04-19 18:00:00+00:00,VAL,60,None,0.26664945527170447,False,60.0,2025-04
BANKUSDT,2025-04-19 18:00:00+00:00,VAL,60,0.5,-0.37568319698201547,True,19.291666666666668,2025-04
BANKUSDT,2025-04-19 18:00:00+00:00,VAL,60,1.0,0.26664945527170447,False,60.0,2025-04
BANUSDT,2024-11-19 11:00:00+00:00,DISC,30,None,0.8925842019013766,False,30.0,2024-11
BANUSDT,2024-11-19 11:00:00+00:00,DISC,30,0.5,0.8925842019013766,False,30.0,2024-11
BANUSDT,2024-11-19 11:00:00+00:00,DISC,30,1.0,0.8925842019013766,False,30.0,2024-11
BANUSDT,2024-11-19 11:00:00+00:00,DISC,60,None,0.8849000132649598,False,60.0,2024-11
BANUSDT,2024-11-19 11:00:00+00:00,DISC,60,0.5,0.8849000132649598,False,60.0,2024-11
BANUSDT,2024-11-19 11:00:00+00:00,DISC,60,1.0,0.8849000132649598,False,60.0,2024-11
BARDUSDT,2025-09-19 11:00:00+00:00,VAL,30,None,0.2570507362302423,False,30.0,2025-09
BARDUSDT,2025-09-19 11:00:00+00:00,VAL,30,0.5,-0.5828438212133016,True,4.291666666666667,2025-09
BARDUSDT,2025-09-19 11:00:00+00:00,VAL,30,1.0,0.2570507362302423,False,30.0,2025-09
BARDUSDT,2025-09-19 11:00:00+00:00,VAL,60,None,0.010054777102463056,False,60.0,2025-09
BARDUSDT,2025-09-19 11:00:00+00:00,VAL,60,0.5,-0.5828438212133016,True,4.291666666666667,2025-09
BARDUSDT,2025-09-19 11:00:00+00:00,VAL,60,1.0,0.010054777102463056,False,60.0,2025-09
BASEDUSDT,2026-03-31 10:00:00+00:00,HOLD,30,None,0.056468420450325074,False,30.0,2026-03
BASEDUSDT,2026-03-31 10:00:00+00:00,HOLD,30,0.5,-0.48226904591575714,True,16.083333333333332,2026-03
BASEDUSDT,2026-03-31 10:00:00+00:00,HOLD,30,1.0,-1.2078737897730338,True,16.208333333333332,2026-03
BASEDUSDT,2026-03-31 10:00:00+00:00,HOLD,60,None,0.44276515158152563,False,60.0,2026-03
BASEDUSDT,2026-03-31 10:00:00+00:00,HOLD,60,0.5,-0.48226904591575714,True,16.083333333333332,2026-03
BASEDUSDT,2026-03-31 10:00:00+00:00,HOLD,60,1.0,-1.2078737897730338,True,16.208333333333332,2026-03
BASUSDT,2025-08-27 13:00:00+00:00,VAL,30,None,0.03515647637864561,False,30.0,2025-08
BASUSDT,2025-08-27 13:00:00+00:00,VAL,30,0.5,-0.6583100351150705,True,0.3333333333333333,2025-08
BASUSDT,2025-08-27 13:00:00+00:00,VAL,30,1.0,0.03515647637864561,False,30.0,2025-08
BASUSDT,2025-08-27 13:00:00+00:00,VAL,60,None,-0.020060128349087877,False,60.0,2025-08
BASUSDT,2025-08-27 13:00:00+00:00,VAL,60,0.5,-0.6583100351150705,True,0.3333333333333333,2025-08
BASUSDT,2025-08-27 13:00:00+00:00,VAL,60,1.0,-2.1480125556193466,True,46.791666666666664,2025-08
BBUSDT,2024-05-14 12:00:00+00:00,DISC,30,None,-0.20686987950910407,False,30.0,2024-05
BBUSDT,2024-05-14 12:00:00+00:00,DISC,30,0.5,-0.4117177528702739,True,12.041666666666666,2024-05
BBUSDT,2024-05-14 12:00:00+00:00,DISC,30,1.0,-0.9642433273237533,True,18.583333333333332,2024-05
BBUSDT,2024-05-14 12:00:00+00:00,DISC,60,None,-0.2766454236931388,False,60.0,2024-05
BBUSDT,2024-05-14 12:00:00+00:00,DISC,60,0.5,-0.4117177528702739,True,12.041666666666666,2024-05
BBUSDT,2024-05-14 12:00:00+00:00,DISC,60,1.0,-0.9642433273237533,True,18.583333333333332,2024-05
BBXUSDT,2026-06-02 13:00:00+00:00,HOLD,30,None,-0.44394438432067274,False,30.0,2026-06
BBXUSDT,2026-06-02 13:00:00+00:00,HOLD,30,0.5,-0.44394438432067274,False,30.0,2026-06
BBXUSDT,2026-06-02 13:00:00+00:00,HOLD,30,1.0,-0.44394438432067274,False,30.0,2026-06
BBXUSDT,2026-06-02 13:00:00+00:00,HOLD,60,None,0.039466109361340096,False,60.0,2026-06
BBXUSDT,2026-06-02 13:00:00+00:00,HOLD,60,0.5,0.039466109361340096,False,60.0,2026-06
BBXUSDT,2026-06-02 13:00:00+00:00,HOLD,60,1.0,0.039466109361340096,False,60.0,2026-06
BDXNUSDT,2025-06-04 10:00:00+00:00,VAL,30,None,0.5519154129281679,False,30.0,2025-06
BDXNUSDT,2025-06-04 10:00:00+00:00,VAL,30,0.5,0.5519154129281679,False,30.0,2025-06
BDXNUSDT,2025-06-04 10:00:00+00:00,VAL,30,1.0,0.5519154129281679,False,30.0,2025-06
BDXNUSDT,2025-06-04 10:00:00+00:00,VAL,60,None,0.5235759310435973,False,60.0,2025-06
BDXNUSDT,2025-06-04 10:00:00+00:00,VAL,60,0.5,0.5235759310435973,False,60.0,2025-06
BDXNUSDT,2025-06-04 10:00:00+00:00,VAL,60,1.0,0.5235759310435973,False,60.0,2025-06
BEATUSDT,2025-11-13 12:00:00+00:00,VAL,30,None,-5.922674233304517,False,30.0,2025-11
BEATUSDT,2025-11-13 12:00:00+00:00,VAL,30,0.5,-0.6507875826358062,True,7.0,2025-11
BEATUSDT,2025-11-13 12:00:00+00:00,VAL,30,1.0,-1.5609911774770249,True,7.041666666666667,2025-11
BEATUSDT,2025-11-13 12:00:00+00:00,VAL,60,None,-0.19470249006787732,False,60.0,2025-11
BEATUSDT,2025-11-13 12:00:00+00:00,VAL,60,0.5,-0.6507875826358062,True,7.0,2025-11
BEATUSDT,2025-11-13 12:00:00+00:00,VAL,60,1.0,-1.5609911774770249,True,7.041666666666667,2025-11
BERAUSDT,2025-02-07 15:00:00+00:00,DISC,30,None,0.06450061565178133,False,30.0,2025-02
BERAUSDT,2025-02-07 15:00:00+00:00,DISC,30,0.5,0.06450061565178133,False,30.0,2025-02
BERAUSDT,2025-02-07 15:00:00+00:00,DISC,30,1.0,0.06450061565178133,False,30.0,2025-02
BERAUSDT,2025-02-07 15:00:00+00:00,DISC,60,None,0.2945306701551996,False,60.0,2025-02
BERAUSDT,2025-02-07 15:00:00+00:00,DISC,60,0.5,0.2945306701551996,False,60.0,2025-02
BERAUSDT,2025-02-07 15:00:00+00:00,DISC,60,1.0,0.2945306701551996,False,60.0,2025-02
BEUSDT,2026-05-27 13:00:00+00:00,HOLD,30,None,-0.1401621794199418,False,30.0,2026-05
BEUSDT,2026-05-27 13:00:00+00:00,HOLD,30,0.5,-0.1401621794199418,False,30.0,2026-05
BEUSDT,2026-05-27 13:00:00+00:00,HOLD,30,1.0,-0.1401621794199418,False,30.0,2026-05
BEUSDT,2026-05-27 13:00:00+00:00,HOLD,60,None,0.21748004695718137,False,60.0,2026-05
BEUSDT,2026-05-27 13:00:00+00:00,HOLD,60,0.5,0.21748004695718137,False,60.0,2026-05
BEUSDT,2026-05-27 13:00:00+00:00,HOLD,60,1.0,0.21748004695718137,False,60.0,2026-05
BIDUSDT,2025-03-21 09:00:00+00:00,DISC,30,None,0.5028419556453637,False,30.0,2025-03
BIDUSDT,2025-03-21 09:00:00+00:00,DISC,30,0.5,0.5028419556453637,False,30.0,2025-03
BIDUSDT,2025-03-21 09:00:00+00:00,DISC,30,1.0,0.5028419556453637,False,30.0,2025-03
BIDUSDT,2025-03-21 09:00:00+00:00,DISC,60,None,0.6018981576499608,False,60.0,2025-03
BIDUSDT,2025-03-21 09:00:00+00:00,DISC,60,0.5,0.6018981576499608,False,60.0,2025-03
BIDUSDT,2025-03-21 09:00:00+00:00,DISC,60,1.0,0.6018981576499608,False,60.0,2025-03
BILLUSDT,2026-05-08 08:00:00+00:00,HOLD,30,None,-0.0831881697809087,False,30.0,2026-05
BILLUSDT,2026-05-08 08:00:00+00:00,HOLD,30,0.5,-0.5696185579293239,True,3.1666666666666665,2026-05
BILLUSDT,2026-05-08 08:00:00+00:00,HOLD,30,1.0,-1.0612299897744315,True,4.291666666666667,2026-05
BILLUSDT,2026-05-08 08:00:00+00:00,HOLD,60,None,0.2982153397868802,False,60.0,2026-05
BILLUSDT,2026-05-08 08:00:00+00:00,HOLD,60,0.5,-0.5696185579293239,True,3.1666666666666665,2026-05
BILLUSDT,2026-05-08 08:00:00+00:00,HOLD,60,1.0,-1.0612299897744315,True,4.291666666666667,2026-05
BIOUSDT,2025-01-04 12:00:00+00:00,DISC,30,None,0.7784899805437621,False,30.0,2025-01
BIOUSDT,2025-01-04 12:00:00+00:00,DISC,30,0.5,0.7784899805437621,False,30.0,2025-01
BIOUSDT,2025-01-04 12:00:00+00:00,DISC,30,1.0,0.7784899805437621,False,30.0,2025-01
BIOUSDT,2025-01-04 12:00:00+00:00,DISC,60,None,0.7861573441717395,False,60.0,2025-01
BIOUSDT,2025-01-04 12:00:00+00:00,DISC,60,0.5,0.7861573441717395,False,60.0,2025-01
BIOUSDT,2025-01-04 12:00:00+00:00,DISC,60,1.0,0.7861573441717395,False,60.0,2025-01
BIRBUSDT,2026-01-30 05:00:00+00:00,HOLD,30,None,0.14253727116932258,False,30.0,2026-01
BIRBUSDT,2026-01-30 05:00:00+00:00,HOLD,30,0.5,-0.6467020177536772,True,4.083333333333333,2026-01
BIRBUSDT,2026-01-30 05:00:00+00:00,HOLD,30,1.0,0.14253727116932258,False,30.0,2026-01
BIRBUSDT,2026-01-30 05:00:00+00:00,HOLD,60,None,0.26621624510476827,False,60.0,2026-01
BIRBUSDT,2026-01-30 05:00:00+00:00,HOLD,60,0.5,-0.6467020177536772,True,4.083333333333333,2026-01
BIRBUSDT,2026-01-30 05:00:00+00:00,HOLD,60,1.0,0.26621624510476827,False,60.0,2026-01
BLESSUSDT,2025-09-24 09:00:00+00:00,VAL,30,None,0.3802957508355219,False,30.0,2025-09
BLESSUSDT,2025-09-24 09:00:00+00:00,VAL,30,0.5,-0.7562895689338909,True,21.375,2025-09
BLESSUSDT,2025-09-24 09:00:00+00:00,VAL,30,1.0,-1.1073139743783265,True,21.416666666666668,2025-09
BLESSUSDT,2025-09-24 09:00:00+00:00,VAL,60,None,0.5620235185493707,False,60.0,2025-09
BLESSUSDT,2025-09-24 09:00:00+00:00,VAL,60,0.5,-0.7562895689338909,True,21.375,2025-09
BLESSUSDT,2025-09-24 09:00:00+00:00,VAL,60,1.0,-1.1073139743783265,True,21.416666666666668,2025-09
BLUAIUSDT,2025-10-22 11:00:00+00:00,VAL,30,None,0.47339297284618365,False,30.0,2025-10
BLUAIUSDT,2025-10-22 11:00:00+00:00,VAL,30,0.5,-0.5057856039517313,True,3.7916666666666665,2025-10
BLUAIUSDT,2025-10-22 11:00:00+00:00,VAL,30,1.0,0.47339297284618365,False,30.0,2025-10
BLUAIUSDT,2025-10-22 11:00:00+00:00,VAL,60,None,0.643814773858882,False,60.0,2025-10
BLUAIUSDT,2025-10-22 11:00:00+00:00,VAL,60,0.5,-0.5057856039517313,True,3.7916666666666665,2025-10
BLUAIUSDT,2025-10-22 11:00:00+00:00,VAL,60,1.0,0.643814773858882,False,60.0,2025-10
BMTUSDT,2025-03-18 13:00:00+00:00,DISC,30,None,0.74641503103188,False,30.0,2025-03
BMTUSDT,2025-03-18 13:00:00+00:00,DISC,30,0.5,0.74641503103188,False,30.0,2025-03
BMTUSDT,2025-03-18 13:00:00+00:00,DISC,30,1.0,0.74641503103188,False,30.0,2025-03
BMTUSDT,2025-03-18 13:00:00+00:00,DISC,60,None,0.9229173943091521,False,60.0,2025-03
BMTUSDT,2025-03-18 13:00:00+00:00,DISC,60,0.5,0.9229173943091521,False,60.0,2025-03
BMTUSDT,2025-03-18 13:00:00+00:00,DISC,60,1.0,0.9229173943091521,False,60.0,2025-03
BOBUSDT,2025-11-22 10:00:00+00:00,VAL,30,None,0.38007411242414946,False,30.0,2025-11
BOBUSDT,2025-11-22 10:00:00+00:00,VAL,30,0.5,-0.430926872315775,True,11.541666666666666,2025-11
BOBUSDT,2025-11-22 10:00:00+00:00,VAL,30,1.0,0.38007411242414946,False,30.0,2025-11
BOBUSDT,2025-11-22 10:00:00+00:00,VAL,60,None,0.5747567407316777,False,60.0,2025-11
BOBUSDT,2025-11-22 10:00:00+00:00,VAL,60,0.5,-0.430926872315775,True,11.541666666666666,2025-11
BOBUSDT,2025-11-22 10:00:00+00:00,VAL,60,1.0,0.5747567407316777,False,60.0,2025-11
BOMEUSDT,2024-03-17 12:00:00+00:00,DISC,30,None,0.39595532973862924,False,30.0,2024-03
BOMEUSDT,2024-03-17 12:00:00+00:00,DISC,30,0.5,0.39595532973862924,False,30.0,2024-03
BOMEUSDT,2024-03-17 12:00:00+00:00,DISC,30,1.0,0.39595532973862924,False,30.0,2024-03
BOMEUSDT,2024-03-17 12:00:00+00:00,DISC,60,None,0.20745620364615758,False,60.0,2024-03
BOMEUSDT,2024-03-17 12:00:00+00:00,DISC,60,0.5,0.20745620364615758,False,60.0,2024-03
BOMEUSDT,2024-03-17 12:00:00+00:00,DISC,60,1.0,0.20745620364615758,False,60.0,2024-03
BRETTUSDT,2024-08-21 10:00:00+00:00,DISC,30,None,0.11082038543713735,False,30.0,2024-08
BRETTUSDT,2024-08-21 10:00:00+00:00,DISC,30,0.5,0.11082038543713735,False,30.0,2024-08
BRETTUSDT,2024-08-21 10:00:00+00:00,DISC,30,1.0,0.11082038543713735,False,30.0,2024-08
BRETTUSDT,2024-08-21 10:00:00+00:00,DISC,60,None,-0.06301963625572837,False,60.0,2024-08
BRETTUSDT,2024-08-21 10:00:00+00:00,DISC,60,0.5,-0.06301963625572837,False,60.0,2024-08
BRETTUSDT,2024-08-21 10:00:00+00:00,DISC,60,1.0,-0.06301963625572837,False,60.0,2024-08
BREVUSDT,2025-12-31 10:00:00+00:00,VAL,30,None,0.4570087547777092,False,30.0,2025-12
BREVUSDT,2025-12-31 10:00:00+00:00,VAL,30,0.5,0.4570087547777092,False,30.0,2025-12
BREVUSDT,2025-12-31 10:00:00+00:00,VAL,30,1.0,0.4570087547777092,False,30.0,2025-12
BREVUSDT,2025-12-31 10:00:00+00:00,VAL,60,None,0.413969855538038,False,60.0,2025-12
BREVUSDT,2025-12-31 10:00:00+00:00,VAL,60,0.5,0.413969855538038,False,60.0,2025-12
BREVUSDT,2025-12-31 10:00:00+00:00,VAL,60,1.0,0.413969855538038,False,60.0,2025-12
BROCCOLI714USDT,2025-03-22 09:00:00+00:00,DISC,30,None,0.4532025730728303,False,30.0,2025-03
BROCCOLI714USDT,2025-03-22 09:00:00+00:00,DISC,30,0.5,-0.5868455113310113,True,5.333333333333333,2025-03
BROCCOLI714USDT,2025-03-22 09:00:00+00:00,DISC,30,1.0,0.4532025730728303,False,30.0,2025-03
BROCCOLI714USDT,2025-03-22 09:00:00+00:00,DISC,60,None,0.5813022417131489,False,60.0,2025-03
BROCCOLI714USDT,2025-03-22 09:00:00+00:00,DISC,60,0.5,-0.5868455113310113,True,5.333333333333333,2025-03
BROCCOLI714USDT,2025-03-22 09:00:00+00:00,DISC,60,1.0,0.5813022417131489,False,60.0,2025-03
BROCCOLIF3BUSDT,2025-03-22 09:00:00+00:00,DISC,30,None,-2.306915731307128,False,30.0,2025-03
BROCCOLIF3BUSDT,2025-03-22 09:00:00+00:00,DISC,30,0.5,-0.5849694298519189,True,21.25,2025-03
BROCCOLIF3BUSDT,2025-03-22 09:00:00+00:00,DISC,30,1.0,-1.037666683802038,True,23.416666666666668,2025-03
BROCCOLIF3BUSDT,2025-03-22 09:00:00+00:00,DISC,60,None,0.5219506424987149,False,60.0,2025-03
BROCCOLIF3BUSDT,2025-03-22 09:00:00+00:00,DISC,60,0.5,-0.5849694298519189,True,21.25,2025-03
BROCCOLIF3BUSDT,2025-03-22 09:00:00+00:00,DISC,60,1.0,-1.037666683802038,True,23.416666666666668,2025-03
BRUSDT,2025-03-22 12:00:00+00:00,DISC,30,None,0.7894002104796211,False,30.0,2025-03
BRUSDT,2025-03-22 12:00:00+00:00,DISC,30,0.5,0.7894002104796211,False,30.0,2025-03
BRUSDT,2025-03-22 12:00:00+00:00,DISC,30,1.0,0.7894002104796211,False,30.0,2025-03
BRUSDT,2025-03-22 12:00:00+00:00,DISC,60,None,0.9649421937694078,False,60.0,2025-03
BRUSDT,2025-03-22 12:00:00+00:00,DISC,60,0.5,0.9649421937694078,False,60.0,2025-03
BRUSDT,2025-03-22 12:00:00+00:00,DISC,60,1.0,0.9649421937694078,False,60.0,2025-03
BSBUSDT,2026-03-26 11:00:00+00:00,HOLD,30,None,-2.6963362826868735,False,30.0,2026-03
BSBUSDT,2026-03-26 11:00:00+00:00,HOLD,30,0.5,-0.6450418452015289,True,1.5,2026-03
BSBUSDT,2026-03-26 11:00:00+00:00,HOLD,30,1.0,-1.003590415071656,True,25.666666666666668,2026-03
BSBUSDT,2026-03-26 11:00:00+00:00,HOLD,60,None,-4.516394933723143,False,60.0,2026-03
BSBUSDT,2026-03-26 11:00:00+00:00,HOLD,60,0.5,-0.6450418452015289,True,1.5,2026-03
BSBUSDT,2026-03-26 11:00:00+00:00,HOLD,60,1.0,-1.003590415071656,True,25.666666666666668,2026-03
BSWUSDT,2024-09-06 06:00:00+00:00,DISC,30,None,0.34543074765126647,False,30.0,2024-09
BSWUSDT,2024-09-06 06:00:00+00:00,DISC,30,0.5,0.34543074765126647,False,30.0,2024-09
BSWUSDT,2024-09-06 06:00:00+00:00,DISC,30,1.0,0.34543074765126647,False,30.0,2024-09
BSWUSDT,2024-09-06 06:00:00+00:00,DISC,60,None,0.5756291520761585,False,60.0,2024-09
BSWUSDT,2024-09-06 06:00:00+00:00,DISC,60,0.5,0.5756291520761585,False,60.0,2024-09
BSWUSDT,2024-09-06 06:00:00+00:00,DISC,60,1.0,0.5756291520761585,False,60.0,2024-09
BTRUSDT,2025-08-28 10:00:00+00:00,VAL,30,None,-0.1880332298379218,False,30.0,2025-08
BTRUSDT,2025-08-28 10:00:00+00:00,VAL,30,0.5,-0.6020379125646226,True,17.083333333333332,2025-08
BTRUSDT,2025-08-28 10:00:00+00:00,VAL,30,1.0,-0.1880332298379218,False,30.0,2025-08
BTRUSDT,2025-08-28 10:00:00+00:00,VAL,60,None,0.2199556415627184,False,60.0,2025-08
BTRUSDT,2025-08-28 10:00:00+00:00,VAL,60,0.5,-0.6020379125646226,True,17.083333333333332,2025-08
BTRUSDT,2025-08-28 10:00:00+00:00,VAL,60,1.0,0.2199556415627184,False,60.0,2025-08
BTWUSDT,2026-06-05 14:00:00+00:00,HOLD,30,None,-0.7118919811122882,False,30.0,2026-06
BTWUSDT,2026-06-05 14:00:00+00:00,HOLD,30,0.5,-0.6208010880136615,True,1.75,2026-06
BTWUSDT,2026-06-05 14:00:00+00:00,HOLD,30,1.0,-1.1136944466332659,True,4.333333333333333,2026-06
BTWUSDT,2026-06-05 14:00:00+00:00,HOLD,60,None,-1.9946661089946403,False,60.0,2026-06
BTWUSDT,2026-06-05 14:00:00+00:00,HOLD,60,0.5,-0.6208010880136615,True,1.75,2026-06
BTWUSDT,2026-06-05 14:00:00+00:00,HOLD,60,1.0,-1.1136944466332659,True,4.333333333333333,2026-06
BULLAUSDT,2025-07-05 09:00:00+00:00,VAL,30,None,0.3159182916651716,False,30.0,2025-07
BULLAUSDT,2025-07-05 09:00:00+00:00,VAL,30,0.5,0.3159182916651716,False,30.0,2025-07
BULLAUSDT,2025-07-05 09:00:00+00:00,VAL,30,1.0,0.3159182916651716,False,30.0,2025-07
BULLAUSDT,2025-07-05 09:00:00+00:00,VAL,60,None,0.1934753305944482,False,60.0,2025-07
BULLAUSDT,2025-07-05 09:00:00+00:00,VAL,60,0.5,-0.6008721347298015,True,35.291666666666664,2025-07
BULLAUSDT,2025-07-05 09:00:00+00:00,VAL,60,1.0,0.1934753305944482,False,60.0,2025-07
BUSDT,2025-05-23 16:00:00+00:00,VAL,30,None,-0.2786365587955897,False,30.0,2025-05
BUSDT,2025-05-23 16:00:00+00:00,VAL,30,0.5,-0.5511931342497473,True,2.25,2025-05
BUSDT,2025-05-23 16:00:00+00:00,VAL,30,1.0,-0.2786365587955897,False,30.0,2025-05
BUSDT,2025-05-23 16:00:00+00:00,VAL,60,None,-0.9321212813046656,False,60.0,2025-05
BUSDT,2025-05-23 16:00:00+00:00,VAL,60,0.5,-0.5511931342497473,True,2.25,2025-05
BUSDT,2025-05-23 16:00:00+00:00,VAL,60,1.0,-1.037667728066492,True,49.083333333333336,2025-05
BXUSDT,2026-06-09 09:00:00+00:00,HOLD,30,None,-0.030525427773793298,False,30.0,2026-06
BXUSDT,2026-06-09 09:00:00+00:00,HOLD,30,0.5,-0.030525427773793298,False,30.0,2026-06
BXUSDT,2026-06-09 09:00:00+00:00,HOLD,30,1.0,-0.030525427773793298,False,30.0,2026-06
BXUSDT,2026-06-09 09:00:00+00:00,HOLD,60,None,-0.15398215044603003,False,60.0,2026-06
BXUSDT,2026-06-09 09:00:00+00:00,HOLD,60,0.5,-0.15398215044603003,False,60.0,2026-06
BXUSDT,2026-06-09 09:00:00+00:00,HOLD,60,1.0,-0.15398215044603003,False,60.0,2026-06
CARVUSDT,2025-08-08 16:00:00+00:00,VAL,30,None,-0.04122090876465456,False,30.0,2025-08
CARVUSDT,2025-08-08 16:00:00+00:00,VAL,30,0.5,-0.04122090876465456,False,30.0,2025-08
CARVUSDT,2025-08-08 16:00:00+00:00,VAL,30,1.0,-0.04122090876465456,False,30.0,2025-08
CARVUSDT,2025-08-08 16:00:00+00:00,VAL,60,None,0.19102160125291545,False,60.0,2025-08
CARVUSDT,2025-08-08 16:00:00+00:00,VAL,60,0.5,0.19102160125291545,False,60.0,2025-08
CARVUSDT,2025-08-08 16:00:00+00:00,VAL,60,1.0,0.19102160125291545,False,60.0,2025-08
CATIUSDT,2024-09-21 11:00:00+00:00,DISC,30,None,0.6003325851230928,False,30.0,2024-09
CATIUSDT,2024-09-21 11:00:00+00:00,DISC,30,0.5,0.6003325851230928,False,30.0,2024-09
CATIUSDT,2024-09-21 11:00:00+00:00,DISC,30,1.0,0.6003325851230928,False,30.0,2024-09
CATIUSDT,2024-09-21 11:00:00+00:00,DISC,60,None,0.8459244004376192,False,60.0,2024-09
CATIUSDT,2024-09-21 11:00:00+00:00,DISC,60,0.5,0.8459244004376192,False,60.0,2024-09
CATIUSDT,2024-09-21 11:00:00+00:00,DISC,60,1.0,0.8459244004376192,False,60.0,2024-09
CCUSDT,2025-11-01 12:00:00+00:00,VAL,30,None,0.20281635173676904,False,30.0,2025-10
CCUSDT,2025-11-01 12:00:00+00:00,VAL,30,0.5,0.20281635173676904,False,30.0,2025-10
CCUSDT,2025-11-01 12:00:00+00:00,VAL,30,1.0,0.20281635173676904,False,30.0,2025-10
CCUSDT,2025-11-01 12:00:00+00:00,VAL,60,None,-0.1951279453630499,False,60.0,2025-10
CCUSDT,2025-11-01 12:00:00+00:00,VAL,60,0.5,-0.1951279453630499,False,60.0,2025-10
CCUSDT,2025-11-01 12:00:00+00:00,VAL,60,1.0,-0.1951279453630499,False,60.0,2025-10
CETUSUSDT,2024-11-07 14:00:00+00:00,DISC,30,None,0.1511532195531965,False,30.0,2024-11
CETUSUSDT,2024-11-07 14:00:00+00:00,DISC,30,0.5,0.1511532195531965,False,30.0,2024-11
CETUSUSDT,2024-11-07 14:00:00+00:00,DISC,30,1.0,0.1511532195531965,False,30.0,2024-11
CETUSUSDT,2024-11-07 14:00:00+00:00,DISC,60,None,0.3290028009363807,False,60.0,2024-11
CETUSUSDT,2024-11-07 14:00:00+00:00,DISC,60,0.5,0.3290028009363807,False,60.0,2024-11
CETUSUSDT,2024-11-07 14:00:00+00:00,DISC,60,1.0,0.3290028009363807,False,60.0,2024-11
CFGUSDT,2026-03-17 13:00:00+00:00,HOLD,30,None,-0.37247701683480006,False,30.0,2026-03
CFGUSDT,2026-03-17 13:00:00+00:00,HOLD,30,0.5,-0.5618240585651642,True,23.666666666666668,2026-03
CFGUSDT,2026-03-17 13:00:00+00:00,HOLD,30,1.0,-0.37247701683480006,False,30.0,2026-03
CFGUSDT,2026-03-17 13:00:00+00:00,HOLD,60,None,-0.5196416635792224,False,60.0,2026-03
CFGUSDT,2026-03-17 13:00:00+00:00,HOLD,60,0.5,-0.5618240585651642,True,23.666666666666668,2026-03
CFGUSDT,2026-03-17 13:00:00+00:00,HOLD,60,1.0,-1.0314639779564887,True,52.5,2026-03
CGPTUSDT,2024-12-21 19:00:00+00:00,DISC,30,None,0.017275883306852594,False,30.0,2024-12
CGPTUSDT,2024-12-21 19:00:00+00:00,DISC,30,0.5,-0.5794564453811014,True,19.833333333333332,2024-12
CGPTUSDT,2024-12-21 19:00:00+00:00,DISC,30,1.0,0.017275883306852594,False,30.0,2024-12
CGPTUSDT,2024-12-21 19:00:00+00:00,DISC,60,None,0.4921065782301799,False,60.0,2024-12
CGPTUSDT,2024-12-21 19:00:00+00:00,DISC,60,0.5,-0.5794564453811014,True,19.833333333333332,2024-12
CGPTUSDT,2024-12-21 19:00:00+00:00,DISC,60,1.0,0.4921065782301799,False,60.0,2024-12
CHESSUSDT,2024-08-30 07:00:00+00:00,DISC,30,None,0.2587842187599969,False,30.0,2024-08
CHESSUSDT,2024-08-30 07:00:00+00:00,DISC,30,0.5,0.2587842187599969,False,30.0,2024-08
CHESSUSDT,2024-08-30 07:00:00+00:00,DISC,30,1.0,0.2587842187599969,False,30.0,2024-08
CHESSUSDT,2024-08-30 07:00:00+00:00,DISC,60,None,0.3891182529510676,False,60.0,2024-08
CHESSUSDT,2024-08-30 07:00:00+00:00,DISC,60,0.5,0.3891182529510676,False,60.0,2024-08
CHESSUSDT,2024-08-30 07:00:00+00:00,DISC,60,1.0,0.3891182529510676,False,60.0,2024-08
CHILLGUYUSDT,2024-11-28 14:00:00+00:00,DISC,30,None,0.674320839593232,False,30.0,2024-11
CHILLGUYUSDT,2024-11-28 14:00:00+00:00,DISC,30,0.5,0.674320839593232,False,30.0,2024-11
CHILLGUYUSDT,2024-11-28 14:00:00+00:00,DISC,30,1.0,0.674320839593232,False,30.0,2024-11
CHILLGUYUSDT,2024-11-28 14:00:00+00:00,DISC,60,None,0.9507983009846795,False,60.0,2024-11
CHILLGUYUSDT,2024-11-28 14:00:00+00:00,DISC,60,0.5,0.9507983009846795,False,60.0,2024-11
CHILLGUYUSDT,2024-11-28 14:00:00+00:00,DISC,60,1.0,0.9507983009846795,False,60.0,2024-11
CHIPUSDT,2026-04-17 07:00:00+00:00,HOLD,30,None,-0.45350058044862707,False,30.0,2026-04
CHIPUSDT,2026-04-17 07:00:00+00:00,HOLD,30,0.5,-0.5764504669212559,True,4.291666666666667,2026-04
CHIPUSDT,2026-04-17 07:00:00+00:00,HOLD,30,1.0,-1.0980287867491734,True,4.916666666666667,2026-04
CHIPUSDT,2026-04-17 07:00:00+00:00,HOLD,60,None,-0.1265106037495799,False,60.0,2026-04
CHIPUSDT,2026-04-17 07:00:00+00:00,HOLD,60,0.5,-0.5764504669212559,True,4.291666666666667,2026-04
CHIPUSDT,2026-04-17 07:00:00+00:00,HOLD,60,1.0,-1.0980287867491734,True,4.916666666666667,2026-04
CLANKERUSDT,2025-11-13 12:00:00+00:00,VAL,30,None,0.3646187816504677,False,30.0,2025-11
CLANKERUSDT,2025-11-13 12:00:00+00:00,VAL,30,0.5,0.3646187816504677,False,30.0,2025-11
CLANKERUSDT,2025-11-13 12:00:00+00:00,VAL,30,1.0,0.3646187816504677,False,30.0,2025-11
CLANKERUSDT,2025-11-13 12:00:00+00:00,VAL,60,None,0.42294408586453014,False,60.0,2025-11
CLANKERUSDT,2025-11-13 12:00:00+00:00,VAL,60,0.5,0.42294408586453014,False,60.0,2025-11
CLANKERUSDT,2025-11-13 12:00:00+00:00,VAL,60,1.0,0.42294408586453014,False,60.0,2025-11
CLOUSDT,2025-10-15 11:00:00+00:00,VAL,30,None,0.5349223121199561,False,30.0,2025-10
CLOUSDT,2025-10-15 11:00:00+00:00,VAL,30,0.5,0.5349223121199561,False,30.0,2025-10
CLOUSDT,2025-10-15 11:00:00+00:00,VAL,30,1.0,0.5349223121199561,False,30.0,2025-10
CLOUSDT,2025-10-15 11:00:00+00:00,VAL,60,None,0.30411368555255325,False,60.0,2025-10
CLOUSDT,2025-10-15 11:00:00+00:00,VAL,60,0.5,0.30411368555255325,False,60.0,2025-10
CLOUSDT,2025-10-15 11:00:00+00:00,VAL,60,1.0,0.30411368555255325,False,60.0,2025-10
COAIUSDT,2025-09-26 07:00:00+00:00,VAL,30,None,-34.73317904257071,False,30.0,2025-09
COAIUSDT,2025-09-26 07:00:00+00:00,VAL,30,0.5,-0.4637990335028096,True,5.625,2025-09
COAIUSDT,2025-09-26 07:00:00+00:00,VAL,30,1.0,-1.0471962912086599,True,5.958333333333333,2025-09
COAIUSDT,2025-09-26 07:00:00+00:00,VAL,60,None,-2.612173491156909,False,60.0,2025-09
COAIUSDT,2025-09-26 07:00:00+00:00,VAL,60,0.5,-0.4637990335028096,True,5.625,2025-09
COAIUSDT,2025-09-26 07:00:00+00:00,VAL,60,1.0,-1.0471962912086599,True,5.958333333333333,2025-09
COLLECTUSDT,2026-01-01 13:00:00+00:00,VAL,30,None,0.3259101199756601,False,30.0,2025-12
COLLECTUSDT,2026-01-01 13:00:00+00:00,VAL,30,0.5,-0.517240708797594,True,19.125,2025-12
COLLECTUSDT,2026-01-01 13:00:00+00:00,VAL,30,1.0,0.3259101199756601,False,30.0,2025-12
COLLECTUSDT,2026-01-01 13:00:00+00:00,VAL,60,None,0.21151787816991308,False,60.0,2025-12
COLLECTUSDT,2026-01-01 13:00:00+00:00,VAL,60,0.5,-0.517240708797594,True,19.125,2025-12
COLLECTUSDT,2026-01-01 13:00:00+00:00,VAL,60,1.0,0.21151787816991308,False,60.0,2025-12
COMMONUSDT,2025-10-28 12:00:00+00:00,VAL,30,None,0.47002194973476363,False,30.0,2025-10
COMMONUSDT,2025-10-28 12:00:00+00:00,VAL,30,0.5,0.47002194973476363,False,30.0,2025-10
COMMONUSDT,2025-10-28 12:00:00+00:00,VAL,30,1.0,0.47002194973476363,False,30.0,2025-10
COMMONUSDT,2025-10-28 12:00:00+00:00,VAL,60,None,0.5852415539227533,False,60.0,2025-10
COMMONUSDT,2025-10-28 12:00:00+00:00,VAL,60,0.5,0.5852415539227533,False,60.0,2025-10
COMMONUSDT,2025-10-28 12:00:00+00:00,VAL,60,1.0,0.5852415539227533,False,60.0,2025-10
COOKIEUSDT,2025-01-08 11:00:00+00:00,DISC,30,None,0.7257922821694852,False,30.0,2025-01
COOKIEUSDT,2025-01-08 11:00:00+00:00,DISC,30,0.5,0.7257922821694852,False,30.0,2025-01
COOKIEUSDT,2025-01-08 11:00:00+00:00,DISC,30,1.0,0.7257922821694852,False,30.0,2025-01
COOKIEUSDT,2025-01-08 11:00:00+00:00,DISC,60,None,0.600366165265795,False,60.0,2025-01
COOKIEUSDT,2025-01-08 11:00:00+00:00,DISC,60,0.5,0.600366165265795,False,60.0,2025-01
COOKIEUSDT,2025-01-08 11:00:00+00:00,DISC,60,1.0,0.600366165265795,False,60.0,2025-01
COSUSDT,2024-10-01 13:00:00+00:00,DISC,30,None,0.2624672373923155,False,30.0,2024-09
COSUSDT,2024-10-01 13:00:00+00:00,DISC,30,0.5,0.2624672373923155,False,30.0,2024-09
COSUSDT,2024-10-01 13:00:00+00:00,DISC,30,1.0,0.2624672373923155,False,30.0,2024-09
COSUSDT,2024-10-01 13:00:00+00:00,DISC,60,None,-0.050091789679720944,False,60.0,2024-09
COSUSDT,2024-10-01 13:00:00+00:00,DISC,60,0.5,0.006774367960718067,True,54.833333333333336,2024-09
COSUSDT,2024-10-01 13:00:00+00:00,DISC,60,1.0,-0.050091789679720944,False,60.0,2024-09
COWUSDT,2024-11-07 13:00:00+00:00,DISC,30,None,0.4221135320388584,False,30.0,2024-11
COWUSDT,2024-11-07 13:00:00+00:00,DISC,30,0.5,0.4221135320388584,False,30.0,2024-11
COWUSDT,2024-11-07 13:00:00+00:00,DISC,30,1.0,0.4221135320388584,False,30.0,2024-11
COWUSDT,2024-11-07 13:00:00+00:00,DISC,60,None,-0.29614800984147116,False,60.0,2024-11
COWUSDT,2024-11-07 13:00:00+00:00,DISC,60,0.5,-0.1808064146618774,True,38.125,2024-11
COWUSDT,2024-11-07 13:00:00+00:00,DISC,60,1.0,-0.7331189803897572,True,47.708333333333336,2024-11
CROSSUSDT,2025-07-11 10:00:00+00:00,VAL,30,None,-0.6500611283310126,False,30.0,2025-07
CROSSUSDT,2025-07-11 10:00:00+00:00,VAL,30,0.5,-0.5517370031145098,True,6.166666666666667,2025-07
CROSSUSDT,2025-07-11 10:00:00+00:00,VAL,30,1.0,-1.0781651574314008,True,6.5,2025-07
CROSSUSDT,2025-07-11 10:00:00+00:00,VAL,60,None,-0.24923110893843126,False,60.0,2025-07
CROSSUSDT,2025-07-11 10:00:00+00:00,VAL,60,0.5,-0.5517370031145098,True,6.166666666666667,2025-07
CROSSUSDT,2025-07-11 10:00:00+00:00,VAL,60,1.0,-1.0781651574314008,True,6.5,2025-07
CTRUSDT,2026-05-29 09:00:00+00:00,HOLD,30,None,0.2613086501484104,False,30.0,2026-05
CTRUSDT,2026-05-29 09:00:00+00:00,HOLD,30,0.5,0.2613086501484104,False,30.0,2026-05
CTRUSDT,2026-05-29 09:00:00+00:00,HOLD,30,1.0,0.2613086501484104,False,30.0,2026-05
CTRUSDT,2026-05-29 09:00:00+00:00,HOLD,60,None,0.4752663015626635,False,60.0,2026-05
CTRUSDT,2026-05-29 09:00:00+00:00,HOLD,60,0.5,0.4752663015626635,False,60.0,2026-05
CTRUSDT,2026-05-29 09:00:00+00:00,HOLD,60,1.0,0.4752663015626635,False,60.0,2026-05
CUDISUSDT,2025-08-21 11:00:00+00:00,VAL,30,None,-0.21947391306049935,False,30.0,2025-08
CUDISUSDT,2025-08-21 11:00:00+00:00,VAL,30,0.5,-0.5698949691571725,True,24.375,2025-08
CUDISUSDT,2025-08-21 11:00:00+00:00,VAL,30,1.0,-0.21947391306049935,False,30.0,2025-08
CUDISUSDT,2025-08-21 11:00:00+00:00,VAL,60,None,0.37817359847556997,False,60.0,2025-08
CUDISUSDT,2025-08-21 11:00:00+00:00,VAL,60,0.5,-0.5698949691571725,True,24.375,2025-08
CUDISUSDT,2025-08-21 11:00:00+00:00,VAL,60,1.0,0.37817359847556997,False,60.0,2025-08
CUSDT,2025-07-16 09:00:00+00:00,VAL,30,None,-0.20576918194897154,False,30.0,2025-07
CUSDT,2025-07-16 09:00:00+00:00,VAL,30,0.5,-0.7394115990259476,True,1.9583333333333333,2025-07
CUSDT,2025-07-16 09:00:00+00:00,VAL,30,1.0,-1.1197984037507063,True,2.0,2025-07
CUSDT,2025-07-16 09:00:00+00:00,VAL,60,None,-0.30009356420429534,False,60.0,2025-07
CUSDT,2025-07-16 09:00:00+00:00,VAL,60,0.5,-0.7394115990259476,True,1.9583333333333333,2025-07
CUSDT,2025-07-16 09:00:00+00:00,VAL,60,1.0,-1.1197984037507063,True,2.0,2025-07
CYSUSDT,2025-12-13 11:00:00+00:00,VAL,30,None,-0.5834897630315229,False,30.0,2025-12
CYSUSDT,2025-12-13 11:00:00+00:00,VAL,30,0.5,-0.5621873678268703,True,8.875,2025-12
CYSUSDT,2025-12-13 11:00:00+00:00,VAL,30,1.0,-0.5834897630315229,False,30.0,2025-12
CYSUSDT,2025-12-13 11:00:00+00:00,VAL,60,None,-0.7269483779125471,False,60.0,2025-12
CYSUSDT,2025-12-13 11:00:00+00:00,VAL,60,0.5,-0.5621873678268703,True,8.875,2025-12
CYSUSDT,2025-12-13 11:00:00+00:00,VAL,60,1.0,-0.7269483779125471,False,60.0,2025-12
DAMUSDT,2025-08-19 12:00:00+00:00,VAL,30,None,-0.04216091489089735,False,30.0,2025-08
DAMUSDT,2025-08-19 12:00:00+00:00,VAL,30,0.5,-0.04216091489089735,False,30.0,2025-08
DAMUSDT,2025-08-19 12:00:00+00:00,VAL,30,1.0,-0.04216091489089735,False,30.0,2025-08
DAMUSDT,2025-08-19 12:00:00+00:00,VAL,60,None,0.1464801566361319,False,60.0,2025-08
DAMUSDT,2025-08-19 12:00:00+00:00,VAL,60,0.5,-0.5401756452620833,True,30.25,2025-08
DAMUSDT,2025-08-19 12:00:00+00:00,VAL,60,1.0,0.1464801566361319,False,60.0,2025-08
DEEPUSDT,2025-04-23 08:00:00+00:00,VAL,30,None,0.24019829034695883,False,30.0,2025-04
DEEPUSDT,2025-04-23 08:00:00+00:00,VAL,30,0.5,0.24019829034695883,False,30.0,2025-04
DEEPUSDT,2025-04-23 08:00:00+00:00,VAL,30,1.0,0.24019829034695883,False,30.0,2025-04
DEEPUSDT,2025-04-23 08:00:00+00:00,VAL,60,None,0.48986753138335604,False,60.0,2025-04
DEEPUSDT,2025-04-23 08:00:00+00:00,VAL,60,0.5,0.48986753138335604,False,60.0,2025-04
DEEPUSDT,2025-04-23 08:00:00+00:00,VAL,60,1.0,0.48986753138335604,False,60.0,2025-04
DEGENUSDT,2024-11-16 11:00:00+00:00,DISC,30,None,0.6008774378241625,False,30.0,2024-11
DEGENUSDT,2024-11-16 11:00:00+00:00,DISC,30,0.5,0.6008774378241625,False,30.0,2024-11
DEGENUSDT,2024-11-16 11:00:00+00:00,DISC,30,1.0,0.6008774378241625,False,30.0,2024-11
DEGENUSDT,2024-11-16 11:00:00+00:00,DISC,60,None,0.7138524170298052,False,60.0,2024-11
DEGENUSDT,2024-11-16 11:00:00+00:00,DISC,60,0.5,0.7138524170298052,False,60.0,2024-11
DEGENUSDT,2024-11-16 11:00:00+00:00,DISC,60,1.0,0.7138524170298052,False,60.0,2024-11
DEGOUSDT,2024-12-14 13:00:00+00:00,DISC,30,None,0.22692768519452255,False,30.0,2024-12
DEGOUSDT,2024-12-14 13:00:00+00:00,DISC,30,0.5,0.22692768519452255,False,30.0,2024-12
DEGOUSDT,2024-12-14 13:00:00+00:00,DISC,30,1.0,0.22692768519452255,False,30.0,2024-12
DEGOUSDT,2024-12-14 13:00:00+00:00,DISC,60,None,0.4335958465171412,False,60.0,2024-12
DEGOUSDT,2024-12-14 13:00:00+00:00,DISC,60,0.5,0.4335958465171412,False,60.0,2024-12
DEGOUSDT,2024-12-14 13:00:00+00:00,DISC,60,1.0,0.4335958465171412,False,60.0,2024-12
DEXEUSDT,2024-12-25 11:00:00+00:00,DISC,30,None,-0.32659330211216997,False,30.0,2024-12
DEXEUSDT,2024-12-25 11:00:00+00:00,DISC,30,0.5,-0.5805400461286199,True,8.041666666666666,2024-12
DEXEUSDT,2024-12-25 11:00:00+00:00,DISC,30,1.0,-0.32659330211216997,False,30.0,2024-12
DEXEUSDT,2024-12-25 11:00:00+00:00,DISC,60,None,-0.3869136134101834,False,60.0,2024-12
DEXEUSDT,2024-12-25 11:00:00+00:00,DISC,60,0.5,-0.5805400461286199,True,8.041666666666666,2024-12
DEXEUSDT,2024-12-25 11:00:00+00:00,DISC,60,1.0,-0.3869136134101834,False,60.0,2024-12
DFUSDT,2024-12-31 11:00:00+00:00,DISC,30,None,0.14599741959162382,False,30.0,2024-12
DFUSDT,2024-12-31 11:00:00+00:00,DISC,30,0.5,0.14599741959162382,False,30.0,2024-12
DFUSDT,2024-12-31 11:00:00+00:00,DISC,30,1.0,0.14599741959162382,False,30.0,2024-12
DFUSDT,2024-12-31 11:00:00+00:00,DISC,60,None,0.03637336545054992,False,60.0,2024-12
DFUSDT,2024-12-31 11:00:00+00:00,DISC,60,0.5,0.03637336545054992,False,60.0,2024-12
DFUSDT,2024-12-31 11:00:00+00:00,DISC,60,1.0,0.03637336545054992,False,60.0,2024-12
DIAUSDT,2024-10-03 12:00:00+00:00,DISC,30,None,-0.16848869356526663,False,30.0,2024-10
DIAUSDT,2024-10-03 12:00:00+00:00,DISC,30,0.5,-0.5985225645022024,True,14.125,2024-10
DIAUSDT,2024-10-03 12:00:00+00:00,DISC,30,1.0,-0.16848869356526663,False,30.0,2024-10
DIAUSDT,2024-10-03 12:00:00+00:00,DISC,60,None,0.289784055932058,False,60.0,2024-10
DIAUSDT,2024-10-03 12:00:00+00:00,DISC,60,0.5,-0.5985225645022024,True,14.125,2024-10
DIAUSDT,2024-10-03 12:00:00+00:00,DISC,60,1.0,0.289784055932058,False,60.0,2024-10
DMCUSDT,2025-06-25 13:00:00+00:00,VAL,30,None,0.27709701402889186,False,30.0,2025-06
DMCUSDT,2025-06-25 13:00:00+00:00,VAL,30,0.5,-0.7082056497960015,True,4.416666666666667,2025-06
DMCUSDT,2025-06-25 13:00:00+00:00,VAL,30,1.0,0.27709701402889186,False,30.0,2025-06
DMCUSDT,2025-06-25 13:00:00+00:00,VAL,60,None,0.3636875463222631,False,60.0,2025-06
DMCUSDT,2025-06-25 13:00:00+00:00,VAL,60,0.5,-0.7082056497960015,True,4.416666666666667,2025-06
DMCUSDT,2025-06-25 13:00:00+00:00,VAL,60,1.0,0.3636875463222631,False,60.0,2025-06
DOGSUSDT,2024-08-27 12:00:00+00:00,DISC,30,None,0.35262320479735776,False,30.0,2024-08
DOGSUSDT,2024-08-27 12:00:00+00:00,DISC,30,0.5,0.35262320479735776,False,30.0,2024-08
DOGSUSDT,2024-08-27 12:00:00+00:00,DISC,30,1.0,0.35262320479735776,False,30.0,2024-08
DOGSUSDT,2024-08-27 12:00:00+00:00,DISC,60,None,0.5978477585550742,False,60.0,2024-08
DOGSUSDT,2024-08-27 12:00:00+00:00,DISC,60,0.5,0.5978477585550742,False,60.0,2024-08
DOGSUSDT,2024-08-27 12:00:00+00:00,DISC,60,1.0,0.5978477585550742,False,60.0,2024-08
DOLOUSDT,2025-05-02 03:00:00+00:00,VAL,30,None,0.4330453153529662,False,30.0,2025-05
DOLOUSDT,2025-05-02 03:00:00+00:00,VAL,30,0.5,0.4330453153529662,False,30.0,2025-05
DOLOUSDT,2025-05-02 03:00:00+00:00,VAL,30,1.0,0.4330453153529662,False,30.0,2025-05
DOLOUSDT,2025-05-02 03:00:00+00:00,VAL,60,None,0.4663477795205252,False,60.0,2025-05
DOLOUSDT,2025-05-02 03:00:00+00:00,VAL,60,0.5,0.4663477795205252,False,60.0,2025-05
DOLOUSDT,2025-05-02 03:00:00+00:00,VAL,60,1.0,0.4663477795205252,False,60.0,2025-05
DOODUSDT,2025-05-10 13:00:00+00:00,VAL,30,None,0.6501232226055466,False,30.0,2025-05
DOODUSDT,2025-05-10 13:00:00+00:00,VAL,30,0.5,0.6501232226055466,False,30.0,2025-05
DOODUSDT,2025-05-10 13:00:00+00:00,VAL,30,1.0,0.6501232226055466,False,30.0,2025-05
DOODUSDT,2025-05-10 13:00:00+00:00,VAL,60,None,0.7199531027401964,False,60.0,2025-05
DOODUSDT,2025-05-10 13:00:00+00:00,VAL,60,0.5,0.7199531027401964,False,60.0,2025-05
DOODUSDT,2025-05-10 13:00:00+00:00,VAL,60,1.0,0.7199531027401964,False,60.0,2025-05
DRIFTUSDT,2024-11-09 15:00:00+00:00,DISC,30,None,0.426547320970614,False,30.0,2024-11
DRIFTUSDT,2024-11-09 15:00:00+00:00,DISC,30,0.5,0.426547320970614,False,30.0,2024-11
DRIFTUSDT,2024-11-09 15:00:00+00:00,DISC,30,1.0,0.426547320970614,False,30.0,2024-11
DRIFTUSDT,2024-11-09 15:00:00+00:00,DISC,60,None,0.5229517337141996,False,60.0,2024-11
DRIFTUSDT,2024-11-09 15:00:00+00:00,DISC,60,0.5,0.5229517337141996,False,60.0,2024-11
DRIFTUSDT,2024-11-09 15:00:00+00:00,DISC,60,1.0,0.5229517337141996,False,60.0,2024-11
DUSDT,2025-01-10 10:00:00+00:00,DISC,30,None,0.5543530529474755,False,30.0,2025-01
DUSDT,2025-01-10 10:00:00+00:00,DISC,30,0.5,0.5543530529474755,False,30.0,2025-01
DUSDT,2025-01-10 10:00:00+00:00,DISC,30,1.0,0.5543530529474755,False,30.0,2025-01
DUSDT,2025-01-10 10:00:00+00:00,DISC,60,None,0.5603690511085487,False,60.0,2025-01
DUSDT,2025-01-10 10:00:00+00:00,DISC,60,0.5,0.5603690511085487,False,60.0,2025-01
DUSDT,2025-01-10 10:00:00+00:00,DISC,60,1.0,0.5603690511085487,False,60.0,2025-01
DYMUSDT,2024-02-08 07:00:00+00:00,DISC,30,None,0.497127472410111,False,30.0,2024-02
DYMUSDT,2024-02-08 07:00:00+00:00,DISC,30,0.5,0.497127472410111,False,30.0,2024-02
DYMUSDT,2024-02-08 07:00:00+00:00,DISC,30,1.0,0.497127472410111,False,30.0,2024-02
DYMUSDT,2024-02-08 07:00:00+00:00,DISC,60,None,0.7296652605079762,False,60.0,2024-02
DYMUSDT,2024-02-08 07:00:00+00:00,DISC,60,0.5,0.7296652605079762,False,60.0,2024-02
DYMUSDT,2024-02-08 07:00:00+00:00,DISC,60,1.0,0.7296652605079762,False,60.0,2024-02
EDENUSDT,2025-10-01 11:00:00+00:00,VAL,30,None,0.6381510042756754,False,30.0,2025-09
EDENUSDT,2025-10-01 11:00:00+00:00,VAL,30,0.5,0.6381510042756754,False,30.0,2025-09
EDENUSDT,2025-10-01 11:00:00+00:00,VAL,30,1.0,0.6381510042756754,False,30.0,2025-09
EDENUSDT,2025-10-01 11:00:00+00:00,VAL,60,None,0.5950746486363382,False,60.0,2025-09
EDENUSDT,2025-10-01 11:00:00+00:00,VAL,60,0.5,0.5950746486363382,False,60.0,2025-09
EDENUSDT,2025-10-01 11:00:00+00:00,VAL,60,1.0,0.5950746486363382,False,60.0,2025-09
EDGEUSDT,2026-03-20 14:00:00+00:00,HOLD,30,None,-0.8556563349256524,False,30.0,2026-03
EDGEUSDT,2026-03-20 14:00:00+00:00,HOLD,30,0.5,-0.5879171008533179,True,13.958333333333334,2026-03
EDGEUSDT,2026-03-20 14:00:00+00:00,HOLD,30,1.0,-0.9871978971388625,True,27.75,2026-03
EDGEUSDT,2026-03-20 14:00:00+00:00,HOLD,60,None,-0.903376562056703,False,60.0,2026-03
EDGEUSDT,2026-03-20 14:00:00+00:00,HOLD,60,0.5,-0.5879171008533179,True,13.958333333333334,2026-03
EDGEUSDT,2026-03-20 14:00:00+00:00,HOLD,60,1.0,-0.9871978971388625,True,27.75,2026-03
EIGENUSDT,2024-10-02 06:00:00+00:00,DISC,30,None,0.41988389010797755,False,30.0,2024-10
EIGENUSDT,2024-10-02 06:00:00+00:00,DISC,30,0.5,0.41988389010797755,False,30.0,2024-10
EIGENUSDT,2024-10-02 06:00:00+00:00,DISC,30,1.0,0.41988389010797755,False,30.0,2024-10
EIGENUSDT,2024-10-02 06:00:00+00:00,DISC,60,None,0.572417851844124,False,60.0,2024-10
EIGENUSDT,2024-10-02 06:00:00+00:00,DISC,60,0.5,0.572417851844124,False,60.0,2024-10
EIGENUSDT,2024-10-02 06:00:00+00:00,DISC,60,1.0,0.572417851844124,False,60.0,2024-10
ELSAUSDT,2026-01-23 07:00:00+00:00,HOLD,30,None,0.38848164404588736,False,30.0,2026-01
ELSAUSDT,2026-01-23 07:00:00+00:00,HOLD,30,0.5,0.38848164404588736,False,30.0,2026-01
ELSAUSDT,2026-01-23 07:00:00+00:00,HOLD,30,1.0,0.38848164404588736,False,30.0,2026-01
ELSAUSDT,2026-01-23 07:00:00+00:00,HOLD,60,None,0.44926462767417397,False,60.0,2026-01
ELSAUSDT,2026-01-23 07:00:00+00:00,HOLD,60,0.5,0.44926462767417397,False,60.0,2026-01
ELSAUSDT,2026-01-23 07:00:00+00:00,HOLD,60,1.0,0.44926462767417397,False,60.0,2026-01
ENAUSDT,2024-04-03 12:00:00+00:00,DISC,30,None,0.041326151884051754,False,30.0,2024-04
ENAUSDT,2024-04-03 12:00:00+00:00,DISC,30,0.5,-0.5214902110559628,True,6.833333333333333,2024-04
ENAUSDT,2024-04-03 12:00:00+00:00,DISC,30,1.0,0.041326151884051754,False,30.0,2024-04
ENAUSDT,2024-04-03 12:00:00+00:00,DISC,60,None,0.0463099332513186,False,60.0,2024-04
ENAUSDT,2024-04-03 12:00:00+00:00,DISC,60,0.5,-0.5214902110559628,True,6.833333333333333,2024-04
ENAUSDT,2024-04-03 12:00:00+00:00,DISC,60,1.0,0.0463099332513186,False,60.0,2024-04
ENSOUSDT,2025-10-15 09:00:00+00:00,VAL,30,None,0.49897279764714353,False,30.0,2025-10
ENSOUSDT,2025-10-15 09:00:00+00:00,VAL,30,0.5,0.49897279764714353,False,30.0,2025-10
ENSOUSDT,2025-10-15 09:00:00+00:00,VAL,30,1.0,0.49897279764714353,False,30.0,2025-10
ENSOUSDT,2025-10-15 09:00:00+00:00,VAL,60,None,0.5287560751976952,False,60.0,2025-10
ENSOUSDT,2025-10-15 09:00:00+00:00,VAL,60,0.5,0.5287560751976952,False,60.0,2025-10
ENSOUSDT,2025-10-15 09:00:00+00:00,VAL,60,1.0,0.5287560751976952,False,60.0,2025-10
EPICUSDT,2025-03-14 08:00:00+00:00,DISC,30,None,0.10258764641500939,False,30.0,2025-03
EPICUSDT,2025-03-14 08:00:00+00:00,DISC,30,0.5,0.10258764641500939,False,30.0,2025-03
EPICUSDT,2025-03-14 08:00:00+00:00,DISC,30,1.0,0.10258764641500939,False,30.0,2025-03
EPICUSDT,2025-03-14 08:00:00+00:00,DISC,60,None,0.28740689876519165,False,60.0,2025-03
EPICUSDT,2025-03-14 08:00:00+00:00,DISC,60,0.5,0.28740689876519165,False,60.0,2025-03
EPICUSDT,2025-03-14 08:00:00+00:00,DISC,60,1.0,0.28740689876519165,False,60.0,2025-03
EPTUSDT,2025-04-22 13:00:00+00:00,VAL,30,None,0.38694074348682916,False,30.0,2025-04
EPTUSDT,2025-04-22 13:00:00+00:00,VAL,30,0.5,0.38694074348682916,False,30.0,2025-04
EPTUSDT,2025-04-22 13:00:00+00:00,VAL,30,1.0,0.38694074348682916,False,30.0,2025-04
EPTUSDT,2025-04-22 13:00:00+00:00,VAL,60,None,0.7410005316108988,False,60.0,2025-04
EPTUSDT,2025-04-22 13:00:00+00:00,VAL,60,0.5,0.7410005316108988,False,60.0,2025-04
EPTUSDT,2025-04-22 13:00:00+00:00,VAL,60,1.0,0.7410005316108988,False,60.0,2025-04
ERAUSDT,2025-07-18 15:00:00+00:00,VAL,30,None,0.31387653643629865,False,30.0,2025-07
ERAUSDT,2025-07-18 15:00:00+00:00,VAL,30,0.5,0.31387653643629865,False,30.0,2025-07
ERAUSDT,2025-07-18 15:00:00+00:00,VAL,30,1.0,0.31387653643629865,False,30.0,2025-07
ERAUSDT,2025-07-18 15:00:00+00:00,VAL,60,None,0.4715980122869705,False,60.0,2025-07
ERAUSDT,2025-07-18 15:00:00+00:00,VAL,60,0.5,0.4715980122869705,False,60.0,2025-07
ERAUSDT,2025-07-18 15:00:00+00:00,VAL,60,1.0,0.4715980122869705,False,60.0,2025-07
ESPORTSUSDT,2025-07-30 10:00:00+00:00,VAL,30,None,0.07032677362996709,False,30.0,2025-07
ESPORTSUSDT,2025-07-30 10:00:00+00:00,VAL,30,0.5,-0.6005005405874752,True,4.833333333333333,2025-07
ESPORTSUSDT,2025-07-30 10:00:00+00:00,VAL,30,1.0,0.07032677362996709,False,30.0,2025-07
ESPORTSUSDT,2025-07-30 10:00:00+00:00,VAL,60,None,-0.4446320002325147,False,60.0,2025-07
ESPORTSUSDT,2025-07-30 10:00:00+00:00,VAL,60,0.5,-0.6005005405874752,True,4.833333333333333,2025-07
ESPORTSUSDT,2025-07-30 10:00:00+00:00,VAL,60,1.0,-0.4446320002325147,False,60.0,2025-07
ESPUSDT,2026-02-11 08:00:00+00:00,HOLD,30,None,-0.3295442833296528,False,30.0,2026-02
ESPUSDT,2026-02-11 08:00:00+00:00,HOLD,30,0.5,-0.8723796690775854,True,12.916666666666666,2026-02
ESPUSDT,2026-02-11 08:00:00+00:00,HOLD,30,1.0,-1.361072859904374,True,13.0,2026-02
ESPUSDT,2026-02-11 08:00:00+00:00,HOLD,60,None,0.09590796079674446,False,60.0,2026-02
ESPUSDT,2026-02-11 08:00:00+00:00,HOLD,60,0.5,-0.8723796690775854,True,12.916666666666666,2026-02
ESPUSDT,2026-02-11 08:00:00+00:00,HOLD,60,1.0,-1.361072859904374,True,13.0,2026-02
ETHFIUSDT,2024-03-19 15:00:00+00:00,DISC,30,None,-0.17870144335471105,False,30.0,2024-03
ETHFIUSDT,2024-03-19 15:00:00+00:00,DISC,30,0.5,-0.4626561511582209,True,6.416666666666667,2024-03
ETHFIUSDT,2024-03-19 15:00:00+00:00,DISC,30,1.0,-0.9702968839181142,True,7.5,2024-03
ETHFIUSDT,2024-03-19 15:00:00+00:00,DISC,60,None,-0.06965989872678213,False,60.0,2024-03
ETHFIUSDT,2024-03-19 15:00:00+00:00,DISC,60,0.5,-0.4626561511582209,True,6.416666666666667,2024-03
ETHFIUSDT,2024-03-19 15:00:00+00:00,DISC,60,1.0,-0.9702968839181142,True,7.5,2024-03
EULUSDT,2025-10-14 14:00:00+00:00,VAL,30,None,0.3245289096942823,False,30.0,2025-10
EULUSDT,2025-10-14 14:00:00+00:00,VAL,30,0.5,0.3245289096942823,False,30.0,2025-10
EULUSDT,2025-10-14 14:00:00+00:00,VAL,30,1.0,0.3245289096942823,False,30.0,2025-10
EULUSDT,2025-10-14 14:00:00+00:00,VAL,60,None,0.4462811692704678,False,60.0,2025-10
EULUSDT,2025-10-14 14:00:00+00:00,VAL,60,0.5,0.4462811692704678,False,60.0,2025-10
EULUSDT,2025-10-14 14:00:00+00:00,VAL,60,1.0,0.4462811692704678,False,60.0,2025-10
EVAAUSDT,2025-10-04 10:00:00+00:00,VAL,30,None,-0.06269729532263069,False,30.0,2025-10
EVAAUSDT,2025-10-04 10:00:00+00:00,VAL,30,0.5,-0.6616598690961502,True,18.25,2025-10
EVAAUSDT,2025-10-04 10:00:00+00:00,VAL,30,1.0,-1.2020143493445616,True,20.875,2025-10
EVAAUSDT,2025-10-04 10:00:00+00:00,VAL,60,None,0.6050374624034361,False,60.0,2025-10
EVAAUSDT,2025-10-04 10:00:00+00:00,VAL,60,0.5,-0.6616598690961502,True,18.25,2025-10
EVAAUSDT,2025-10-04 10:00:00+00:00,VAL,60,1.0,-1.2020143493445616,True,20.875,2025-10
EWTUSDT,2026-06-02 13:00:00+00:00,HOLD,30,None,-0.11707000466322559,False,30.0,2026-06
EWTUSDT,2026-06-02 13:00:00+00:00,HOLD,30,0.5,-0.11707000466322559,False,30.0,2026-06
EWTUSDT,2026-06-02 13:00:00+00:00,HOLD,30,1.0,-0.11707000466322559,False,30.0,2026-06
EWTUSDT,2026-06-02 13:00:00+00:00,HOLD,60,None,0.013792366964529904,False,60.0,2026-06
EWTUSDT,2026-06-02 13:00:00+00:00,HOLD,60,0.5,0.013792366964529904,False,60.0,2026-06
EWTUSDT,2026-06-02 13:00:00+00:00,HOLD,60,1.0,0.013792366964529904,False,60.0,2026-06
FARTCOINUSDT,2024-12-21 18:00:00+00:00,DISC,30,None,-1.149408466290148,False,30.0,2024-12
FARTCOINUSDT,2024-12-21 18:00:00+00:00,DISC,30,0.5,-0.5440352376561496,True,3.3333333333333335,2024-12
FARTCOINUSDT,2024-12-21 18:00:00+00:00,DISC,30,1.0,-1.0750151669242622,True,27.75,2024-12
FARTCOINUSDT,2024-12-21 18:00:00+00:00,DISC,60,None,0.607928396870616,False,60.0,2024-12
FARTCOINUSDT,2024-12-21 18:00:00+00:00,DISC,60,0.5,-0.5440352376561496,True,3.3333333333333335,2024-12
FARTCOINUSDT,2024-12-21 18:00:00+00:00,DISC,60,1.0,-1.0750151669242622,True,27.75,2024-12
FFUSDT,2025-09-30 13:00:00+00:00,VAL,30,None,0.211335627672814,False,30.0,2025-09
FFUSDT,2025-09-30 13:00:00+00:00,VAL,30,0.5,0.211335627672814,False,30.0,2025-09
FFUSDT,2025-09-30 13:00:00+00:00,VAL,30,1.0,0.211335627672814,False,30.0,2025-09
FFUSDT,2025-09-30 13:00:00+00:00,VAL,60,None,0.15831713042170847,False,60.0,2025-09
FFUSDT,2025-09-30 13:00:00+00:00,VAL,60,0.5,0.15831713042170847,False,60.0,2025-09
FFUSDT,2025-09-30 13:00:00+00:00,VAL,60,1.0,0.15831713042170847,False,60.0,2025-09
FHEUSDT,2025-04-13 15:00:00+00:00,VAL,30,None,-0.09058642617627044,False,30.0,2025-04
FHEUSDT,2025-04-13 15:00:00+00:00,VAL,30,0.5,-0.5296384815011436,True,7.25,2025-04
FHEUSDT,2025-04-13 15:00:00+00:00,VAL,30,1.0,-0.09058642617627044,False,30.0,2025-04
FHEUSDT,2025-04-13 15:00:00+00:00,VAL,60,None,0.244345137851255,False,60.0,2025-04
FHEUSDT,2025-04-13 15:00:00+00:00,VAL,60,0.5,-0.5296384815011436,True,7.25,2025-04
FHEUSDT,2025-04-13 15:00:00+00:00,VAL,60,1.0,0.244345137851255,False,60.0,2025-04
FIDAUSDT,2024-09-20 12:00:00+00:00,DISC,30,None,0.3657051673744597,False,30.0,2024-09
FIDAUSDT,2024-09-20 12:00:00+00:00,DISC,30,0.5,0.3657051673744597,False,30.0,2024-09
FIDAUSDT,2024-09-20 12:00:00+00:00,DISC,30,1.0,0.3657051673744597,False,30.0,2024-09
FIDAUSDT,2024-09-20 12:00:00+00:00,DISC,60,None,0.7974604396452905,False,60.0,2024-09
FIDAUSDT,2024-09-20 12:00:00+00:00,DISC,60,0.5,0.7974604396452905,False,60.0,2024-09
FIDAUSDT,2024-09-20 12:00:00+00:00,DISC,60,1.0,0.7974604396452905,False,60.0,2024-09
FIGHTUSDT,2026-01-24 12:00:00+00:00,HOLD,30,None,0.4544015037569459,False,30.0,2026-01
FIGHTUSDT,2026-01-24 12:00:00+00:00,HOLD,30,0.5,0.4544015037569459,False,30.0,2026-01
FIGHTUSDT,2026-01-24 12:00:00+00:00,HOLD,30,1.0,0.4544015037569459,False,30.0,2026-01
FIGHTUSDT,2026-01-24 12:00:00+00:00,HOLD,60,None,0.6589992799852317,False,60.0,2026-01
FIGHTUSDT,2026-01-24 12:00:00+00:00,HOLD,60,0.5,0.6589992799852317,False,60.0,2026-01
FIGHTUSDT,2026-01-24 12:00:00+00:00,HOLD,60,1.0,0.6589992799852317,False,60.0,2026-01
FIOUSDT,2024-09-21 11:00:00+00:00,DISC,30,None,0.2784647876565607,False,30.0,2024-09
FIOUSDT,2024-09-21 11:00:00+00:00,DISC,30,0.5,0.2784647876565607,False,30.0,2024-09
FIOUSDT,2024-09-21 11:00:00+00:00,DISC,30,1.0,0.2784647876565607,False,30.0,2024-09
FIOUSDT,2024-09-21 11:00:00+00:00,DISC,60,None,0.6760165226792609,False,60.0,2024-09
FIOUSDT,2024-09-21 11:00:00+00:00,DISC,60,0.5,0.6760165226792609,False,60.0,2024-09
FIOUSDT,2024-09-21 11:00:00+00:00,DISC,60,1.0,0.6760165226792609,False,60.0,2024-09
FISUSDT,2025-04-26 07:00:00+00:00,VAL,30,None,0.37004204938825913,False,30.0,2025-04
FISUSDT,2025-04-26 07:00:00+00:00,VAL,30,0.5,0.37004204938825913,False,30.0,2025-04
FISUSDT,2025-04-26 07:00:00+00:00,VAL,30,1.0,0.37004204938825913,False,30.0,2025-04
FISUSDT,2025-04-26 07:00:00+00:00,VAL,60,None,0.6971682939056162,False,60.0,2025-04
FISUSDT,2025-04-26 07:00:00+00:00,VAL,60,0.5,0.6971682939056162,False,60.0,2025-04
FISUSDT,2025-04-26 07:00:00+00:00,VAL,60,1.0,0.6971682939056162,False,60.0,2025-04
FLOCKUSDT,2025-09-10 06:00:00+00:00,VAL,30,None,0.4161997846765608,False,30.0,2025-09
FLOCKUSDT,2025-09-10 06:00:00+00:00,VAL,30,0.5,0.4161997846765608,False,30.0,2025-09
FLOCKUSDT,2025-09-10 06:00:00+00:00,VAL,30,1.0,0.4161997846765608,False,30.0,2025-09
FLOCKUSDT,2025-09-10 06:00:00+00:00,VAL,60,None,0.41294702597439414,False,60.0,2025-09
FLOCKUSDT,2025-09-10 06:00:00+00:00,VAL,60,0.5,0.41294702597439414,False,60.0,2025-09
FLOCKUSDT,2025-09-10 06:00:00+00:00,VAL,60,1.0,0.41294702597439414,False,60.0,2025-09
FLUIDUSDT,2025-09-25 10:00:00+00:00,VAL,30,None,0.2612171528702951,False,30.0,2025-09
FLUIDUSDT,2025-09-25 10:00:00+00:00,VAL,30,0.5,0.2612171528702951,False,30.0,2025-09
FLUIDUSDT,2025-09-25 10:00:00+00:00,VAL,30,1.0,0.2612171528702951,False,30.0,2025-09
FLUIDUSDT,2025-09-25 10:00:00+00:00,VAL,60,None,0.26732499565490053,False,60.0,2025-09
FLUIDUSDT,2025-09-25 10:00:00+00:00,VAL,60,0.5,0.26732499565490053,False,60.0,2025-09
FLUIDUSDT,2025-09-25 10:00:00+00:00,VAL,60,1.0,0.26732499565490053,False,60.0,2025-09
FLUXUSDT,2024-09-04 07:00:00+00:00,DISC,30,None,0.1872316360382773,False,30.0,2024-09
FLUXUSDT,2024-09-04 07:00:00+00:00,DISC,30,0.5,0.1872316360382773,False,30.0,2024-09
FLUXUSDT,2024-09-04 07:00:00+00:00,DISC,30,1.0,0.1872316360382773,False,30.0,2024-09
FLUXUSDT,2024-09-04 07:00:00+00:00,DISC,60,None,0.3874612654656232,False,60.0,2024-09
FLUXUSDT,2024-09-04 07:00:00+00:00,DISC,60,0.5,0.3874612654656232,False,60.0,2024-09
FLUXUSDT,2024-09-04 07:00:00+00:00,DISC,60,1.0,0.3874612654656232,False,60.0,2024-09
FOGOUSDT,2026-01-11 14:00:00+00:00,HOLD,30,None,0.43267611766223424,False,30.0,2026-01
FOGOUSDT,2026-01-11 14:00:00+00:00,HOLD,30,0.5,0.43267611766223424,False,30.0,2026-01
FOGOUSDT,2026-01-11 14:00:00+00:00,HOLD,30,1.0,0.43267611766223424,False,30.0,2026-01
FOGOUSDT,2026-01-11 14:00:00+00:00,HOLD,60,None,0.412733269285255,False,60.0,2026-01
FOGOUSDT,2026-01-11 14:00:00+00:00,HOLD,60,0.5,0.412733269285255,False,60.0,2026-01
FOGOUSDT,2026-01-11 14:00:00+00:00,HOLD,60,1.0,0.412733269285255,False,60.0,2026-01
FOLKSUSDT,2025-11-07 12:00:00+00:00,VAL,30,None,-1.980177360885066,False,30.0,2025-11
FOLKSUSDT,2025-11-07 12:00:00+00:00,VAL,30,0.5,-0.5242594633982715,True,0.125,2025-11
FOLKSUSDT,2025-11-07 12:00:00+00:00,VAL,30,1.0,-1.2343421029050534,True,13.375,2025-11
FOLKSUSDT,2025-11-07 12:00:00+00:00,VAL,60,None,0.06550897833532288,False,60.0,2025-11
FOLKSUSDT,2025-11-07 12:00:00+00:00,VAL,60,0.5,-0.5242594633982715,True,0.125,2025-11
FOLKSUSDT,2025-11-07 12:00:00+00:00,VAL,60,1.0,-1.2343421029050534,True,13.375,2025-11
FORMUSDT,2025-03-20 08:00:00+00:00,DISC,30,None,-0.17164338359127496,False,30.0,2025-03
FORMUSDT,2025-03-20 08:00:00+00:00,DISC,30,0.5,-0.17164338359127496,False,30.0,2025-03
FORMUSDT,2025-03-20 08:00:00+00:00,DISC,30,1.0,-0.17164338359127496,False,30.0,2025-03
FORMUSDT,2025-03-20 08:00:00+00:00,DISC,60,None,-0.2695473692397127,False,60.0,2025-03
FORMUSDT,2025-03-20 08:00:00+00:00,DISC,60,0.5,-0.3606447316774478,True,52.75,2025-03
FORMUSDT,2025-03-20 08:00:00+00:00,DISC,60,1.0,-0.2695473692397127,False,60.0,2025-03
FORTHUSDT,2025-04-09 08:00:00+00:00,VAL,30,None,0.39988033010179747,False,30.0,2025-04
FORTHUSDT,2025-04-09 08:00:00+00:00,VAL,30,0.5,0.39988033010179747,False,30.0,2025-04
FORTHUSDT,2025-04-09 08:00:00+00:00,VAL,30,1.0,0.39988033010179747,False,30.0,2025-04
FORTHUSDT,2025-04-09 08:00:00+00:00,VAL,60,None,0.5535715326603693,False,60.0,2025-04
FORTHUSDT,2025-04-09 08:00:00+00:00,VAL,60,0.5,0.5535715326603693,False,60.0,2025-04
FORTHUSDT,2025-04-09 08:00:00+00:00,VAL,60,1.0,0.5535715326603693,False,60.0,2025-04
FRAXUSDT,2026-01-16 08:00:00+00:00,HOLD,30,None,-0.018602780997877485,False,30.0,2026-01
FRAXUSDT,2026-01-16 08:00:00+00:00,HOLD,30,0.5,-0.7666607220393705,True,3.25,2026-01
FRAXUSDT,2026-01-16 08:00:00+00:00,HOLD,30,1.0,-0.018602780997877485,False,30.0,2026-01
FRAXUSDT,2026-01-16 08:00:00+00:00,HOLD,60,None,0.029298533163597876,False,60.0,2026-01
FRAXUSDT,2026-01-16 08:00:00+00:00,HOLD,60,0.5,-0.7666607220393705,True,3.25,2026-01
FRAXUSDT,2026-01-16 08:00:00+00:00,HOLD,60,1.0,0.029298533163597876,False,60.0,2026-01
FUNUSDT,2025-04-01 08:00:00+00:00,DISC,30,None,0.062170542663481876,False,30.0,2025-03
FUNUSDT,2025-04-01 08:00:00+00:00,DISC,30,0.5,-0.6321831235534398,True,3.875,2025-03
FUNUSDT,2025-04-01 08:00:00+00:00,DISC,30,1.0,0.062170542663481876,False,30.0,2025-03
FUNUSDT,2025-04-01 08:00:00+00:00,DISC,60,None,0.5120331377522583,False,60.0,2025-03
FUNUSDT,2025-04-01 08:00:00+00:00,DISC,60,0.5,-0.6321831235534398,True,3.875,2025-03
FUNUSDT,2025-04-01 08:00:00+00:00,DISC,60,1.0,0.5120331377522583,False,60.0,2025-03
FUSDT,2025-06-19 12:00:00+00:00,VAL,30,None,0.1857405135112531,False,30.0,2025-06
FUSDT,2025-06-19 12:00:00+00:00,VAL,30,0.5,0.1857405135112531,False,30.0,2025-06
FUSDT,2025-06-19 12:00:00+00:00,VAL,30,1.0,0.1857405135112531,False,30.0,2025-06
FUSDT,2025-06-19 12:00:00+00:00,VAL,60,None,0.30196534523158935,False,60.0,2025-06
FUSDT,2025-06-19 12:00:00+00:00,VAL,60,0.5,0.30196534523158935,False,60.0,2025-06
FUSDT,2025-06-19 12:00:00+00:00,VAL,60,1.0,0.30196534523158935,False,60.0,2025-06
GENIUSUSDT,2026-04-17 03:00:00+00:00,HOLD,30,None,0.32876150378861657,False,30.0,2026-04
GENIUSUSDT,2026-04-17 03:00:00+00:00,HOLD,30,0.5,0.32876150378861657,False,30.0,2026-04
GENIUSUSDT,2026-04-17 03:00:00+00:00,HOLD,30,1.0,0.32876150378861657,False,30.0,2026-04
GENIUSUSDT,2026-04-17 03:00:00+00:00,HOLD,60,None,0.22735777627462128,False,60.0,2026-04
GENIUSUSDT,2026-04-17 03:00:00+00:00,HOLD,60,0.5,0.22735777627462128,False,60.0,2026-04
GENIUSUSDT,2026-04-17 03:00:00+00:00,HOLD,60,1.0,0.22735777627462128,False,60.0,2026-04
GHSTUSDT,2024-09-24 13:00:00+00:00,DISC,30,None,0.21976367168826505,False,30.0,2024-09
GHSTUSDT,2024-09-24 13:00:00+00:00,DISC,30,0.5,0.21976367168826505,False,30.0,2024-09
GHSTUSDT,2024-09-24 13:00:00+00:00,DISC,30,1.0,0.21976367168826505,False,30.0,2024-09
GHSTUSDT,2024-09-24 13:00:00+00:00,DISC,60,None,0.6603051621199797,False,60.0,2024-09
GHSTUSDT,2024-09-24 13:00:00+00:00,DISC,60,0.5,0.6603051621199797,False,60.0,2024-09
GHSTUSDT,2024-09-24 13:00:00+00:00,DISC,60,1.0,0.6603051621199797,False,60.0,2024-09
GIGGLEUSDT,2025-10-10 09:00:00+00:00,VAL,30,None,-1.0863854455664066,False,30.0,2025-10
GIGGLEUSDT,2025-10-10 09:00:00+00:00,VAL,30,0.5,-0.7097456294262979,True,0.7916666666666666,2025-10
GIGGLEUSDT,2025-10-10 09:00:00+00:00,VAL,30,1.0,-2.225292754745863,True,14.75,2025-10
GIGGLEUSDT,2025-10-10 09:00:00+00:00,VAL,60,None,-0.2737149196444516,False,60.0,2025-10
GIGGLEUSDT,2025-10-10 09:00:00+00:00,VAL,60,0.5,-0.7097456294262979,True,0.7916666666666666,2025-10
GIGGLEUSDT,2025-10-10 09:00:00+00:00,VAL,60,1.0,-2.225292754745863,True,14.75,2025-10
GLMUSDT,2024-02-23 10:00:00+00:00,DISC,30,None,-0.1435331560148686,False,30.0,2024-02
GLMUSDT,2024-02-23 10:00:00+00:00,DISC,30,0.5,-0.33525957055152233,True,8.791666666666666,2024-02
GLMUSDT,2024-02-23 10:00:00+00:00,DISC,30,1.0,-0.9366097319636569,True,8.916666666666666,2024-02
GLMUSDT,2024-02-23 10:00:00+00:00,DISC,60,None,0.08126574655695695,False,60.0,2024-02
GLMUSDT,2024-02-23 10:00:00+00:00,DISC,60,0.5,-0.33525957055152233,True,8.791666666666666,2024-02
GLMUSDT,2024-02-23 10:00:00+00:00,DISC,60,1.0,-0.9366097319636569,True,8.916666666666666,2024-02
GOATUSDT,2024-10-25 13:00:00+00:00,DISC,30,None,0.2131359147141264,False,30.0,2024-10
GOATUSDT,2024-10-25 13:00:00+00:00,DISC,30,0.5,-0.32561731620692347,True,18.0,2024-10
GOATUSDT,2024-10-25 13:00:00+00:00,DISC,30,1.0,-0.7644969681211898,True,22.958333333333332,2024-10
GOATUSDT,2024-10-25 13:00:00+00:00,DISC,60,None,0.5921102325027684,False,60.0,2024-10
GOATUSDT,2024-10-25 13:00:00+00:00,DISC,60,0.5,-0.32561731620692347,True,18.0,2024-10
GOATUSDT,2024-10-25 13:00:00+00:00,DISC,60,1.0,-0.7644969681211898,True,22.958333333333332,2024-10
GPSUSDT,2025-02-18 17:00:00+00:00,DISC,30,None,0.6004911101441766,False,30.0,2025-02
GPSUSDT,2025-02-18 17:00:00+00:00,DISC,30,0.5,0.6004911101441766,False,30.0,2025-02
GPSUSDT,2025-02-18 17:00:00+00:00,DISC,30,1.0,0.6004911101441766,False,30.0,2025-02
GPSUSDT,2025-02-18 17:00:00+00:00,DISC,60,None,0.7551030063845612,False,60.0,2025-02
GPSUSDT,2025-02-18 17:00:00+00:00,DISC,60,0.5,0.7551030063845612,False,60.0,2025-02
GPSUSDT,2025-02-18 17:00:00+00:00,DISC,60,1.0,0.7551030063845612,False,60.0,2025-02
GRASSUSDT,2024-11-09 15:00:00+00:00,DISC,30,None,0.3176471803127109,False,30.0,2024-11
GRASSUSDT,2024-11-09 15:00:00+00:00,DISC,30,0.5,0.3176471803127109,False,30.0,2024-11
GRASSUSDT,2024-11-09 15:00:00+00:00,DISC,30,1.0,0.3176471803127109,False,30.0,2024-11
GRASSUSDT,2024-11-09 15:00:00+00:00,DISC,60,None,0.36356070475383095,False,60.0,2024-11
GRASSUSDT,2024-11-09 15:00:00+00:00,DISC,60,0.5,0.36356070475383095,False,60.0,2024-11
GRASSUSDT,2024-11-09 15:00:00+00:00,DISC,60,1.0,0.36356070475383095,False,60.0,2024-11
GRIFFAINUSDT,2025-01-03 13:00:00+00:00,DISC,30,None,0.5910267771399498,False,30.0,2025-01
GRIFFAINUSDT,2025-01-03 13:00:00+00:00,DISC,30,0.5,-0.4559286287852492,True,16.208333333333332,2025-01
GRIFFAINUSDT,2025-01-03 13:00:00+00:00,DISC,30,1.0,0.5910267771399498,False,30.0,2025-01
GRIFFAINUSDT,2025-01-03 13:00:00+00:00,DISC,60,None,0.7210156165584161,False,60.0,2025-01
GRIFFAINUSDT,2025-01-03 13:00:00+00:00,DISC,60,0.5,-0.4559286287852492,True,16.208333333333332,2025-01
GRIFFAINUSDT,2025-01-03 13:00:00+00:00,DISC,60,1.0,0.7210156165584161,False,60.0,2025-01
GUAUSDT,2025-12-22 10:00:00+00:00,VAL,30,None,0.005408075105070356,False,30.0,2025-12
GUAUSDT,2025-12-22 10:00:00+00:00,VAL,30,0.5,0.005408075105070356,False,30.0,2025-12
GUAUSDT,2025-12-22 10:00:00+00:00,VAL,30,1.0,0.005408075105070356,False,30.0,2025-12
GUAUSDT,2025-12-22 10:00:00+00:00,VAL,60,None,-0.323215866838254,False,60.0,2025-12
GUAUSDT,2025-12-22 10:00:00+00:00,VAL,60,0.5,-0.323215866838254,False,60.0,2025-12
GUAUSDT,2025-12-22 10:00:00+00:00,VAL,60,1.0,-0.323215866838254,False,60.0,2025-12
GUNUSDT,2025-04-01 13:00:00+00:00,DISC,30,None,0.20653347174903192,False,30.0,2025-03
GUNUSDT,2025-04-01 13:00:00+00:00,DISC,30,0.5,0.20653347174903192,False,30.0,2025-03
GUNUSDT,2025-04-01 13:00:00+00:00,DISC,30,1.0,0.20653347174903192,False,30.0,2025-03
GUNUSDT,2025-04-01 13:00:00+00:00,DISC,60,None,0.663876078221349,False,60.0,2025-03
GUNUSDT,2025-04-01 13:00:00+00:00,DISC,60,0.5,0.663876078221349,False,60.0,2025-03
GUNUSDT,2025-04-01 13:00:00+00:00,DISC,60,1.0,0.663876078221349,False,60.0,2025-03
GUSDT,2024-08-16 12:00:00+00:00,DISC,30,None,0.05354215864173606,False,30.0,2024-08
GUSDT,2024-08-16 12:00:00+00:00,DISC,30,0.5,0.05354215864173606,False,30.0,2024-08
GUSDT,2024-08-16 12:00:00+00:00,DISC,30,1.0,0.05354215864173606,False,30.0,2024-08
GUSDT,2024-08-16 12:00:00+00:00,DISC,60,None,0.211737486649622,False,60.0,2024-08
GUSDT,2024-08-16 12:00:00+00:00,DISC,60,0.5,0.211737486649622,False,60.0,2024-08
GUSDT,2024-08-16 12:00:00+00:00,DISC,60,1.0,0.211737486649622,False,60.0,2024-08
GWEIUSDT,2026-01-30 05:00:00+00:00,HOLD,30,None,-0.3219940200280599,False,30.0,2026-01
GWEIUSDT,2026-01-30 05:00:00+00:00,HOLD,30,0.5,-0.3219940200280599,False,30.0,2026-01
GWEIUSDT,2026-01-30 05:00:00+00:00,HOLD,30,1.0,-0.3219940200280599,False,30.0,2026-01
GWEIUSDT,2026-01-30 05:00:00+00:00,HOLD,60,None,-0.15334314585916253,False,60.0,2026-01
GWEIUSDT,2026-01-30 05:00:00+00:00,HOLD,60,0.5,-0.15334314585916253,False,60.0,2026-01
GWEIUSDT,2026-01-30 05:00:00+00:00,HOLD,60,1.0,-0.15334314585916253,False,60.0,2026-01
HAEDALUSDT,2025-05-02 03:00:00+00:00,VAL,30,None,0.3005937782785022,False,30.0,2025-05
HAEDALUSDT,2025-05-02 03:00:00+00:00,VAL,30,0.5,0.3005937782785022,False,30.0,2025-05
HAEDALUSDT,2025-05-02 03:00:00+00:00,VAL,30,1.0,0.3005937782785022,False,30.0,2025-05
HAEDALUSDT,2025-05-02 03:00:00+00:00,VAL,60,None,0.3876403116686251,False,60.0,2025-05
HAEDALUSDT,2025-05-02 03:00:00+00:00,VAL,60,0.5,0.3876403116686251,False,60.0,2025-05
HAEDALUSDT,2025-05-02 03:00:00+00:00,VAL,60,1.0,0.3876403116686251,False,60.0,2025-05
HANAUSDT,2025-09-27 11:00:00+00:00,VAL,30,None,0.2008539034607596,False,30.0,2025-09
HANAUSDT,2025-09-27 11:00:00+00:00,VAL,30,0.5,-0.4925902240404857,True,9.416666666666666,2025-09
HANAUSDT,2025-09-27 11:00:00+00:00,VAL,30,1.0,0.2008539034607596,False,30.0,2025-09
HANAUSDT,2025-09-27 11:00:00+00:00,VAL,60,None,0.43669992078100794,False,60.0,2025-09
HANAUSDT,2025-09-27 11:00:00+00:00,VAL,60,0.5,-0.4925902240404857,True,9.416666666666666,2025-09
HANAUSDT,2025-09-27 11:00:00+00:00,VAL,60,1.0,0.43669992078100794,False,60.0,2025-09
HDUSDT,2026-05-16 13:00:00+00:00,HOLD,30,None,-0.2760342061931864,False,30.0,2026-05
HDUSDT,2026-05-16 13:00:00+00:00,HOLD,30,0.5,-0.2760342061931864,False,30.0,2026-05
HDUSDT,2026-05-16 13:00:00+00:00,HOLD,30,1.0,-0.2760342061931864,False,30.0,2026-05
HDUSDT,2026-05-16 13:00:00+00:00,HOLD,60,None,-0.3281623604375674,False,60.0,2026-05
HDUSDT,2026-05-16 13:00:00+00:00,HOLD,60,0.5,-0.3281623604375674,False,60.0,2026-05
HDUSDT,2026-05-16 13:00:00+00:00,HOLD,60,1.0,-0.3281623604375674,False,60.0,2026-05
HEIUSDT,2025-02-14 09:00:00+00:00,DISC,30,None,0.196376140312295,False,30.0,2025-02
HEIUSDT,2025-02-14 09:00:00+00:00,DISC,30,0.5,0.196376140312295,False,30.0,2025-02
HEIUSDT,2025-02-14 09:00:00+00:00,DISC,30,1.0,0.196376140312295,False,30.0,2025-02
HEIUSDT,2025-02-14 09:00:00+00:00,DISC,60,None,0.4680178199303817,False,60.0,2025-02
HEIUSDT,2025-02-14 09:00:00+00:00,DISC,60,0.5,0.4680178199303817,False,60.0,2025-02
HEIUSDT,2025-02-14 09:00:00+00:00,DISC,60,1.0,0.4680178199303817,False,60.0,2025-02
HEMIUSDT,2025-08-30 04:00:00+00:00,VAL,30,None,-4.092281898138766,False,30.0,2025-08
HEMIUSDT,2025-08-30 04:00:00+00:00,VAL,30,0.5,-0.5626005075682398,True,1.75,2025-08
HEMIUSDT,2025-08-30 04:00:00+00:00,VAL,30,1.0,-1.0888039004992411,True,3.625,2025-08
HEMIUSDT,2025-08-30 04:00:00+00:00,VAL,60,None,-1.332301531074142,False,60.0,2025-08
HEMIUSDT,2025-08-30 04:00:00+00:00,VAL,60,0.5,-0.5626005075682398,True,1.75,2025-08
HEMIUSDT,2025-08-30 04:00:00+00:00,VAL,60,1.0,-1.0888039004992411,True,3.625,2025-08
HIPPOUSDT,2024-11-14 12:00:00+00:00,DISC,30,None,0.5412837817009952,False,30.0,2024-11
HIPPOUSDT,2024-11-14 12:00:00+00:00,DISC,30,0.5,0.5412837817009952,False,30.0,2024-11
HIPPOUSDT,2024-11-14 12:00:00+00:00,DISC,30,1.0,0.5412837817009952,False,30.0,2024-11
HIPPOUSDT,2024-11-14 12:00:00+00:00,DISC,60,None,0.6700041357517054,False,60.0,2024-11
HIPPOUSDT,2024-11-14 12:00:00+00:00,DISC,60,0.5,0.6700041357517054,False,60.0,2024-11
HIPPOUSDT,2024-11-14 12:00:00+00:00,DISC,60,1.0,0.6700041357517054,False,60.0,2024-11
HIVEUSDT,2024-12-24 11:00:00+00:00,DISC,30,None,-0.02906830081866951,False,30.0,2024-12
HIVEUSDT,2024-12-24 11:00:00+00:00,DISC,30,0.5,-0.6601362718485703,True,11.833333333333334,2024-12
HIVEUSDT,2024-12-24 11:00:00+00:00,DISC,30,1.0,-0.02906830081866951,False,30.0,2024-12
HIVEUSDT,2024-12-24 11:00:00+00:00,DISC,60,None,0.039697075202865695,False,60.0,2024-12
HIVEUSDT,2024-12-24 11:00:00+00:00,DISC,60,0.5,-0.6601362718485703,True,11.833333333333334,2024-12
HIVEUSDT,2024-12-24 11:00:00+00:00,DISC,60,1.0,0.039697075202865695,False,60.0,2024-12
HMSTRUSDT,2024-09-27 12:00:00+00:00,DISC,30,None,0.603938726105883,False,30.0,2024-09
HMSTRUSDT,2024-09-27 12:00:00+00:00,DISC,30,0.5,0.603938726105883,False,30.0,2024-09
HMSTRUSDT,2024-09-27 12:00:00+00:00,DISC,30,1.0,0.603938726105883,False,30.0,2024-09
HMSTRUSDT,2024-09-27 12:00:00+00:00,DISC,60,None,0.8824841226001154,False,60.0,2024-09
HMSTRUSDT,2024-09-27 12:00:00+00:00,DISC,60,0.5,0.8824841226001154,False,60.0,2024-09
HMSTRUSDT,2024-09-27 12:00:00+00:00,DISC,60,1.0,0.8824841226001154,False,60.0,2024-09
HOLOUSDT,2025-09-12 12:00:00+00:00,VAL,30,None,0.6528250518594934,False,30.0,2025-09
HOLOUSDT,2025-09-12 12:00:00+00:00,VAL,30,0.5,0.6528250518594934,False,30.0,2025-09
HOLOUSDT,2025-09-12 12:00:00+00:00,VAL,30,1.0,0.6528250518594934,False,30.0,2025-09
HOLOUSDT,2025-09-12 12:00:00+00:00,VAL,60,None,0.649965787302538,False,60.0,2025-09
HOLOUSDT,2025-09-12 12:00:00+00:00,VAL,60,0.5,0.649965787302538,False,60.0,2025-09
HOLOUSDT,2025-09-12 12:00:00+00:00,VAL,60,1.0,0.649965787302538,False,60.0,2025-09
HOMEUSDT,2025-06-11 11:00:00+00:00,VAL,30,None,0.3335303169224051,False,30.0,2025-06
HOMEUSDT,2025-06-11 11:00:00+00:00,VAL,30,0.5,0.3335303169224051,False,30.0,2025-06
HOMEUSDT,2025-06-11 11:00:00+00:00,VAL,30,1.0,0.3335303169224051,False,30.0,2025-06
HOMEUSDT,2025-06-11 11:00:00+00:00,VAL,60,None,-0.2255500751397027,False,60.0,2025-06
HOMEUSDT,2025-06-11 11:00:00+00:00,VAL,60,0.5,-0.2255500751397027,False,60.0,2025-06
HOMEUSDT,2025-06-11 11:00:00+00:00,VAL,60,1.0,-0.2255500751397027,False,60.0,2025-06
HUMAUSDT,2025-05-27 13:00:00+00:00,VAL,30,None,0.4831157038797822,False,30.0,2025-05
HUMAUSDT,2025-05-27 13:00:00+00:00,VAL,30,0.5,0.4831157038797822,False,30.0,2025-05
HUMAUSDT,2025-05-27 13:00:00+00:00,VAL,30,1.0,0.4831157038797822,False,30.0,2025-05
HUMAUSDT,2025-05-27 13:00:00+00:00,VAL,60,None,0.4327202590781706,False,60.0,2025-05
HUMAUSDT,2025-05-27 13:00:00+00:00,VAL,60,0.5,0.4327202590781706,False,60.0,2025-05
HUMAUSDT,2025-05-27 13:00:00+00:00,VAL,60,1.0,0.4327202590781706,False,60.0,2025-05
HUSDT,2025-06-26 09:00:00+00:00,VAL,30,None,-0.8473954369095779,False,30.0,2025-06
HUSDT,2025-06-26 09:00:00+00:00,VAL,30,0.5,-0.5475750760064778,True,3.375,2025-06
HUSDT,2025-06-26 09:00:00+00:00,VAL,30,1.0,-1.1535100917442611,True,5.25,2025-06
HUSDT,2025-06-26 09:00:00+00:00,VAL,60,None,-0.04656281608533719,False,60.0,2025-06
HUSDT,2025-06-26 09:00:00+00:00,VAL,60,0.5,-0.5475750760064778,True,3.375,2025-06
HUSDT,2025-06-26 09:00:00+00:00,VAL,60,1.0,-1.1535100917442611,True,5.25,2025-06
HYPERUSDT,2025-04-23 13:00:00+00:00,VAL,30,None,0.5288369044529879,False,30.0,2025-04
HYPERUSDT,2025-04-23 13:00:00+00:00,VAL,30,0.5,0.5288369044529879,False,30.0,2025-04
HYPERUSDT,2025-04-23 13:00:00+00:00,VAL,30,1.0,0.5288369044529879,False,30.0,2025-04
HYPERUSDT,2025-04-23 13:00:00+00:00,VAL,60,None,0.7370496474629052,False,60.0,2025-04
HYPERUSDT,2025-04-23 13:00:00+00:00,VAL,60,0.5,0.7370496474629052,False,60.0,2025-04
HYPERUSDT,2025-04-23 13:00:00+00:00,VAL,60,1.0,0.7370496474629052,False,60.0,2025-04
HYPEUSDT,2025-05-31 10:00:00+00:00,VAL,30,None,-0.23370451639422918,False,30.0,2025-05
HYPEUSDT,2025-05-31 10:00:00+00:00,VAL,30,0.5,-0.23370451639422918,False,30.0,2025-05
HYPEUSDT,2025-05-31 10:00:00+00:00,VAL,30,1.0,-0.23370451639422918,False,30.0,2025-05
HYPEUSDT,2025-05-31 10:00:00+00:00,VAL,60,None,-0.22667365838272502,False,60.0,2025-05
HYPEUSDT,2025-05-31 10:00:00+00:00,VAL,60,0.5,-0.3940116544211726,True,41.958333333333336,2025-05
HYPEUSDT,2025-05-31 10:00:00+00:00,VAL,60,1.0,-0.22667365838272502,False,60.0,2025-05
ICNTUSDT,2025-07-04 13:00:00+00:00,VAL,30,None,0.3806086193713233,False,30.0,2025-07
ICNTUSDT,2025-07-04 13:00:00+00:00,VAL,30,0.5,0.3806086193713233,False,30.0,2025-07
ICNTUSDT,2025-07-04 13:00:00+00:00,VAL,30,1.0,0.3806086193713233,False,30.0,2025-07
ICNTUSDT,2025-07-04 13:00:00+00:00,VAL,60,None,0.10807242811272044,False,60.0,2025-07
ICNTUSDT,2025-07-04 13:00:00+00:00,VAL,60,0.5,0.10807242811272044,False,60.0,2025-07
ICNTUSDT,2025-07-04 13:00:00+00:00,VAL,60,1.0,0.10807242811272044,False,60.0,2025-07
IDOLUSDT,2025-07-05 09:00:00+00:00,VAL,30,None,0.25126716407750804,False,30.0,2025-07
IDOLUSDT,2025-07-05 09:00:00+00:00,VAL,30,0.5,-0.5321752705896406,True,6.666666666666667,2025-07
IDOLUSDT,2025-07-05 09:00:00+00:00,VAL,30,1.0,0.25126716407750804,False,30.0,2025-07
IDOLUSDT,2025-07-05 09:00:00+00:00,VAL,60,None,-0.6156743558216128,False,60.0,2025-07
IDOLUSDT,2025-07-05 09:00:00+00:00,VAL,60,0.5,-0.5321752705896406,True,6.666666666666667,2025-07
IDOLUSDT,2025-07-05 09:00:00+00:00,VAL,60,1.0,-0.6156743558216128,False,60.0,2025-07
INITUSDT,2025-04-17 06:00:00+00:00,VAL,30,None,-0.2716832209489005,False,30.0,2025-04
INITUSDT,2025-04-17 06:00:00+00:00,VAL,30,0.5,-0.4042526059423067,True,23.833333333333332,2025-04
INITUSDT,2025-04-17 06:00:00+00:00,VAL,30,1.0,-0.2716832209489005,False,30.0,2025-04
INITUSDT,2025-04-17 06:00:00+00:00,VAL,60,None,0.5059424476347631,False,60.0,2025-04
INITUSDT,2025-04-17 06:00:00+00:00,VAL,60,0.5,-0.4042526059423067,True,23.833333333333332,2025-04
INITUSDT,2025-04-17 06:00:00+00:00,VAL,60,1.0,0.5059424476347631,False,60.0,2025-04
INUSDT,2025-08-08 10:00:00+00:00,VAL,30,None,0.2548392817725136,False,30.0,2025-08
INUSDT,2025-08-08 10:00:00+00:00,VAL,30,0.5,0.2548392817725136,False,30.0,2025-08
INUSDT,2025-08-08 10:00:00+00:00,VAL,30,1.0,0.2548392817725136,False,30.0,2025-08
INUSDT,2025-08-08 10:00:00+00:00,VAL,60,None,-0.7263123906278893,False,60.0,2025-08
INUSDT,2025-08-08 10:00:00+00:00,VAL,60,0.5,-0.5702909224709636,True,47.583333333333336,2025-08
INUSDT,2025-08-08 10:00:00+00:00,VAL,60,1.0,-0.7263123906278893,False,60.0,2025-08
INXUSDT,2026-01-31 19:00:00+00:00,HOLD,30,None,0.09945789339728728,False,30.0,2026-01
INXUSDT,2026-01-31 19:00:00+00:00,HOLD,30,0.5,0.09945789339728728,False,30.0,2026-01
INXUSDT,2026-01-31 19:00:00+00:00,HOLD,30,1.0,0.09945789339728728,False,30.0,2026-01
INXUSDT,2026-01-31 19:00:00+00:00,HOLD,60,None,0.017515024082825018,False,60.0,2026-01
INXUSDT,2026-01-31 19:00:00+00:00,HOLD,60,0.5,0.017515024082825018,False,60.0,2026-01
INXUSDT,2026-01-31 19:00:00+00:00,HOLD,60,1.0,0.017515024082825018,False,60.0,2026-01
IOUSDT,2024-06-12 14:00:00+00:00,DISC,30,None,0.3939062320302614,False,30.0,2024-06
IOUSDT,2024-06-12 14:00:00+00:00,DISC,30,0.5,0.3939062320302614,False,30.0,2024-06
IOUSDT,2024-06-12 14:00:00+00:00,DISC,30,1.0,0.3939062320302614,False,30.0,2024-06
IOUSDT,2024-06-12 14:00:00+00:00,DISC,60,None,0.5820537718563898,False,60.0,2024-06
IOUSDT,2024-06-12 14:00:00+00:00,DISC,60,0.5,0.5820537718563898,False,60.0,2024-06
IOUSDT,2024-06-12 14:00:00+00:00,DISC,60,1.0,0.5820537718563898,False,60.0,2024-06
IPUSDT,2025-02-14 17:00:00+00:00,DISC,30,None,-1.8854737022483747,False,30.0,2025-02
IPUSDT,2025-02-14 17:00:00+00:00,DISC,30,0.5,-0.5524492106164418,True,5.5,2025-02
IPUSDT,2025-02-14 17:00:00+00:00,DISC,30,1.0,-1.982241213269359,True,6.125,2025-02
IPUSDT,2025-02-14 17:00:00+00:00,DISC,60,None,-1.1703090520039983,False,60.0,2025-02
IPUSDT,2025-02-14 17:00:00+00:00,DISC,60,0.5,-0.5524492106164418,True,5.5,2025-02
IPUSDT,2025-02-14 17:00:00+00:00,DISC,60,1.0,-1.982241213269359,True,6.125,2025-02
IRUSDT,2025-12-22 10:00:00+00:00,VAL,30,None,0.6263205433574603,False,30.0,2025-12
IRUSDT,2025-12-22 10:00:00+00:00,VAL,30,0.5,0.6263205433574603,False,30.0,2025-12
IRUSDT,2025-12-22 10:00:00+00:00,VAL,30,1.0,0.6263205433574603,False,30.0,2025-12
IRUSDT,2025-12-22 10:00:00+00:00,VAL,60,None,0.28319124292197617,False,60.0,2025-12
IRUSDT,2025-12-22 10:00:00+00:00,VAL,60,0.5,0.28319124292197617,False,60.0,2025-12
IRUSDT,2025-12-22 10:00:00+00:00,VAL,60,1.0,0.28319124292197617,False,60.0,2025-12
IRYSUSDT,2025-11-27 16:00:00+00:00,VAL,30,None,0.23014460826349703,False,30.0,2025-11
IRYSUSDT,2025-11-27 16:00:00+00:00,VAL,30,0.5,0.23014460826349703,False,30.0,2025-11
IRYSUSDT,2025-11-27 16:00:00+00:00,VAL,30,1.0,0.23014460826349703,False,30.0,2025-11
IRYSUSDT,2025-11-27 16:00:00+00:00,VAL,60,None,-0.09437811759544301,False,60.0,2025-11
IRYSUSDT,2025-11-27 16:00:00+00:00,VAL,60,0.5,-0.6121049392778942,True,57.416666666666664,2025-11
IRYSUSDT,2025-11-27 16:00:00+00:00,VAL,60,1.0,-0.09437811759544301,False,60.0,2025-11
JCTUSDT,2025-11-11 10:00:00+00:00,VAL,30,None,0.5030071922685736,False,30.0,2025-11
JCTUSDT,2025-11-11 10:00:00+00:00,VAL,30,0.5,0.5030071922685736,False,30.0,2025-11
JCTUSDT,2025-11-11 10:00:00+00:00,VAL,30,1.0,0.5030071922685736,False,30.0,2025-11
JCTUSDT,2025-11-11 10:00:00+00:00,VAL,60,None,0.486094150155858,False,60.0,2025-11
JCTUSDT,2025-11-11 10:00:00+00:00,VAL,60,0.5,0.486094150155858,False,60.0,2025-11
JCTUSDT,2025-11-11 10:00:00+00:00,VAL,60,1.0,0.486094150155858,False,60.0,2025-11
JELLYJELLYUSDT,2025-03-27 16:00:00+00:00,DISC,30,None,-0.6741410167655316,False,30.0,2025-03
JELLYJELLYUSDT,2025-03-27 16:00:00+00:00,DISC,30,0.5,-0.4897124383534589,True,29.625,2025-03
JELLYJELLYUSDT,2025-03-27 16:00:00+00:00,DISC,30,1.0,-0.6741410167655316,False,30.0,2025-03
JELLYJELLYUSDT,2025-03-27 16:00:00+00:00,DISC,60,None,-0.2885246717579911,False,60.0,2025-03
JELLYJELLYUSDT,2025-03-27 16:00:00+00:00,DISC,60,0.5,-0.4897124383534589,True,29.625,2025-03
JELLYJELLYUSDT,2025-03-27 16:00:00+00:00,DISC,60,1.0,-0.9816606268233804,True,34.708333333333336,2025-03
JSTUSDT,2025-04-29 09:00:00+00:00,VAL,30,None,0.25461835893301976,False,30.0,2025-04
JSTUSDT,2025-04-29 09:00:00+00:00,VAL,30,0.5,0.25461835893301976,False,30.0,2025-04
JSTUSDT,2025-04-29 09:00:00+00:00,VAL,30,1.0,0.25461835893301976,False,30.0,2025-04
JSTUSDT,2025-04-29 09:00:00+00:00,VAL,60,None,0.2725569728795344,False,60.0,2025-04
JSTUSDT,2025-04-29 09:00:00+00:00,VAL,60,0.5,0.2725569728795344,False,60.0,2025-04
JSTUSDT,2025-04-29 09:00:00+00:00,VAL,60,1.0,0.2725569728795344,False,60.0,2025-04
JUPUSDT,2024-02-01 18:00:00+00:00,DISC,30,None,0.4113637342507145,False,30.0,2024-01
JUPUSDT,2024-02-01 18:00:00+00:00,DISC,30,0.5,0.4113637342507145,False,30.0,2024-01
JUPUSDT,2024-02-01 18:00:00+00:00,DISC,30,1.0,0.4113637342507145,False,30.0,2024-01
JUPUSDT,2024-02-01 18:00:00+00:00,DISC,60,None,-1.2531704166457198,False,60.0,2024-01
JUPUSDT,2024-02-01 18:00:00+00:00,DISC,60,0.5,0.16816318263306662,True,40.708333333333336,2024-01
JUPUSDT,2024-02-01 18:00:00+00:00,DISC,60,1.0,-0.4189661521403606,True,43.0,2024-01
KAIAUSDT,2024-12-05 14:00:00+00:00,DISC,30,None,0.26290310870492695,False,30.0,2024-12
KAIAUSDT,2024-12-05 14:00:00+00:00,DISC,30,0.5,0.26290310870492695,False,30.0,2024-12
KAIAUSDT,2024-12-05 14:00:00+00:00,DISC,30,1.0,0.26290310870492695,False,30.0,2024-12
KAIAUSDT,2024-12-05 14:00:00+00:00,DISC,60,None,0.5092996599654687,False,60.0,2024-12
KAIAUSDT,2024-12-05 14:00:00+00:00,DISC,60,0.5,0.5092996599654687,False,60.0,2024-12
KAIAUSDT,2024-12-05 14:00:00+00:00,DISC,60,1.0,0.5092996599654687,False,60.0,2024-12
KAITOUSDT,2025-02-21 13:00:00+00:00,DISC,30,None,0.13145323925151553,False,30.0,2025-02
KAITOUSDT,2025-02-21 13:00:00+00:00,DISC,30,0.5,-0.6772253775810329,True,5.791666666666667,2025-02
KAITOUSDT,2025-02-21 13:00:00+00:00,DISC,30,1.0,0.13145323925151553,False,30.0,2025-02
KAITOUSDT,2025-02-21 13:00:00+00:00,DISC,60,None,0.4638399530353561,False,60.0,2025-02
KAITOUSDT,2025-02-21 13:00:00+00:00,DISC,60,0.5,-0.6772253775810329,True,5.791666666666667,2025-02
KAITOUSDT,2025-02-21 13:00:00+00:00,DISC,60,1.0,0.4638399530353561,False,60.0,2025-02
KATUSDT,2026-03-03 05:00:00+00:00,HOLD,30,None,0.572578772585319,False,30.0,2026-03
KATUSDT,2026-03-03 05:00:00+00:00,HOLD,30,0.5,0.572578772585319,False,30.0,2026-03
KATUSDT,2026-03-03 05:00:00+00:00,HOLD,30,1.0,0.572578772585319,False,30.0,2026-03
KATUSDT,2026-03-03 05:00:00+00:00,HOLD,60,None,0.7264135778209858,False,60.0,2026-03
KATUSDT,2026-03-03 05:00:00+00:00,HOLD,60,0.5,0.7264135778209858,False,60.0,2026-03
KATUSDT,2026-03-03 05:00:00+00:00,HOLD,60,1.0,0.7264135778209858,False,60.0,2026-03
KDAUSDT,2024-09-19 13:00:00+00:00,DISC,30,None,0.15969519723074088,False,30.0,2024-09
KDAUSDT,2024-09-19 13:00:00+00:00,DISC,30,0.5,0.15969519723074088,False,30.0,2024-09
KDAUSDT,2024-09-19 13:00:00+00:00,DISC,30,1.0,0.15969519723074088,False,30.0,2024-09
KDAUSDT,2024-09-19 13:00:00+00:00,DISC,60,None,0.37447342275408835,False,60.0,2024-09
KDAUSDT,2024-09-19 13:00:00+00:00,DISC,60,0.5,0.37447342275408835,False,60.0,2024-09
KDAUSDT,2024-09-19 13:00:00+00:00,DISC,60,1.0,0.37447342275408835,False,60.0,2024-09
KERNELUSDT,2025-04-15 12:00:00+00:00,VAL,30,None,0.6254659721734482,False,30.0,2025-04
KERNELUSDT,2025-04-15 12:00:00+00:00,VAL,30,0.5,0.6254659721734482,False,30.0,2025-04
KERNELUSDT,2025-04-15 12:00:00+00:00,VAL,30,1.0,0.6254659721734482,False,30.0,2025-04
KERNELUSDT,2025-04-15 12:00:00+00:00,VAL,60,None,0.8081245273495987,False,60.0,2025-04
KERNELUSDT,2025-04-15 12:00:00+00:00,VAL,60,0.5,0.8081245273495987,False,60.0,2025-04
KERNELUSDT,2025-04-15 12:00:00+00:00,VAL,60,1.0,0.8081245273495987,False,60.0,2025-04
KGENUSDT,2025-10-08 14:00:00+00:00,VAL,30,None,-0.3641891439027283,False,30.0,2025-10
KGENUSDT,2025-10-08 14:00:00+00:00,VAL,30,0.5,-0.6702177618538059,True,7.875,2025-10
KGENUSDT,2025-10-08 14:00:00+00:00,VAL,30,1.0,-1.8070072960495784,True,7.916666666666667,2025-10
KGENUSDT,2025-10-08 14:00:00+00:00,VAL,60,None,-0.01307411771862332,False,60.0,2025-10
KGENUSDT,2025-10-08 14:00:00+00:00,VAL,60,0.5,-0.6702177618538059,True,7.875,2025-10
KGENUSDT,2025-10-08 14:00:00+00:00,VAL,60,1.0,-1.8070072960495784,True,7.916666666666667,2025-10
KITEUSDT,2025-10-30 10:00:00+00:00,VAL,30,None,0.002830875919635159,False,30.0,2025-10
KITEUSDT,2025-10-30 10:00:00+00:00,VAL,30,0.5,0.002830875919635159,False,30.0,2025-10
KITEUSDT,2025-10-30 10:00:00+00:00,VAL,30,1.0,0.002830875919635159,False,30.0,2025-10
KITEUSDT,2025-10-30 10:00:00+00:00,VAL,60,None,0.11486561874950207,False,60.0,2025-10
KITEUSDT,2025-10-30 10:00:00+00:00,VAL,60,0.5,0.11486561874950207,False,60.0,2025-10
KITEUSDT,2025-10-30 10:00:00+00:00,VAL,60,1.0,0.11486561874950207,False,60.0,2025-10
KMNOUSDT,2024-12-21 19:00:00+00:00,DISC,30,None,0.331563265181983,False,30.0,2024-12
KMNOUSDT,2024-12-21 19:00:00+00:00,DISC,30,0.5,0.331563265181983,False,30.0,2024-12
KMNOUSDT,2024-12-21 19:00:00+00:00,DISC,30,1.0,0.331563265181983,False,30.0,2024-12
KMNOUSDT,2024-12-21 19:00:00+00:00,DISC,60,None,0.4083582016249685,False,60.0,2024-12
KMNOUSDT,2024-12-21 19:00:00+00:00,DISC,60,0.5,0.4083582016249685,False,60.0,2024-12
KMNOUSDT,2024-12-21 19:00:00+00:00,DISC,60,1.0,0.4083582016249685,False,60.0,2024-12
KOMAUSDT,2024-12-11 12:00:00+00:00,DISC,30,None,0.3534234153057385,False,30.0,2024-12
KOMAUSDT,2024-12-11 12:00:00+00:00,DISC,30,0.5,0.3534234153057385,False,30.0,2024-12
KOMAUSDT,2024-12-11 12:00:00+00:00,DISC,30,1.0,0.3534234153057385,False,30.0,2024-12
KOMAUSDT,2024-12-11 12:00:00+00:00,DISC,60,None,0.6569163481405004,False,60.0,2024-12
KOMAUSDT,2024-12-11 12:00:00+00:00,DISC,60,0.5,0.6569163481405004,False,60.0,2024-12
KOMAUSDT,2024-12-11 12:00:00+00:00,DISC,60,1.0,0.6569163481405004,False,60.0,2024-12
LABUSDT,2025-10-18 14:00:00+00:00,VAL,30,None,0.3101537553229369,False,30.0,2025-10
LABUSDT,2025-10-18 14:00:00+00:00,VAL,30,0.5,-0.7820788262791013,True,12.291666666666666,2025-10
LABUSDT,2025-10-18 14:00:00+00:00,VAL,30,1.0,0.3101537553229369,False,30.0,2025-10
LABUSDT,2025-10-18 14:00:00+00:00,VAL,60,None,0.3087314815341523,False,60.0,2025-10
LABUSDT,2025-10-18 14:00:00+00:00,VAL,60,0.5,-0.7820788262791013,True,12.291666666666666,2025-10
LABUSDT,2025-10-18 14:00:00+00:00,VAL,60,1.0,0.3087314815341523,False,60.0,2025-10
LAUSDT,2025-06-06 09:00:00+00:00,VAL,30,None,0.7070859137190618,False,30.0,2025-06
LAUSDT,2025-06-06 09:00:00+00:00,VAL,30,0.5,0.7070859137190618,False,30.0,2025-06
LAUSDT,2025-06-06 09:00:00+00:00,VAL,30,1.0,0.7070859137190618,False,30.0,2025-06
LAUSDT,2025-06-06 09:00:00+00:00,VAL,60,None,0.8875237281605857,False,60.0,2025-06
LAUSDT,2025-06-06 09:00:00+00:00,VAL,60,0.5,0.8875237281605857,False,60.0,2025-06
LAUSDT,2025-06-06 09:00:00+00:00,VAL,60,1.0,0.8875237281605857,False,60.0,2025-06
LAYERUSDT,2025-02-12 15:00:00+00:00,DISC,30,None,-0.4321977790293072,False,30.0,2025-02
LAYERUSDT,2025-02-12 15:00:00+00:00,DISC,30,0.5,-0.4321977790293072,False,30.0,2025-02
LAYERUSDT,2025-02-12 15:00:00+00:00,DISC,30,1.0,-0.4321977790293072,False,30.0,2025-02
LAYERUSDT,2025-02-12 15:00:00+00:00,DISC,60,None,-1.2412716814578733,False,60.0,2025-02
LAYERUSDT,2025-02-12 15:00:00+00:00,DISC,60,0.5,-0.6247037766766285,True,40.958333333333336,2025-02
LAYERUSDT,2025-02-12 15:00:00+00:00,DISC,60,1.0,-1.279991047151326,True,57.791666666666664,2025-02
LIGHTUSDT,2025-09-28 11:00:00+00:00,VAL,30,None,-1.3563877696657884,False,30.0,2025-09
LIGHTUSDT,2025-09-28 11:00:00+00:00,VAL,30,0.5,-0.6030164447036349,True,21.0,2025-09
LIGHTUSDT,2025-09-28 11:00:00+00:00,VAL,30,1.0,-1.0949738898473806,True,22.833333333333332,2025-09
LIGHTUSDT,2025-09-28 11:00:00+00:00,VAL,60,None,-0.3568332544350853,False,60.0,2025-09
LIGHTUSDT,2025-09-28 11:00:00+00:00,VAL,60,0.5,-0.6030164447036349,True,21.0,2025-09
LIGHTUSDT,2025-09-28 11:00:00+00:00,VAL,60,1.0,-1.0949738898473806,True,22.833333333333332,2025-09
LINEAUSDT,2025-09-02 08:00:00+00:00,VAL,30,None,0.38526938032419855,False,30.0,2025-09
LINEAUSDT,2025-09-02 08:00:00+00:00,VAL,30,0.5,0.38526938032419855,False,30.0,2025-09
LINEAUSDT,2025-09-02 08:00:00+00:00,VAL,30,1.0,0.38526938032419855,False,30.0,2025-09
LINEAUSDT,2025-09-02 08:00:00+00:00,VAL,60,None,0.6588468078577305,False,60.0,2025-09
LINEAUSDT,2025-09-02 08:00:00+00:00,VAL,60,0.5,0.6588468078577305,False,60.0,2025-09
LINEAUSDT,2025-09-02 08:00:00+00:00,VAL,60,1.0,0.6588468078577305,False,60.0,2025-09
LISTAUSDT,2024-06-21 12:00:00+00:00,DISC,30,None,0.17324647626180556,False,30.0,2024-06
LISTAUSDT,2024-06-21 12:00:00+00:00,DISC,30,0.5,0.17324647626180556,False,30.0,2024-06
LISTAUSDT,2024-06-21 12:00:00+00:00,DISC,30,1.0,0.17324647626180556,False,30.0,2024-06
LISTAUSDT,2024-06-21 12:00:00+00:00,DISC,60,None,0.3649906625857092,False,60.0,2024-06
LISTAUSDT,2024-06-21 12:00:00+00:00,DISC,60,0.5,0.3649906625857092,False,60.0,2024-06
LISTAUSDT,2024-06-21 12:00:00+00:00,DISC,60,1.0,0.3649906625857092,False,60.0,2024-06
LOKAUSDT,2024-09-25 11:00:00+00:00,DISC,30,None,0.30915541328774276,False,30.0,2024-09
LOKAUSDT,2024-09-25 11:00:00+00:00,DISC,30,0.5,0.30915541328774276,False,30.0,2024-09
LOKAUSDT,2024-09-25 11:00:00+00:00,DISC,30,1.0,0.30915541328774276,False,30.0,2024-09
LOKAUSDT,2024-09-25 11:00:00+00:00,DISC,60,None,0.6450498763478065,False,60.0,2024-09
LOKAUSDT,2024-09-25 11:00:00+00:00,DISC,60,0.5,0.6450498763478065,False,60.0,2024-09
LOKAUSDT,2024-09-25 11:00:00+00:00,DISC,60,1.0,0.6450498763478065,False,60.0,2024-09
LSKUSDT,2024-01-26 14:00:00+00:00,DISC,30,None,0.14678603188575623,False,30.0,2024-01
LSKUSDT,2024-01-26 14:00:00+00:00,DISC,30,0.5,0.14678603188575623,False,30.0,2024-01
LSKUSDT,2024-01-26 14:00:00+00:00,DISC,30,1.0,0.14678603188575623,False,30.0,2024-01
LSKUSDT,2024-01-26 14:00:00+00:00,DISC,60,None,-0.01821803114457798,False,60.0,2024-01
LSKUSDT,2024-01-26 14:00:00+00:00,DISC,60,0.5,0.1097831094833096,True,38.541666666666664,2024-01
LSKUSDT,2024-01-26 14:00:00+00:00,DISC,60,1.0,-0.4303763880057364,True,38.75,2024-01
LUMIAUSDT,2024-12-19 11:00:00+00:00,DISC,30,None,0.35218376747350655,False,30.0,2024-12
LUMIAUSDT,2024-12-19 11:00:00+00:00,DISC,30,0.5,0.35218376747350655,False,30.0,2024-12
LUMIAUSDT,2024-12-19 11:00:00+00:00,DISC,30,1.0,0.35218376747350655,False,30.0,2024-12
LUMIAUSDT,2024-12-19 11:00:00+00:00,DISC,60,None,0.6183261554115705,False,60.0,2024-12
LUMIAUSDT,2024-12-19 11:00:00+00:00,DISC,60,0.5,0.6183261554115705,False,60.0,2024-12
LUMIAUSDT,2024-12-19 11:00:00+00:00,DISC,60,1.0,0.6183261554115705,False,60.0,2024-12
LYNUSDT,2025-10-07 07:00:00+00:00,VAL,30,None,0.4800195546248347,False,30.0,2025-10
LYNUSDT,2025-10-07 07:00:00+00:00,VAL,30,0.5,0.4800195546248347,False,30.0,2025-10
LYNUSDT,2025-10-07 07:00:00+00:00,VAL,30,1.0,0.4800195546248347,False,30.0,2025-10
LYNUSDT,2025-10-07 07:00:00+00:00,VAL,60,None,0.5047198315496046,False,60.0,2025-10
LYNUSDT,2025-10-07 07:00:00+00:00,VAL,60,0.5,0.5047198315496046,False,60.0,2025-10
LYNUSDT,2025-10-07 07:00:00+00:00,VAL,60,1.0,0.5047198315496046,False,60.0,2025-10
MAGMAUSDT,2026-01-01 13:00:00+00:00,VAL,30,None,0.15061832511435258,False,30.0,2025-12
MAGMAUSDT,2026-01-01 13:00:00+00:00,VAL,30,0.5,0.15061832511435258,False,30.0,2025-12
MAGMAUSDT,2026-01-01 13:00:00+00:00,VAL,30,1.0,0.15061832511435258,False,30.0,2025-12
MAGMAUSDT,2026-01-01 13:00:00+00:00,VAL,60,None,-0.07783449561273015,False,60.0,2025-12
MAGMAUSDT,2026-01-01 13:00:00+00:00,VAL,60,0.5,-0.07783449561273015,False,60.0,2025-12
MAGMAUSDT,2026-01-01 13:00:00+00:00,VAL,60,1.0,-0.07783449561273015,False,60.0,2025-12
MANTAUSDT,2024-01-19 14:00:00+00:00,DISC,30,None,-0.06255867901726819,False,30.0,2024-01
MANTAUSDT,2024-01-19 14:00:00+00:00,DISC,30,0.5,-0.5265461138034621,True,7.125,2024-01
MANTAUSDT,2024-01-19 14:00:00+00:00,DISC,30,1.0,-0.06255867901726819,False,30.0,2024-01
MANTAUSDT,2024-01-19 14:00:00+00:00,DISC,60,None,0.2832503661571911,False,60.0,2024-01
MANTAUSDT,2024-01-19 14:00:00+00:00,DISC,60,0.5,-0.5265461138034621,True,7.125,2024-01
MANTAUSDT,2024-01-19 14:00:00+00:00,DISC,60,1.0,0.2832503661571911,False,60.0,2024-01
MANTRAUSDT,2026-03-05 08:00:00+00:00,HOLD,30,None,0.4355277583828344,False,30.0,2026-03
MANTRAUSDT,2026-03-05 08:00:00+00:00,HOLD,30,0.5,0.4355277583828344,False,30.0,2026-03
MANTRAUSDT,2026-03-05 08:00:00+00:00,HOLD,30,1.0,0.4355277583828344,False,30.0,2026-03
MANTRAUSDT,2026-03-05 08:00:00+00:00,HOLD,60,None,0.6351260146701722,False,60.0,2026-03
MANTRAUSDT,2026-03-05 08:00:00+00:00,HOLD,60,0.5,0.6351260146701722,False,60.0,2026-03
MANTRAUSDT,2026-03-05 08:00:00+00:00,HOLD,60,1.0,0.6351260146701722,False,60.0,2026-03
MAVIAUSDT,2024-02-22 10:00:00+00:00,DISC,30,None,0.35972548860025877,False,30.0,2024-02
MAVIAUSDT,2024-02-22 10:00:00+00:00,DISC,30,0.5,0.35972548860025877,False,30.0,2024-02
MAVIAUSDT,2024-02-22 10:00:00+00:00,DISC,30,1.0,0.35972548860025877,False,30.0,2024-02
MAVIAUSDT,2024-02-22 10:00:00+00:00,DISC,60,None,0.68454692892605,False,60.0,2024-02
MAVIAUSDT,2024-02-22 10:00:00+00:00,DISC,60,0.5,0.68454692892605,False,60.0,2024-02
MAVIAUSDT,2024-02-22 10:00:00+00:00,DISC,60,1.0,0.68454692892605,False,60.0,2024-02
MBOXUSDT,2024-08-29 09:00:00+00:00,DISC,30,None,0.20717177238579987,False,30.0,2024-08
MBOXUSDT,2024-08-29 09:00:00+00:00,DISC,30,0.5,0.20717177238579987,False,30.0,2024-08
MBOXUSDT,2024-08-29 09:00:00+00:00,DISC,30,1.0,0.20717177238579987,False,30.0,2024-08
MBOXUSDT,2024-08-29 09:00:00+00:00,DISC,60,None,0.3142146385269172,False,60.0,2024-08
MBOXUSDT,2024-08-29 09:00:00+00:00,DISC,60,0.5,0.3142146385269172,False,60.0,2024-08
MBOXUSDT,2024-08-29 09:00:00+00:00,DISC,60,1.0,0.3142146385269172,False,60.0,2024-08
MEGAUSDT,2026-01-31 12:00:00+00:00,HOLD,30,None,-0.1721032279654401,False,30.0,2026-01
MEGAUSDT,2026-01-31 12:00:00+00:00,HOLD,30,0.5,-0.1721032279654401,False,30.0,2026-01
MEGAUSDT,2026-01-31 12:00:00+00:00,HOLD,30,1.0,-0.1721032279654401,False,30.0,2026-01
MEGAUSDT,2026-01-31 12:00:00+00:00,HOLD,60,None,-0.08193688275117139,False,60.0,2026-01
MEGAUSDT,2026-01-31 12:00:00+00:00,HOLD,60,0.5,-0.08193688275117139,False,60.0,2026-01
MEGAUSDT,2026-01-31 12:00:00+00:00,HOLD,60,1.0,-0.08193688275117139,False,60.0,2026-01
MELANIAUSDT,2025-01-21 09:00:00+00:00,DISC,30,None,0.6638139014197991,False,30.0,2025-01
MELANIAUSDT,2025-01-21 09:00:00+00:00,DISC,30,0.5,0.6638139014197991,False,30.0,2025-01
MELANIAUSDT,2025-01-21 09:00:00+00:00,DISC,30,1.0,0.6638139014197991,False,30.0,2025-01
MELANIAUSDT,2025-01-21 09:00:00+00:00,DISC,60,None,0.65448085365971,False,60.0,2025-01
MELANIAUSDT,2025-01-21 09:00:00+00:00,DISC,60,0.5,0.65448085365971,False,60.0,2025-01
MELANIAUSDT,2025-01-21 09:00:00+00:00,DISC,60,1.0,0.65448085365971,False,60.0,2025-01
MEMEFIUSDT,2025-04-26 07:00:00+00:00,VAL,30,None,0.5368435755931152,False,30.0,2025-04
MEMEFIUSDT,2025-04-26 07:00:00+00:00,VAL,30,0.5,-0.9806859285477254,True,2.4583333333333335,2025-04
MEMEFIUSDT,2025-04-26 07:00:00+00:00,VAL,30,1.0,-1.066099440375793,True,9.875,2025-04
MEMEFIUSDT,2025-04-26 07:00:00+00:00,VAL,60,None,0.704886608038709,False,60.0,2025-04
MEMEFIUSDT,2025-04-26 07:00:00+00:00,VAL,60,0.5,-0.9806859285477254,True,2.4583333333333335,2025-04
MEMEFIUSDT,2025-04-26 07:00:00+00:00,VAL,60,1.0,-1.066099440375793,True,9.875,2025-04
MERLUSDT,2025-05-30 08:00:00+00:00,VAL,30,None,0.3401869148994717,False,30.0,2025-05
MERLUSDT,2025-05-30 08:00:00+00:00,VAL,30,0.5,0.3401869148994717,False,30.0,2025-05
MERLUSDT,2025-05-30 08:00:00+00:00,VAL,30,1.0,0.3401869148994717,False,30.0,2025-05
MERLUSDT,2025-05-30 08:00:00+00:00,VAL,60,None,0.23090912717656276,False,60.0,2025-05
MERLUSDT,2025-05-30 08:00:00+00:00,VAL,60,0.5,0.23090912717656276,False,60.0,2025-05
MERLUSDT,2025-05-30 08:00:00+00:00,VAL,60,1.0,0.23090912717656276,False,60.0,2025-05
METISUSDT,2024-03-13 08:00:00+00:00,DISC,30,None,0.3128342094123503,False,30.0,2024-03
METISUSDT,2024-03-13 08:00:00+00:00,DISC,30,0.5,0.3128342094123503,False,30.0,2024-03
METISUSDT,2024-03-13 08:00:00+00:00,DISC,30,1.0,0.3128342094123503,False,30.0,2024-03
METISUSDT,2024-03-13 08:00:00+00:00,DISC,60,None,0.3962135759804858,False,60.0,2024-03
METISUSDT,2024-03-13 08:00:00+00:00,DISC,60,0.5,0.3962135759804858,False,60.0,2024-03
METISUSDT,2024-03-13 08:00:00+00:00,DISC,60,1.0,0.3962135759804858,False,60.0,2024-03
METUSDT,2025-10-12 12:00:00+00:00,VAL,30,None,0.6507932320519692,False,30.0,2025-10
METUSDT,2025-10-12 12:00:00+00:00,VAL,30,0.5,0.6507932320519692,False,30.0,2025-10
METUSDT,2025-10-12 12:00:00+00:00,VAL,30,1.0,0.6507932320519692,False,30.0,2025-10
METUSDT,2025-10-12 12:00:00+00:00,VAL,60,None,0.6121167016455411,False,60.0,2025-10
METUSDT,2025-10-12 12:00:00+00:00,VAL,60,0.5,0.6121167016455411,False,60.0,2025-10
METUSDT,2025-10-12 12:00:00+00:00,VAL,60,1.0,0.6121167016455411,False,60.0,2025-10
MEUSDT,2024-12-11 17:00:00+00:00,DISC,30,None,0.3945722786093274,False,30.0,2024-12
MEUSDT,2024-12-11 17:00:00+00:00,DISC,30,0.5,0.3945722786093274,False,30.0,2024-12
MEUSDT,2024-12-11 17:00:00+00:00,DISC,30,1.0,0.3945722786093274,False,30.0,2024-12
MEUSDT,2024-12-11 17:00:00+00:00,DISC,60,None,0.6039103199446217,False,60.0,2024-12
MEUSDT,2024-12-11 17:00:00+00:00,DISC,60,0.5,0.6039103199446217,False,60.0,2024-12
MEUSDT,2024-12-11 17:00:00+00:00,DISC,60,1.0,0.6039103199446217,False,60.0,2024-12
MEWUSDT,2024-06-18 14:00:00+00:00,DISC,30,None,0.10331653590106182,False,30.0,2024-06
MEWUSDT,2024-06-18 14:00:00+00:00,DISC,30,0.5,0.10331653590106182,False,30.0,2024-06
MEWUSDT,2024-06-18 14:00:00+00:00,DISC,30,1.0,0.10331653590106182,False,30.0,2024-06
MEWUSDT,2024-06-18 14:00:00+00:00,DISC,60,None,-0.1209587523911374,False,60.0,2024-06
MEWUSDT,2024-06-18 14:00:00+00:00,DISC,60,0.5,-0.49754109239912425,True,33.0,2024-06
MEWUSDT,2024-06-18 14:00:00+00:00,DISC,60,1.0,-0.1209587523911374,False,60.0,2024-06
MILKUSDT,2025-05-07 13:00:00+00:00,VAL,30,None,0.5171829140891695,False,30.0,2025-05
MILKUSDT,2025-05-07 13:00:00+00:00,VAL,30,0.5,0.5171829140891695,False,30.0,2025-05
MILKUSDT,2025-05-07 13:00:00+00:00,VAL,30,1.0,0.5171829140891695,False,30.0,2025-05
MILKUSDT,2025-05-07 13:00:00+00:00,VAL,60,None,0.7030613134161904,False,60.0,2025-05
MILKUSDT,2025-05-07 13:00:00+00:00,VAL,60,0.5,0.7030613134161904,False,60.0,2025-05
MILKUSDT,2025-05-07 13:00:00+00:00,VAL,60,1.0,0.7030613134161904,False,60.0,2025-05
MIRAUSDT,2025-09-27 12:00:00+00:00,VAL,30,None,0.8187860041231192,False,30.0,2025-09
MIRAUSDT,2025-09-27 12:00:00+00:00,VAL,30,0.5,0.8187860041231192,False,30.0,2025-09
MIRAUSDT,2025-09-27 12:00:00+00:00,VAL,30,1.0,0.8187860041231192,False,30.0,2025-09
MIRAUSDT,2025-09-27 12:00:00+00:00,VAL,60,None,0.6562191395240817,False,60.0,2025-09
MIRAUSDT,2025-09-27 12:00:00+00:00,VAL,60,0.5,0.6562191395240817,False,60.0,2025-09
MIRAUSDT,2025-09-27 12:00:00+00:00,VAL,60,1.0,0.6562191395240817,False,60.0,2025-09
MITOUSDT,2025-08-29 16:00:00+00:00,VAL,30,None,0.376645549859397,False,30.0,2025-08
MITOUSDT,2025-08-29 16:00:00+00:00,VAL,30,0.5,-0.8273774680907521,True,16.083333333333332,2025-08
MITOUSDT,2025-08-29 16:00:00+00:00,VAL,30,1.0,0.376645549859397,False,30.0,2025-08
MITOUSDT,2025-08-29 16:00:00+00:00,VAL,60,None,0.5527825355843137,False,60.0,2025-08
MITOUSDT,2025-08-29 16:00:00+00:00,VAL,60,0.5,-0.8273774680907521,True,16.083333333333332,2025-08
MITOUSDT,2025-08-29 16:00:00+00:00,VAL,60,1.0,0.5527825355843137,False,60.0,2025-08
MLNUSDT,2025-04-01 08:00:00+00:00,DISC,30,None,0.3728266907630825,False,30.0,2025-03
MLNUSDT,2025-04-01 08:00:00+00:00,DISC,30,0.5,0.3728266907630825,False,30.0,2025-03
MLNUSDT,2025-04-01 08:00:00+00:00,DISC,30,1.0,0.3728266907630825,False,30.0,2025-03
MLNUSDT,2025-04-01 08:00:00+00:00,DISC,60,None,0.575757478622906,False,60.0,2025-03
MLNUSDT,2025-04-01 08:00:00+00:00,DISC,60,0.5,0.575757478622906,False,60.0,2025-03
MLNUSDT,2025-04-01 08:00:00+00:00,DISC,60,1.0,0.575757478622906,False,60.0,2025-03
MMTUSDT,2025-11-05 12:00:00+00:00,VAL,30,None,0.681569473093186,False,30.0,2025-11
MMTUSDT,2025-11-05 12:00:00+00:00,VAL,30,0.5,0.681569473093186,False,30.0,2025-11
MMTUSDT,2025-11-05 12:00:00+00:00,VAL,30,1.0,0.681569473093186,False,30.0,2025-11
MMTUSDT,2025-11-05 12:00:00+00:00,VAL,60,None,0.67738655756339,False,60.0,2025-11
MMTUSDT,2025-11-05 12:00:00+00:00,VAL,60,0.5,0.67738655756339,False,60.0,2025-11
MMTUSDT,2025-11-05 12:00:00+00:00,VAL,60,1.0,0.67738655756339,False,60.0,2025-11
MOCAUSDT,2024-12-17 11:00:00+00:00,DISC,30,None,-0.5413463968762877,False,30.0,2024-12
MOCAUSDT,2024-12-17 11:00:00+00:00,DISC,30,0.5,-0.8709126661959017,True,3.375,2024-12
MOCAUSDT,2024-12-17 11:00:00+00:00,DISC,30,1.0,-1.2070856279553597,True,3.5416666666666665,2024-12
MOCAUSDT,2024-12-17 11:00:00+00:00,DISC,60,None,-0.053232655088734426,False,60.0,2024-12
MOCAUSDT,2024-12-17 11:00:00+00:00,DISC,60,0.5,-0.8709126661959017,True,3.375,2024-12
MOCAUSDT,2024-12-17 11:00:00+00:00,DISC,60,1.0,-1.2070856279553597,True,3.5416666666666665,2024-12
MONUSDT,2025-10-11 07:00:00+00:00,VAL,30,None,0.2849498636301726,False,30.0,2025-10
MONUSDT,2025-10-11 07:00:00+00:00,VAL,30,0.5,0.2849498636301726,False,30.0,2025-10
MONUSDT,2025-10-11 07:00:00+00:00,VAL,30,1.0,0.2849498636301726,False,30.0,2025-10
MONUSDT,2025-10-11 07:00:00+00:00,VAL,60,None,0.543280586251383,False,60.0,2025-10
MONUSDT,2025-10-11 07:00:00+00:00,VAL,60,0.5,0.543280586251383,False,60.0,2025-10
MONUSDT,2025-10-11 07:00:00+00:00,VAL,60,1.0,0.543280586251383,False,60.0,2025-10
MOODENGUSDT,2024-10-26 10:00:00+00:00,DISC,30,None,-0.11001337990791893,False,30.0,2024-10
MOODENGUSDT,2024-10-26 10:00:00+00:00,DISC,30,0.5,-0.3920731809497252,True,14.666666666666666,2024-10
MOODENGUSDT,2024-10-26 10:00:00+00:00,DISC,30,1.0,-0.8109774796544932,True,19.458333333333332,2024-10
MOODENGUSDT,2024-10-26 10:00:00+00:00,DISC,60,None,0.2986091082599799,False,60.0,2024-10
MOODENGUSDT,2024-10-26 10:00:00+00:00,DISC,60,0.5,-0.3920731809497252,True,14.666666666666666,2024-10
MOODENGUSDT,2024-10-26 10:00:00+00:00,DISC,60,1.0,-0.8109774796544932,True,19.458333333333332,2024-10
MORPHOUSDT,2024-11-28 14:00:00+00:00,DISC,30,None,-1.175348945692276,False,30.0,2024-11
MORPHOUSDT,2024-11-28 14:00:00+00:00,DISC,30,0.5,-0.48305624851348317,True,6.833333333333333,2024-11
MORPHOUSDT,2024-11-28 14:00:00+00:00,DISC,30,1.0,-1.1018893090074846,True,8.083333333333334,2024-11
MORPHOUSDT,2024-11-28 14:00:00+00:00,DISC,60,None,-1.2826218501170716,False,60.0,2024-11
MORPHOUSDT,2024-11-28 14:00:00+00:00,DISC,60,0.5,-0.48305624851348317,True,6.833333333333333,2024-11
MORPHOUSDT,2024-11-28 14:00:00+00:00,DISC,60,1.0,-1.1018893090074846,True,8.083333333333334,2024-11
MOVEUSDT,2024-12-10 14:00:00+00:00,DISC,30,None,-0.15236543494783128,False,30.0,2024-12
MOVEUSDT,2024-12-10 14:00:00+00:00,DISC,30,0.5,-0.5396501966841935,True,15.041666666666666,2024-12
MOVEUSDT,2024-12-10 14:00:00+00:00,DISC,30,1.0,-0.15236543494783128,False,30.0,2024-12
MOVEUSDT,2024-12-10 14:00:00+00:00,DISC,60,None,0.2892221558620294,False,60.0,2024-12
MOVEUSDT,2024-12-10 14:00:00+00:00,DISC,60,0.5,-0.5396501966841935,True,15.041666666666666,2024-12
MOVEUSDT,2024-12-10 14:00:00+00:00,DISC,60,1.0,0.2892221558620294,False,60.0,2024-12
MUBARAKUSDT,2025-03-18 13:00:00+00:00,DISC,30,None,0.8559092236645106,False,30.0,2025-03
MUBARAKUSDT,2025-03-18 13:00:00+00:00,DISC,30,0.5,0.8559092236645106,False,30.0,2025-03
MUBARAKUSDT,2025-03-18 13:00:00+00:00,DISC,30,1.0,0.8559092236645106,False,30.0,2025-03
MUBARAKUSDT,2025-03-18 13:00:00+00:00,DISC,60,None,0.967112372736072,False,60.0,2025-03
MUBARAKUSDT,2025-03-18 13:00:00+00:00,DISC,60,0.5,0.967112372736072,False,60.0,2025-03
MUBARAKUSDT,2025-03-18 13:00:00+00:00,DISC,60,1.0,0.967112372736072,False,60.0,2025-03
MUSDT,2025-07-08 09:00:00+00:00,VAL,30,None,-1.429789291118163,False,30.0,2025-07
MUSDT,2025-07-08 09:00:00+00:00,VAL,30,0.5,-0.7141540585106952,True,1.5,2025-07
MUSDT,2025-07-08 09:00:00+00:00,VAL,30,1.0,-1.095512063362774,True,2.0416666666666665,2025-07
MUSDT,2025-07-08 09:00:00+00:00,VAL,60,None,-7.08615270075156,False,60.0,2025-07
MUSDT,2025-07-08 09:00:00+00:00,VAL,60,0.5,-0.7141540585106952,True,1.5,2025-07
MUSDT,2025-07-08 09:00:00+00:00,VAL,60,1.0,-1.095512063362774,True,2.0416666666666665,2025-07
MYROUSDT,2024-03-06 08:00:00+00:00,DISC,30,None,0.4232872100213185,False,30.0,2024-03
MYROUSDT,2024-03-06 08:00:00+00:00,DISC,30,0.5,0.4232872100213185,False,30.0,2024-03
MYROUSDT,2024-03-06 08:00:00+00:00,DISC,30,1.0,0.4232872100213185,False,30.0,2024-03
MYROUSDT,2024-03-06 08:00:00+00:00,DISC,60,None,0.5166969482775433,False,60.0,2024-03
MYROUSDT,2024-03-06 08:00:00+00:00,DISC,60,0.5,0.5166969482775433,False,60.0,2024-03
MYROUSDT,2024-03-06 08:00:00+00:00,DISC,60,1.0,0.5166969482775433,False,60.0,2024-03
MYXUSDT,2025-06-19 12:00:00+00:00,VAL,30,None,-0.3246750498279759,False,30.0,2025-06
MYXUSDT,2025-06-19 12:00:00+00:00,VAL,30,0.5,-0.5732315502943193,True,3.5,2025-06
MYXUSDT,2025-06-19 12:00:00+00:00,VAL,30,1.0,-1.023028357714135,True,6.791666666666667,2025-06
MYXUSDT,2025-06-19 12:00:00+00:00,VAL,60,None,-26.53739979593998,False,60.0,2025-06
MYXUSDT,2025-06-19 12:00:00+00:00,VAL,60,0.5,-0.5732315502943193,True,3.5,2025-06
MYXUSDT,2025-06-19 12:00:00+00:00,VAL,60,1.0,-1.023028357714135,True,6.791666666666667,2025-06
NAORISUSDT,2025-08-01 12:00:00+00:00,VAL,30,None,0.37310263049660464,False,30.0,2025-07
NAORISUSDT,2025-08-01 12:00:00+00:00,VAL,30,0.5,0.37310263049660464,False,30.0,2025-07
NAORISUSDT,2025-08-01 12:00:00+00:00,VAL,30,1.0,0.37310263049660464,False,30.0,2025-07
NAORISUSDT,2025-08-01 12:00:00+00:00,VAL,60,None,-0.17154130641815046,False,60.0,2025-07
NAORISUSDT,2025-08-01 12:00:00+00:00,VAL,60,0.5,-0.6003138847892285,True,40.125,2025-07
NAORISUSDT,2025-08-01 12:00:00+00:00,VAL,60,1.0,-1.7170310540553404,True,40.166666666666664,2025-07
NEIROETHUSDT,2024-09-07 14:00:00+00:00,DISC,30,None,0.6737185850053805,False,30.0,2024-09
NEIROETHUSDT,2024-09-07 14:00:00+00:00,DISC,30,0.5,0.6737185850053805,False,30.0,2024-09
NEIROETHUSDT,2024-09-07 14:00:00+00:00,DISC,30,1.0,0.6737185850053805,False,30.0,2024-09
NEIROETHUSDT,2024-09-07 14:00:00+00:00,DISC,60,None,0.7774060521951123,False,60.0,2024-09
NEIROETHUSDT,2024-09-07 14:00:00+00:00,DISC,60,0.5,0.7774060521951123,False,60.0,2024-09
NEIROETHUSDT,2024-09-07 14:00:00+00:00,DISC,60,1.0,0.7774060521951123,False,60.0,2024-09
NEIROUSDT,2024-09-17 11:00:00+00:00,DISC,30,None,-4.14709763553565,False,30.0,2024-09
NEIROUSDT,2024-09-17 11:00:00+00:00,DISC,30,0.5,-0.7440901476442511,True,0.20833333333333334,2024-09
NEIROUSDT,2024-09-17 11:00:00+00:00,DISC,30,1.0,-1.2223555702382944,True,0.5416666666666666,2024-09
NEIROUSDT,2024-09-17 11:00:00+00:00,DISC,60,None,-4.35218765260602,False,60.0,2024-09
NEIROUSDT,2024-09-17 11:00:00+00:00,DISC,60,0.5,-0.7440901476442511,True,0.20833333333333334,2024-09
NEIROUSDT,2024-09-17 11:00:00+00:00,DISC,60,1.0,-1.2223555702382944,True,0.5416666666666666,2024-09
NEWTUSDT,2025-06-20 14:00:00+00:00,VAL,30,None,-0.14380456150677678,False,30.0,2025-06
NEWTUSDT,2025-06-20 14:00:00+00:00,VAL,30,0.5,-0.9866200653293072,True,3.7083333333333335,2025-06
NEWTUSDT,2025-06-20 14:00:00+00:00,VAL,30,1.0,-1.4658057024433073,True,4.0,2025-06
NEWTUSDT,2025-06-20 14:00:00+00:00,VAL,60,None,-0.10565854180827727,False,60.0,2025-06
NEWTUSDT,2025-06-20 14:00:00+00:00,VAL,60,0.5,-0.9866200653293072,True,3.7083333333333335,2025-06
NEWTUSDT,2025-06-20 14:00:00+00:00,VAL,60,1.0,-1.4658057024433073,True,4.0,2025-06
NIGHTUSDT,2025-12-11 11:00:00+00:00,VAL,30,None,-0.5542458088455179,False,30.0,2025-12
NIGHTUSDT,2025-12-11 11:00:00+00:00,VAL,30,0.5,-0.5592001505561223,True,2.6666666666666665,2025-12
NIGHTUSDT,2025-12-11 11:00:00+00:00,VAL,30,1.0,-1.1031101830602108,True,9.833333333333334,2025-12
NIGHTUSDT,2025-12-11 11:00:00+00:00,VAL,60,None,-0.4041472280942281,False,60.0,2025-12
NIGHTUSDT,2025-12-11 11:00:00+00:00,VAL,60,0.5,-0.5592001505561223,True,2.6666666666666665,2025-12
NIGHTUSDT,2025-12-11 11:00:00+00:00,VAL,60,1.0,-1.1031101830602108,True,9.833333333333334,2025-12
NILUSDT,2025-03-25 13:00:00+00:00,DISC,30,None,0.5405104293248799,False,30.0,2025-03
NILUSDT,2025-03-25 13:00:00+00:00,DISC,30,0.5,0.5405104293248799,False,30.0,2025-03
NILUSDT,2025-03-25 13:00:00+00:00,DISC,30,1.0,0.5405104293248799,False,30.0,2025-03
NILUSDT,2025-03-25 13:00:00+00:00,DISC,60,None,0.5759971028591612,False,60.0,2025-03
NILUSDT,2025-03-25 13:00:00+00:00,DISC,60,0.5,0.5759971028591612,False,60.0,2025-03
NILUSDT,2025-03-25 13:00:00+00:00,DISC,60,1.0,0.5759971028591612,False,60.0,2025-03
NOMUSDT,2025-10-02 08:00:00+00:00,VAL,30,None,0.4631767138883143,False,30.0,2025-10
NOMUSDT,2025-10-02 08:00:00+00:00,VAL,30,0.5,0.4631767138883143,False,30.0,2025-10
NOMUSDT,2025-10-02 08:00:00+00:00,VAL,30,1.0,0.4631767138883143,False,30.0,2025-10
NOMUSDT,2025-10-02 08:00:00+00:00,VAL,60,None,0.48328757429512725,False,60.0,2025-10
NOMUSDT,2025-10-02 08:00:00+00:00,VAL,60,0.5,0.48328757429512725,False,60.0,2025-10
NOMUSDT,2025-10-02 08:00:00+00:00,VAL,60,1.0,0.48328757429512725,False,60.0,2025-10
NOTUSDT,2024-05-17 14:00:00+00:00,DISC,30,None,-1.8953390222376554,False,30.0,2024-05
NOTUSDT,2024-05-17 14:00:00+00:00,DISC,30,0.5,-0.5319677353961197,True,12.375,2024-05
NOTUSDT,2024-05-17 14:00:00+00:00,DISC,30,1.0,-1.1018548261026737,True,15.083333333333334,2024-05
NOTUSDT,2024-05-17 14:00:00+00:00,DISC,60,None,-1.3646784935269507,False,60.0,2024-05
NOTUSDT,2024-05-17 14:00:00+00:00,DISC,60,0.5,-0.5319677353961197,True,12.375,2024-05
NOTUSDT,2024-05-17 14:00:00+00:00,DISC,60,1.0,-1.1018548261026737,True,15.083333333333334,2024-05
NULSUSDT,2024-08-27 08:00:00+00:00,DISC,30,None,0.21797407627010434,False,30.0,2024-08
NULSUSDT,2024-08-27 08:00:00+00:00,DISC,30,0.5,0.21797407627010434,False,30.0,2024-08
NULSUSDT,2024-08-27 08:00:00+00:00,DISC,30,1.0,0.21797407627010434,False,30.0,2024-08
NULSUSDT,2024-08-27 08:00:00+00:00,DISC,60,None,0.436626368008333,False,60.0,2024-08
NULSUSDT,2024-08-27 08:00:00+00:00,DISC,60,0.5,0.436626368008333,False,60.0,2024-08
NULSUSDT,2024-08-27 08:00:00+00:00,DISC,60,1.0,0.436626368008333,False,60.0,2024-08
NXPCUSDT,2025-05-16 06:00:00+00:00,VAL,30,None,0.5353192843215059,False,30.0,2025-05
NXPCUSDT,2025-05-16 06:00:00+00:00,VAL,30,0.5,0.5353192843215059,False,30.0,2025-05
NXPCUSDT,2025-05-16 06:00:00+00:00,VAL,30,1.0,0.5353192843215059,False,30.0,2025-05
NXPCUSDT,2025-05-16 06:00:00+00:00,VAL,60,None,0.7602735031191009,False,60.0,2025-05
NXPCUSDT,2025-05-16 06:00:00+00:00,VAL,60,0.5,0.7602735031191009,False,60.0,2025-05
NXPCUSDT,2025-05-16 06:00:00+00:00,VAL,60,1.0,0.7602735031191009,False,60.0,2025-05
OBOLUSDT,2025-05-08 10:00:00+00:00,VAL,30,None,0.5301494768168948,False,30.0,2025-05
OBOLUSDT,2025-05-08 10:00:00+00:00,VAL,30,0.5,0.5301494768168948,False,30.0,2025-05
OBOLUSDT,2025-05-08 10:00:00+00:00,VAL,30,1.0,0.5301494768168948,False,30.0,2025-05
OBOLUSDT,2025-05-08 10:00:00+00:00,VAL,60,None,0.7425953296956035,False,60.0,2025-05
OBOLUSDT,2025-05-08 10:00:00+00:00,VAL,60,0.5,0.7425953296956035,False,60.0,2025-05
OBOLUSDT,2025-05-08 10:00:00+00:00,VAL,60,1.0,0.7425953296956035,False,60.0,2025-05
OGUSDT,2025-05-13 09:00:00+00:00,VAL,30,None,0.1674631071106063,False,30.0,2025-05
OGUSDT,2025-05-13 09:00:00+00:00,VAL,30,0.5,0.1674631071106063,False,30.0,2025-05
OGUSDT,2025-05-13 09:00:00+00:00,VAL,30,1.0,0.1674631071106063,False,30.0,2025-05
OGUSDT,2025-05-13 09:00:00+00:00,VAL,60,None,0.3148696033508642,False,60.0,2025-05
OGUSDT,2025-05-13 09:00:00+00:00,VAL,60,0.5,0.3148696033508642,False,60.0,2025-05
OGUSDT,2025-05-13 09:00:00+00:00,VAL,60,1.0,0.3148696033508642,False,60.0,2025-05
OLUSDT,2025-06-26 11:00:00+00:00,VAL,30,None,-0.0576566910275077,False,30.0,2025-06
OLUSDT,2025-06-26 11:00:00+00:00,VAL,30,0.5,-0.0576566910275077,False,30.0,2025-06
OLUSDT,2025-06-26 11:00:00+00:00,VAL,30,1.0,-0.0576566910275077,False,30.0,2025-06
OLUSDT,2025-06-26 11:00:00+00:00,VAL,60,None,-0.07089419476266434,False,60.0,2025-06
OLUSDT,2025-06-26 11:00:00+00:00,VAL,60,0.5,-0.5733967895279198,True,44.166666666666664,2025-06
OLUSDT,2025-06-26 11:00:00+00:00,VAL,60,1.0,-0.07089419476266434,False,60.0,2025-06
OMNIUSDT,2024-04-18 14:00:00+00:00,DISC,30,None,0.47087492691307986,False,30.0,2024-04
OMNIUSDT,2024-04-18 14:00:00+00:00,DISC,30,0.5,0.47087492691307986,False,30.0,2024-04
OMNIUSDT,2024-04-18 14:00:00+00:00,DISC,30,1.0,0.47087492691307986,False,30.0,2024-04
OMNIUSDT,2024-04-18 14:00:00+00:00,DISC,60,None,0.394328032237552,False,60.0,2024-04
OMNIUSDT,2024-04-18 14:00:00+00:00,DISC,60,0.5,0.394328032237552,False,60.0,2024-04
OMNIUSDT,2024-04-18 14:00:00+00:00,DISC,60,1.0,0.394328032237552,False,60.0,2024-04
OMUSDT,2024-02-14 14:00:00+00:00,DISC,30,None,-0.0035822950349767542,False,30.0,2024-02
OMUSDT,2024-02-14 14:00:00+00:00,DISC,30,0.5,-0.0035822950349767542,False,30.0,2024-02
OMUSDT,2024-02-14 14:00:00+00:00,DISC,30,1.0,-0.0035822950349767542,False,30.0,2024-02
OMUSDT,2024-02-14 14:00:00+00:00,DISC,60,None,-1.0866788374624234,False,60.0,2024-02
OMUSDT,2024-02-14 14:00:00+00:00,DISC,60,0.5,-0.22360952757797004,True,30.375,2024-02
OMUSDT,2024-02-14 14:00:00+00:00,DISC,60,1.0,-0.7363076321116421,True,32.208333333333336,2024-02
ONDOUSDT,2024-01-21 13:00:00+00:00,DISC,30,None,-0.08722220842717066,False,30.0,2024-01
ONDOUSDT,2024-01-21 13:00:00+00:00,DISC,30,0.5,-0.08722220842717066,False,30.0,2024-01
ONDOUSDT,2024-01-21 13:00:00+00:00,DISC,30,1.0,-0.08722220842717066,False,30.0,2024-01
ONDOUSDT,2024-01-21 13:00:00+00:00,DISC,60,None,-1.3263818704762464,False,60.0,2024-01
ONDOUSDT,2024-01-21 13:00:00+00:00,DISC,60,0.5,-0.30053634963743947,True,31.791666666666668,2024-01
ONDOUSDT,2024-01-21 13:00:00+00:00,DISC,60,1.0,-0.5793122842663324,True,42.041666666666664,2024-01
ONUSDT,2025-10-25 08:00:00+00:00,VAL,30,None,0.35704274448391204,False,30.0,2025-10
ONUSDT,2025-10-25 08:00:00+00:00,VAL,30,0.5,0.35704274448391204,False,30.0,2025-10
ONUSDT,2025-10-25 08:00:00+00:00,VAL,30,1.0,0.35704274448391204,False,30.0,2025-10
ONUSDT,2025-10-25 08:00:00+00:00,VAL,60,None,0.36993408041433984,False,60.0,2025-10
ONUSDT,2025-10-25 08:00:00+00:00,VAL,60,0.5,0.36993408041433984,False,60.0,2025-10
ONUSDT,2025-10-25 08:00:00+00:00,VAL,60,1.0,0.36993408041433984,False,60.0,2025-10
OPENUSDT,2025-09-09 13:00:00+00:00,VAL,30,None,0.5843331425551194,False,30.0,2025-09
OPENUSDT,2025-09-09 13:00:00+00:00,VAL,30,0.5,0.5843331425551194,False,30.0,2025-09
OPENUSDT,2025-09-09 13:00:00+00:00,VAL,30,1.0,0.5843331425551194,False,30.0,2025-09
OPENUSDT,2025-09-09 13:00:00+00:00,VAL,60,None,0.6267995668565407,False,60.0,2025-09
OPENUSDT,2025-09-09 13:00:00+00:00,VAL,60,0.5,0.6267995668565407,False,60.0,2025-09
OPENUSDT,2025-09-09 13:00:00+00:00,VAL,60,1.0,0.6267995668565407,False,60.0,2025-09
OPGUSDT,2026-04-23 15:00:00+00:00,HOLD,30,None,0.37642066818513686,False,30.0,2026-04
OPGUSDT,2026-04-23 15:00:00+00:00,HOLD,30,0.5,0.37642066818513686,False,30.0,2026-04
OPGUSDT,2026-04-23 15:00:00+00:00,HOLD,30,1.0,0.37642066818513686,False,30.0,2026-04
OPGUSDT,2026-04-23 15:00:00+00:00,HOLD,60,None,0.4085474444868855,False,60.0,2026-04
OPGUSDT,2026-04-23 15:00:00+00:00,HOLD,60,0.5,0.4085474444868855,False,60.0,2026-04
OPGUSDT,2026-04-23 15:00:00+00:00,HOLD,60,1.0,0.4085474444868855,False,60.0,2026-04
OPNUSDT,2026-02-22 15:00:00+00:00,HOLD,30,None,0.6780513387869832,False,30.0,2026-02
OPNUSDT,2026-02-22 15:00:00+00:00,HOLD,30,0.5,0.6780513387869832,False,30.0,2026-02
OPNUSDT,2026-02-22 15:00:00+00:00,HOLD,30,1.0,0.6780513387869832,False,30.0,2026-02
OPNUSDT,2026-02-22 15:00:00+00:00,HOLD,60,None,0.8836071709713352,False,60.0,2026-02
OPNUSDT,2026-02-22 15:00:00+00:00,HOLD,60,0.5,0.8836071709713352,False,60.0,2026-02
OPNUSDT,2026-02-22 15:00:00+00:00,HOLD,60,1.0,0.8836071709713352,False,60.0,2026-02
ORCAUSDT,2024-12-07 15:00:00+00:00,DISC,30,None,0.3084424449451927,False,30.0,2024-12
ORCAUSDT,2024-12-07 15:00:00+00:00,DISC,30,0.5,0.3084424449451927,False,30.0,2024-12
ORCAUSDT,2024-12-07 15:00:00+00:00,DISC,30,1.0,0.3084424449451927,False,30.0,2024-12
ORCAUSDT,2024-12-07 15:00:00+00:00,DISC,60,None,0.6095544866448435,False,60.0,2024-12
ORCAUSDT,2024-12-07 15:00:00+00:00,DISC,60,0.5,0.6095544866448435,False,60.0,2024-12
ORCAUSDT,2024-12-07 15:00:00+00:00,DISC,60,1.0,0.6095544866448435,False,60.0,2024-12
ORDERUSDT,2025-09-27 12:00:00+00:00,VAL,30,None,0.01900424931761913,False,30.0,2025-09
ORDERUSDT,2025-09-27 12:00:00+00:00,VAL,30,0.5,-0.5138867795393408,True,1.7916666666666667,2025-09
ORDERUSDT,2025-09-27 12:00:00+00:00,VAL,30,1.0,0.01900424931761913,False,30.0,2025-09
ORDERUSDT,2025-09-27 12:00:00+00:00,VAL,60,None,0.3394434373464298,False,60.0,2025-09
ORDERUSDT,2025-09-27 12:00:00+00:00,VAL,60,0.5,-0.5138867795393408,True,1.7916666666666667,2025-09
ORDERUSDT,2025-09-27 12:00:00+00:00,VAL,60,1.0,0.3394434373464298,False,60.0,2025-09
PARTIUSDT,2025-03-26 13:00:00+00:00,DISC,30,None,0.6008710687791997,False,30.0,2025-03
PARTIUSDT,2025-03-26 13:00:00+00:00,DISC,30,0.5,0.6008710687791997,False,30.0,2025-03
PARTIUSDT,2025-03-26 13:00:00+00:00,DISC,30,1.0,0.6008710687791997,False,30.0,2025-03
PARTIUSDT,2025-03-26 13:00:00+00:00,DISC,60,None,0.5195346163679188,False,60.0,2025-03
PARTIUSDT,2025-03-26 13:00:00+00:00,DISC,60,0.5,0.5195346163679188,False,60.0,2025-03
PARTIUSDT,2025-03-26 13:00:00+00:00,DISC,60,1.0,0.5195346163679188,False,60.0,2025-03
PAYPUSDT,2026-03-24 14:00:00+00:00,HOLD,30,None,0.2223253142372007,False,30.0,2026-03
PAYPUSDT,2026-03-24 14:00:00+00:00,HOLD,30,0.5,0.2223253142372007,False,30.0,2026-03
PAYPUSDT,2026-03-24 14:00:00+00:00,HOLD,30,1.0,0.2223253142372007,False,30.0,2026-03
PAYPUSDT,2026-03-24 14:00:00+00:00,HOLD,60,None,0.2015159720326849,False,60.0,2026-03
PAYPUSDT,2026-03-24 14:00:00+00:00,HOLD,60,0.5,0.2015159720326849,False,60.0,2026-03
PAYPUSDT,2026-03-24 14:00:00+00:00,HOLD,60,1.0,0.2015159720326849,False,60.0,2026-03
PENGUUSDT,2024-12-18 16:00:00+00:00,DISC,30,None,0.07070872447304,False,30.0,2024-12
PENGUUSDT,2024-12-18 16:00:00+00:00,DISC,30,0.5,0.07070872447304,False,30.0,2024-12
PENGUUSDT,2024-12-18 16:00:00+00:00,DISC,30,1.0,0.07070872447304,False,30.0,2024-12
PENGUUSDT,2024-12-18 16:00:00+00:00,DISC,60,None,0.6451750338055012,False,60.0,2024-12
PENGUUSDT,2024-12-18 16:00:00+00:00,DISC,60,0.5,0.6451750338055012,False,60.0,2024-12
PENGUUSDT,2024-12-18 16:00:00+00:00,DISC,60,1.0,0.6451750338055012,False,60.0,2024-12
PHAROSUSDT,2026-05-15 05:00:00+00:00,HOLD,30,None,0.021252529320895944,False,30.0,2026-05
PHAROSUSDT,2026-05-15 05:00:00+00:00,HOLD,30,0.5,0.021252529320895944,False,30.0,2026-05
PHAROSUSDT,2026-05-15 05:00:00+00:00,HOLD,30,1.0,0.021252529320895944,False,30.0,2026-05
PHAROSUSDT,2026-05-15 05:00:00+00:00,HOLD,60,None,0.2874690440835218,False,60.0,2026-05
PHAROSUSDT,2026-05-15 05:00:00+00:00,HOLD,60,0.5,0.2874690440835218,False,60.0,2026-05
PHAROSUSDT,2026-05-15 05:00:00+00:00,HOLD,60,1.0,0.2874690440835218,False,60.0,2026-05
PHAUSDT,2024-12-31 11:00:00+00:00,DISC,30,None,0.5530382810714682,False,30.0,2024-12
PHAUSDT,2024-12-31 11:00:00+00:00,DISC,30,0.5,0.5530382810714682,False,30.0,2024-12
PHAUSDT,2024-12-31 11:00:00+00:00,DISC,30,1.0,0.5530382810714682,False,30.0,2024-12
PHAUSDT,2024-12-31 11:00:00+00:00,DISC,60,None,0.4983186717046155,False,60.0,2024-12
PHAUSDT,2024-12-31 11:00:00+00:00,DISC,60,0.5,0.4983186717046155,False,60.0,2024-12
PHAUSDT,2024-12-31 11:00:00+00:00,DISC,60,1.0,0.4983186717046155,False,60.0,2024-12
PIEVERSEUSDT,2025-11-15 11:00:00+00:00,VAL,30,None,-0.755723384043098,False,30.0,2025-11
PIEVERSEUSDT,2025-11-15 11:00:00+00:00,VAL,30,0.5,-0.5568350366919309,True,0.9583333333333334,2025-11
PIEVERSEUSDT,2025-11-15 11:00:00+00:00,VAL,30,1.0,-1.382051603366777,True,5.291666666666667,2025-11
PIEVERSEUSDT,2025-11-15 11:00:00+00:00,VAL,60,None,-1.1066128586852673,False,60.0,2025-11
PIEVERSEUSDT,2025-11-15 11:00:00+00:00,VAL,60,0.5,-0.5568350366919309,True,0.9583333333333334,2025-11
PIEVERSEUSDT,2025-11-15 11:00:00+00:00,VAL,60,1.0,-1.382051603366777,True,5.291666666666667,2025-11
PIPPINUSDT,2025-01-25 10:00:00+00:00,DISC,30,None,0.734137358991876,False,30.0,2025-01
PIPPINUSDT,2025-01-25 10:00:00+00:00,DISC,30,0.5,0.734137358991876,False,30.0,2025-01
PIPPINUSDT,2025-01-25 10:00:00+00:00,DISC,30,1.0,0.734137358991876,False,30.0,2025-01
PIPPINUSDT,2025-01-25 10:00:00+00:00,DISC,60,None,0.668470475416985,False,60.0,2025-01
PIPPINUSDT,2025-01-25 10:00:00+00:00,DISC,60,0.5,0.668470475416985,False,60.0,2025-01
PIPPINUSDT,2025-01-25 10:00:00+00:00,DISC,60,1.0,0.668470475416985,False,60.0,2025-01
PIXELUSDT,2024-02-20 15:00:00+00:00,DISC,30,None,-0.20097717735061538,False,30.0,2024-02
PIXELUSDT,2024-02-20 15:00:00+00:00,DISC,30,0.5,-0.2525170211558131,True,17.875,2024-02
PIXELUSDT,2024-02-20 15:00:00+00:00,DISC,30,1.0,-0.20097717735061538,False,30.0,2024-02
PIXELUSDT,2024-02-20 15:00:00+00:00,DISC,60,None,0.36841318855102023,False,60.0,2024-02
PIXELUSDT,2024-02-20 15:00:00+00:00,DISC,60,0.5,-0.2525170211558131,True,17.875,2024-02
PIXELUSDT,2024-02-20 15:00:00+00:00,DISC,60,1.0,0.36841318855102023,False,60.0,2024-02
PLAYUSDT,2025-08-01 09:00:00+00:00,VAL,30,None,-0.4429312206506677,False,30.0,2025-07
PLAYUSDT,2025-08-01 09:00:00+00:00,VAL,30,0.5,-1.2310663745773291,True,5.916666666666667,2025-07
PLAYUSDT,2025-08-01 09:00:00+00:00,VAL,30,1.0,-1.2310663745773291,True,5.916666666666667,2025-07
PLAYUSDT,2025-08-01 09:00:00+00:00,VAL,60,None,-0.20545236152982427,False,60.0,2025-07
PLAYUSDT,2025-08-01 09:00:00+00:00,VAL,60,0.5,-1.2310663745773291,True,5.916666666666667,2025-07
PLAYUSDT,2025-08-01 09:00:00+00:00,VAL,60,1.0,-1.2310663745773291,True,5.916666666666667,2025-07
PLUMEUSDT,2025-03-22 13:00:00+00:00,DISC,30,None,0.07907332910665144,False,30.0,2025-03
PLUMEUSDT,2025-03-22 13:00:00+00:00,DISC,30,0.5,0.07907332910665144,False,30.0,2025-03
PLUMEUSDT,2025-03-22 13:00:00+00:00,DISC,30,1.0,0.07907332910665144,False,30.0,2025-03
PLUMEUSDT,2025-03-22 13:00:00+00:00,DISC,60,None,0.3164015252599486,False,60.0,2025-03
PLUMEUSDT,2025-03-22 13:00:00+00:00,DISC,60,0.5,0.3164015252599486,False,60.0,2025-03
PLUMEUSDT,2025-03-22 13:00:00+00:00,DISC,60,1.0,0.3164015252599486,False,60.0,2025-03
PNUTUSDT,2024-11-12 12:00:00+00:00,DISC,30,None,-1.8605251286355184,False,30.0,2024-11
PNUTUSDT,2024-11-12 12:00:00+00:00,DISC,30,0.5,-0.9836113790836448,True,0.625,2024-11
PNUTUSDT,2024-11-12 12:00:00+00:00,DISC,30,1.0,-1.0507616234910813,True,0.6666666666666666,2024-11
PNUTUSDT,2024-11-12 12:00:00+00:00,DISC,60,None,-0.20374969364499063,False,60.0,2024-11
PNUTUSDT,2024-11-12 12:00:00+00:00,DISC,60,0.5,-0.9836113790836448,True,0.625,2024-11
PNUTUSDT,2024-11-12 12:00:00+00:00,DISC,60,1.0,-1.0507616234910813,True,0.6666666666666666,2024-11
POLUSDT,2024-09-14 12:00:00+00:00,DISC,30,None,0.17400788855623806,False,30.0,2024-09
POLUSDT,2024-09-14 12:00:00+00:00,DISC,30,0.5,0.17400788855623806,False,30.0,2024-09
POLUSDT,2024-09-14 12:00:00+00:00,DISC,30,1.0,0.17400788855623806,False,30.0,2024-09
POLUSDT,2024-09-14 12:00:00+00:00,DISC,60,None,0.5570969744914201,False,60.0,2024-09
POLUSDT,2024-09-14 12:00:00+00:00,DISC,60,0.5,0.5570969744914201,False,60.0,2024-09
POLUSDT,2024-09-14 12:00:00+00:00,DISC,60,1.0,0.5570969744914201,False,60.0,2024-09
PONKEUSDT,2024-11-05 12:00:00+00:00,DISC,30,None,0.18677290048584527,False,30.0,2024-11
PONKEUSDT,2024-11-05 12:00:00+00:00,DISC,30,0.5,-0.29365564122323506,True,12.125,2024-11
PONKEUSDT,2024-11-05 12:00:00+00:00,DISC,30,1.0,0.18677290048584527,False,30.0,2024-11
PONKEUSDT,2024-11-05 12:00:00+00:00,DISC,60,None,0.5376129854567336,False,60.0,2024-11
PONKEUSDT,2024-11-05 12:00:00+00:00,DISC,60,0.5,-0.29365564122323506,True,12.125,2024-11
PONKEUSDT,2024-11-05 12:00:00+00:00,DISC,60,1.0,0.5376129854567336,False,60.0,2024-11
POPCATUSDT,2024-08-23 13:00:00+00:00,DISC,30,None,-0.283288751633164,False,30.0,2024-08
POPCATUSDT,2024-08-23 13:00:00+00:00,DISC,30,0.5,-0.4913252418723558,True,27.708333333333332,2024-08
POPCATUSDT,2024-08-23 13:00:00+00:00,DISC,30,1.0,-0.283288751633164,False,30.0,2024-08
POPCATUSDT,2024-08-23 13:00:00+00:00,DISC,60,None,-1.1053236324760314,False,60.0,2024-08
POPCATUSDT,2024-08-23 13:00:00+00:00,DISC,60,0.5,-0.4913252418723558,True,27.708333333333332,2024-08
POPCATUSDT,2024-08-23 13:00:00+00:00,DISC,60,1.0,-1.1027400035825259,True,43.958333333333336,2024-08
PORT3USDT,2025-06-05 08:00:00+00:00,VAL,30,None,0.17909798673302169,False,30.0,2025-06
PORT3USDT,2025-06-05 08:00:00+00:00,VAL,30,0.5,0.17909798673302169,False,30.0,2025-06
PORT3USDT,2025-06-05 08:00:00+00:00,VAL,30,1.0,0.17909798673302169,False,30.0,2025-06
PORT3USDT,2025-06-05 08:00:00+00:00,VAL,60,None,0.34181643581132315,False,60.0,2025-06
PORT3USDT,2025-06-05 08:00:00+00:00,VAL,60,0.5,0.34181643581132315,False,60.0,2025-06
PORT3USDT,2025-06-05 08:00:00+00:00,VAL,60,1.0,0.34181643581132315,False,60.0,2025-06
PORTALUSDT,2024-03-01 15:00:00+00:00,DISC,30,None,0.25403716046575053,False,30.0,2024-02
PORTALUSDT,2024-03-01 15:00:00+00:00,DISC,30,0.5,0.25403716046575053,False,30.0,2024-02
PORTALUSDT,2024-03-01 15:00:00+00:00,DISC,30,1.0,0.25403716046575053,False,30.0,2024-02
PORTALUSDT,2024-03-01 15:00:00+00:00,DISC,60,None,0.6322437103662945,False,60.0,2024-02
PORTALUSDT,2024-03-01 15:00:00+00:00,DISC,60,0.5,0.6322437103662945,False,60.0,2024-02
PORTALUSDT,2024-03-01 15:00:00+00:00,DISC,60,1.0,0.6322437103662945,False,60.0,2024-02
POWERUSDT,2025-12-07 09:00:00+00:00,VAL,30,None,-0.028556197536441116,False,30.0,2025-12
POWERUSDT,2025-12-07 09:00:00+00:00,VAL,30,0.5,-0.6650885979212953,True,9.958333333333334,2025-12
POWERUSDT,2025-12-07 09:00:00+00:00,VAL,30,1.0,-0.028556197536441116,False,30.0,2025-12
POWERUSDT,2025-12-07 09:00:00+00:00,VAL,60,None,-0.09430960661846821,False,60.0,2025-12
POWERUSDT,2025-12-07 09:00:00+00:00,VAL,60,0.5,-0.6650885979212953,True,9.958333333333334,2025-12
POWERUSDT,2025-12-07 09:00:00+00:00,VAL,60,1.0,-0.09430960661846821,False,60.0,2025-12
PRLUSDT,2026-04-02 10:00:00+00:00,HOLD,30,None,-0.5796955150008306,False,30.0,2026-04
PRLUSDT,2026-04-02 10:00:00+00:00,HOLD,30,0.5,-0.8193891146196438,True,14.375,2026-04
PRLUSDT,2026-04-02 10:00:00+00:00,HOLD,30,1.0,-1.8189486483535346,True,14.416666666666666,2026-04
PRLUSDT,2026-04-02 10:00:00+00:00,HOLD,60,None,-0.22186312514751616,False,60.0,2026-04
PRLUSDT,2026-04-02 10:00:00+00:00,HOLD,60,0.5,-0.8193891146196438,True,14.375,2026-04
PRLUSDT,2026-04-02 10:00:00+00:00,HOLD,60,1.0,-1.8189486483535346,True,14.416666666666666,2026-04
PROMPTUSDT,2025-04-12 06:00:00+00:00,VAL,30,None,0.4084483231827063,False,30.0,2025-04
PROMPTUSDT,2025-04-12 06:00:00+00:00,VAL,30,0.5,0.4084483231827063,False,30.0,2025-04
PROMPTUSDT,2025-04-12 06:00:00+00:00,VAL,30,1.0,0.4084483231827063,False,30.0,2025-04
PROMPTUSDT,2025-04-12 06:00:00+00:00,VAL,60,None,0.8395478458111508,False,60.0,2025-04
PROMPTUSDT,2025-04-12 06:00:00+00:00,VAL,60,0.5,0.8395478458111508,False,60.0,2025-04
PROMPTUSDT,2025-04-12 06:00:00+00:00,VAL,60,1.0,0.8395478458111508,False,60.0,2025-04
PROMUSDT,2025-01-16 12:00:00+00:00,DISC,30,None,0.2839568048392349,False,30.0,2025-01
PROMUSDT,2025-01-16 12:00:00+00:00,DISC,30,0.5,0.2839568048392349,False,30.0,2025-01
PROMUSDT,2025-01-16 12:00:00+00:00,DISC,30,1.0,0.2839568048392349,False,30.0,2025-01
PROMUSDT,2025-01-16 12:00:00+00:00,DISC,60,None,0.07899790506213877,False,60.0,2025-01
PROMUSDT,2025-01-16 12:00:00+00:00,DISC,60,0.5,0.07899790506213877,False,60.0,2025-01
PROMUSDT,2025-01-16 12:00:00+00:00,DISC,60,1.0,0.07899790506213877,False,60.0,2025-01
PROVEUSDT,2025-08-06 17:00:00+00:00,VAL,30,None,0.1723212000992399,False,30.0,2025-08
PROVEUSDT,2025-08-06 17:00:00+00:00,VAL,30,0.5,-0.5169623850686201,True,5.041666666666667,2025-08
PROVEUSDT,2025-08-06 17:00:00+00:00,VAL,30,1.0,0.1723212000992399,False,30.0,2025-08
PROVEUSDT,2025-08-06 17:00:00+00:00,VAL,60,None,0.3883826838093216,False,60.0,2025-08
PROVEUSDT,2025-08-06 17:00:00+00:00,VAL,60,0.5,-0.5169623850686201,True,5.041666666666667,2025-08
PROVEUSDT,2025-08-06 17:00:00+00:00,VAL,60,1.0,0.3883826838093216,False,60.0,2025-08
PTBUSDT,2025-09-04 12:00:00+00:00,VAL,30,None,-0.9437975030254177,False,30.0,2025-09
PTBUSDT,2025-09-04 12:00:00+00:00,VAL,30,0.5,-0.6021011020743712,True,0.5,2025-09
PTBUSDT,2025-09-04 12:00:00+00:00,VAL,30,1.0,-1.1532966081594842,True,3.0833333333333335,2025-09
PTBUSDT,2025-09-04 12:00:00+00:00,VAL,60,None,0.028082910129764608,False,60.0,2025-09
PTBUSDT,2025-09-04 12:00:00+00:00,VAL,60,0.5,-0.6021011020743712,True,0.5,2025-09
PTBUSDT,2025-09-04 12:00:00+00:00,VAL,60,1.0,-1.1532966081594842,True,3.0833333333333335,2025-09
PUFFERUSDT,2025-06-05 08:00:00+00:00,VAL,30,None,0.2550244935536896,False,30.0,2025-06
PUFFERUSDT,2025-06-05 08:00:00+00:00,VAL,30,0.5,0.2550244935536896,False,30.0,2025-06
PUFFERUSDT,2025-06-05 08:00:00+00:00,VAL,30,1.0,0.2550244935536896,False,30.0,2025-06
PUFFERUSDT,2025-06-05 08:00:00+00:00,VAL,60,None,0.13919335211063344,False,60.0,2025-06
PUFFERUSDT,2025-06-05 08:00:00+00:00,VAL,60,0.5,0.13919335211063344,False,60.0,2025-06
PUFFERUSDT,2025-06-05 08:00:00+00:00,VAL,60,1.0,0.13919335211063344,False,60.0,2025-06
PUMPBTCUSDT,2025-06-14 10:00:00+00:00,VAL,30,None,0.2922764606845434,False,30.0,2025-06
PUMPBTCUSDT,2025-06-14 10:00:00+00:00,VAL,30,0.5,0.2922764606845434,False,30.0,2025-06
PUMPBTCUSDT,2025-06-14 10:00:00+00:00,VAL,30,1.0,0.2922764606845434,False,30.0,2025-06
PUMPBTCUSDT,2025-06-14 10:00:00+00:00,VAL,60,None,0.2700920254694811,False,60.0,2025-06
PUMPBTCUSDT,2025-06-14 10:00:00+00:00,VAL,60,0.5,0.2700920254694811,False,60.0,2025-06
PUMPBTCUSDT,2025-06-14 10:00:00+00:00,VAL,60,1.0,0.2700920254694811,False,60.0,2025-06
PUMPUSDT,2025-04-13 14:00:00+00:00,VAL,30,None,0.49265077422754966,False,30.0,2025-04
PUMPUSDT,2025-04-13 14:00:00+00:00,VAL,30,0.5,-0.5311255064401826,True,3.2083333333333335,2025-04
PUMPUSDT,2025-04-13 14:00:00+00:00,VAL,30,1.0,-1.082802534585828,True,9.541666666666666,2025-04
PUMPUSDT,2025-04-13 14:00:00+00:00,VAL,60,None,0.7510828245840704,False,60.0,2025-04
PUMPUSDT,2025-04-13 14:00:00+00:00,VAL,60,0.5,-0.5311255064401826,True,3.2083333333333335,2025-04
PUMPUSDT,2025-04-13 14:00:00+00:00,VAL,60,1.0,-1.082802534585828,True,9.541666666666666,2025-04
PUNDIXUSDT,2025-05-01 10:00:00+00:00,VAL,30,None,0.40963685348695766,False,30.0,2025-04
PUNDIXUSDT,2025-05-01 10:00:00+00:00,VAL,30,0.5,0.40963685348695766,False,30.0,2025-04
PUNDIXUSDT,2025-05-01 10:00:00+00:00,VAL,30,1.0,0.40963685348695766,False,30.0,2025-04
PUNDIXUSDT,2025-05-01 10:00:00+00:00,VAL,60,None,0.5319187416777466,False,60.0,2025-04
PUNDIXUSDT,2025-05-01 10:00:00+00:00,VAL,60,0.5,0.5319187416777466,False,60.0,2025-04
PUNDIXUSDT,2025-05-01 10:00:00+00:00,VAL,60,1.0,0.5319187416777466,False,60.0,2025-04
QNTXUSDT,2026-05-30 08:00:00+00:00,HOLD,30,None,-0.016790613200127865,False,30.0,2026-05
QNTXUSDT,2026-05-30 08:00:00+00:00,HOLD,30,0.5,-0.016790613200127865,False,30.0,2026-05
QNTXUSDT,2026-05-30 08:00:00+00:00,HOLD,30,1.0,-0.016790613200127865,False,30.0,2026-05
QNTXUSDT,2026-05-30 08:00:00+00:00,HOLD,60,None,0.3418156024498885,False,60.0,2026-05
QNTXUSDT,2026-05-30 08:00:00+00:00,HOLD,60,0.5,0.3418156024498885,False,60.0,2026-05
QNTXUSDT,2026-05-30 08:00:00+00:00,HOLD,60,1.0,0.3418156024498885,False,60.0,2026-05
QUICKUSDT,2024-09-07 05:00:00+00:00,DISC,30,None,0.31918328015166775,False,30.0,2024-09
QUICKUSDT,2024-09-07 05:00:00+00:00,DISC,30,0.5,0.31918328015166775,False,30.0,2024-09
QUICKUSDT,2024-09-07 05:00:00+00:00,DISC,30,1.0,0.31918328015166775,False,30.0,2024-09
QUICKUSDT,2024-09-07 05:00:00+00:00,DISC,60,None,0.5616553401471258,False,60.0,2024-09
QUICKUSDT,2024-09-07 05:00:00+00:00,DISC,60,0.5,0.5616553401471258,False,60.0,2024-09
QUICKUSDT,2024-09-07 05:00:00+00:00,DISC,60,1.0,0.5616553401471258,False,60.0,2024-09
QUSDT,2025-09-03 07:00:00+00:00,VAL,30,None,-2.0041747587415104,False,30.0,2025-09
QUSDT,2025-09-03 07:00:00+00:00,VAL,30,0.5,-0.5839072477514974,True,5.458333333333333,2025-09
QUSDT,2025-09-03 07:00:00+00:00,VAL,30,1.0,-1.3271094189565238,True,5.5,2025-09
QUSDT,2025-09-03 07:00:00+00:00,VAL,60,None,-1.288876554506974,False,60.0,2025-09
QUSDT,2025-09-03 07:00:00+00:00,VAL,60,0.5,-0.5839072477514974,True,5.458333333333333,2025-09
QUSDT,2025-09-03 07:00:00+00:00,VAL,60,1.0,-1.3271094189565238,True,5.5,2025-09
RAREUSDT,2024-08-16 13:00:00+00:00,DISC,30,None,-0.1178216305226133,False,30.0,2024-08
RAREUSDT,2024-08-16 13:00:00+00:00,DISC,30,0.5,-0.5947441950415832,True,0.8333333333333334,2024-08
RAREUSDT,2024-08-16 13:00:00+00:00,DISC,30,1.0,-1.0801126685204165,True,1.7083333333333333,2024-08
RAREUSDT,2024-08-16 13:00:00+00:00,DISC,60,None,0.1875190299179189,False,60.0,2024-08
RAREUSDT,2024-08-16 13:00:00+00:00,DISC,60,0.5,-0.5947441950415832,True,0.8333333333333334,2024-08
RAREUSDT,2024-08-16 13:00:00+00:00,DISC,60,1.0,-1.0801126685204165,True,1.7083333333333333,2024-08
RAVEUSDT,2025-12-15 15:00:00+00:00,VAL,30,None,0.35598225872107525,False,30.0,2025-12
RAVEUSDT,2025-12-15 15:00:00+00:00,VAL,30,0.5,-0.5405747105718383,True,6.125,2025-12
RAVEUSDT,2025-12-15 15:00:00+00:00,VAL,30,1.0,0.35598225872107525,False,30.0,2025-12
RAVEUSDT,2025-12-15 15:00:00+00:00,VAL,60,None,-0.01755125899097598,False,60.0,2025-12
RAVEUSDT,2025-12-15 15:00:00+00:00,VAL,60,0.5,-0.5405747105718383,True,6.125,2025-12
RAVEUSDT,2025-12-15 15:00:00+00:00,VAL,60,1.0,-0.01755125899097598,False,60.0,2025-12
RAYSOLUSDT,2024-12-11 12:00:00+00:00,DISC,30,None,0.056898579222589785,False,30.0,2024-12
RAYSOLUSDT,2024-12-11 12:00:00+00:00,DISC,30,0.5,0.056898579222589785,False,30.0,2024-12
RAYSOLUSDT,2024-12-11 12:00:00+00:00,DISC,30,1.0,0.056898579222589785,False,30.0,2024-12
RAYSOLUSDT,2024-12-11 12:00:00+00:00,DISC,60,None,0.060132987017750716,False,60.0,2024-12
RAYSOLUSDT,2024-12-11 12:00:00+00:00,DISC,60,0.5,-0.4768054203947919,True,42.125,2024-12
RAYSOLUSDT,2024-12-11 12:00:00+00:00,DISC,60,1.0,0.060132987017750716,False,60.0,2024-12
RECALLUSDT,2025-10-16 12:00:00+00:00,VAL,30,None,0.4944442182498421,False,30.0,2025-10
RECALLUSDT,2025-10-16 12:00:00+00:00,VAL,30,0.5,0.4944442182498421,False,30.0,2025-10
RECALLUSDT,2025-10-16 12:00:00+00:00,VAL,30,1.0,0.4944442182498421,False,30.0,2025-10
RECALLUSDT,2025-10-16 12:00:00+00:00,VAL,60,None,0.5853241994237457,False,60.0,2025-10
RECALLUSDT,2025-10-16 12:00:00+00:00,VAL,60,0.5,0.5853241994237457,False,60.0,2025-10
RECALLUSDT,2025-10-16 12:00:00+00:00,VAL,60,1.0,0.5853241994237457,False,60.0,2025-10
REDUSDT,2025-03-07 16:00:00+00:00,DISC,30,None,0.36928116329002814,False,30.0,2025-03
REDUSDT,2025-03-07 16:00:00+00:00,DISC,30,0.5,0.36928116329002814,False,30.0,2025-03
REDUSDT,2025-03-07 16:00:00+00:00,DISC,30,1.0,0.36928116329002814,False,30.0,2025-03
REDUSDT,2025-03-07 16:00:00+00:00,DISC,60,None,0.5386266845766517,False,60.0,2025-03
REDUSDT,2025-03-07 16:00:00+00:00,DISC,60,0.5,0.5386266845766517,False,60.0,2025-03
REDUSDT,2025-03-07 16:00:00+00:00,DISC,60,1.0,0.5386266845766517,False,60.0,2025-03
REIUSDT,2024-09-28 11:00:00+00:00,DISC,30,None,0.19778318159628838,False,30.0,2024-09
REIUSDT,2024-09-28 11:00:00+00:00,DISC,30,0.5,0.19778318159628838,False,30.0,2024-09
REIUSDT,2024-09-28 11:00:00+00:00,DISC,30,1.0,0.19778318159628838,False,30.0,2024-09
REIUSDT,2024-09-28 11:00:00+00:00,DISC,60,None,0.42934208272181595,False,60.0,2024-09
REIUSDT,2024-09-28 11:00:00+00:00,DISC,60,0.5,0.42934208272181595,False,60.0,2024-09
REIUSDT,2024-09-28 11:00:00+00:00,DISC,60,1.0,0.42934208272181595,False,60.0,2024-09
RENDERUSDT,2024-07-27 10:00:00+00:00,DISC,30,None,0.01078841858246882,False,30.0,2024-07
RENDERUSDT,2024-07-27 10:00:00+00:00,DISC,30,0.5,0.01078841858246882,False,30.0,2024-07
RENDERUSDT,2024-07-27 10:00:00+00:00,DISC,30,1.0,0.01078841858246882,False,30.0,2024-07
RENDERUSDT,2024-07-27 10:00:00+00:00,DISC,60,None,0.0263672653516468,False,60.0,2024-07
RENDERUSDT,2024-07-27 10:00:00+00:00,DISC,60,0.5,0.0263672653516468,False,60.0,2024-07
RENDERUSDT,2024-07-27 10:00:00+00:00,DISC,60,1.0,0.0263672653516468,False,60.0,2024-07
RESOLVUSDT,2025-06-11 13:00:00+00:00,VAL,30,None,0.5292775732979542,False,30.0,2025-06
RESOLVUSDT,2025-06-11 13:00:00+00:00,VAL,30,0.5,0.5292775732979542,False,30.0,2025-06
RESOLVUSDT,2025-06-11 13:00:00+00:00,VAL,30,1.0,0.5292775732979542,False,30.0,2025-06
RESOLVUSDT,2025-06-11 13:00:00+00:00,VAL,60,None,0.6130532952771246,False,60.0,2025-06
RESOLVUSDT,2025-06-11 13:00:00+00:00,VAL,60,0.5,0.6130532952771246,False,60.0,2025-06
RESOLVUSDT,2025-06-11 13:00:00+00:00,VAL,60,1.0,0.6130532952771246,False,60.0,2025-06
REZUSDT,2024-05-01 14:00:00+00:00,DISC,30,None,0.19569238561962077,False,30.0,2024-04
REZUSDT,2024-05-01 14:00:00+00:00,DISC,30,0.5,0.19569238561962077,False,30.0,2024-04
REZUSDT,2024-05-01 14:00:00+00:00,DISC,30,1.0,0.19569238561962077,False,30.0,2024-04
REZUSDT,2024-05-01 14:00:00+00:00,DISC,60,None,0.46167650659728965,False,60.0,2024-04
REZUSDT,2024-05-01 14:00:00+00:00,DISC,60,0.5,0.46167650659728965,False,60.0,2024-04
REZUSDT,2024-05-01 14:00:00+00:00,DISC,60,1.0,0.46167650659728965,False,60.0,2024-04
RIVERUSDT,2025-10-18 14:00:00+00:00,VAL,30,None,-0.13529648621525925,False,30.0,2025-10
RIVERUSDT,2025-10-18 14:00:00+00:00,VAL,30,0.5,-0.8513813606254633,True,3.0416666666666665,2025-10
RIVERUSDT,2025-10-18 14:00:00+00:00,VAL,30,1.0,-1.0789202286903283,True,3.9583333333333335,2025-10
RIVERUSDT,2025-10-18 14:00:00+00:00,VAL,60,None,0.19075949080097188,False,60.0,2025-10
RIVERUSDT,2025-10-18 14:00:00+00:00,VAL,60,0.5,-0.8513813606254633,True,3.0416666666666665,2025-10
RIVERUSDT,2025-10-18 14:00:00+00:00,VAL,60,1.0,-1.0789202286903283,True,3.9583333333333335,2025-10
RLSUSDT,2025-12-03 10:00:00+00:00,VAL,30,None,0.5802426386105313,False,30.0,2025-12
RLSUSDT,2025-12-03 10:00:00+00:00,VAL,30,0.5,0.5802426386105313,False,30.0,2025-12
RLSUSDT,2025-12-03 10:00:00+00:00,VAL,30,1.0,0.5802426386105313,False,30.0,2025-12
RLSUSDT,2025-12-03 10:00:00+00:00,VAL,60,None,0.5961886575237598,False,60.0,2025-12
RLSUSDT,2025-12-03 10:00:00+00:00,VAL,60,0.5,0.5961886575237598,False,60.0,2025-12
RLSUSDT,2025-12-03 10:00:00+00:00,VAL,60,1.0,0.5961886575237598,False,60.0,2025-12
ROBOUSDT,2026-02-28 08:00:00+00:00,HOLD,30,None,0.45124242318626884,False,30.0,2026-02
ROBOUSDT,2026-02-28 08:00:00+00:00,HOLD,30,0.5,-0.4714255076879307,True,2.3333333333333335,2026-02
ROBOUSDT,2026-02-28 08:00:00+00:00,HOLD,30,1.0,0.45124242318626884,False,30.0,2026-02
ROBOUSDT,2026-02-28 08:00:00+00:00,HOLD,60,None,0.673608231503708,False,60.0,2026-02
ROBOUSDT,2026-02-28 08:00:00+00:00,HOLD,60,0.5,-0.4714255076879307,True,2.3333333333333335,2026-02
ROBOUSDT,2026-02-28 08:00:00+00:00,HOLD,60,1.0,0.673608231503708,False,60.0,2026-02
RONINUSDT,2024-02-07 04:00:00+00:00,DISC,30,None,0.35922965643937654,False,30.0,2024-02
RONINUSDT,2024-02-07 04:00:00+00:00,DISC,30,0.5,0.35922965643937654,False,30.0,2024-02
RONINUSDT,2024-02-07 04:00:00+00:00,DISC,30,1.0,0.35922965643937654,False,30.0,2024-02
RONINUSDT,2024-02-07 04:00:00+00:00,DISC,60,None,0.1241710093413636,False,60.0,2024-02
RONINUSDT,2024-02-07 04:00:00+00:00,DISC,60,0.5,0.05131033890041292,True,31.375,2024-02
RONINUSDT,2024-02-07 04:00:00+00:00,DISC,60,1.0,0.1241710093413636,False,60.0,2024-02
RPLUSDT,2024-09-10 12:00:00+00:00,DISC,30,None,0.20389135526424096,False,30.0,2024-09
RPLUSDT,2024-09-10 12:00:00+00:00,DISC,30,0.5,0.20389135526424096,False,30.0,2024-09
RPLUSDT,2024-09-10 12:00:00+00:00,DISC,30,1.0,0.20389135526424096,False,30.0,2024-09
RPLUSDT,2024-09-10 12:00:00+00:00,DISC,60,None,0.3885839630765242,False,60.0,2024-09
RPLUSDT,2024-09-10 12:00:00+00:00,DISC,60,0.5,0.3885839630765242,False,60.0,2024-09
RPLUSDT,2024-09-10 12:00:00+00:00,DISC,60,1.0,0.3885839630765242,False,60.0,2024-09
RVVUSDT,2025-10-19 13:00:00+00:00,VAL,30,None,0.35131195851791197,False,30.0,2025-10
RVVUSDT,2025-10-19 13:00:00+00:00,VAL,30,0.5,0.35131195851791197,False,30.0,2025-10
RVVUSDT,2025-10-19 13:00:00+00:00,VAL,30,1.0,0.35131195851791197,False,30.0,2025-10
RVVUSDT,2025-10-19 13:00:00+00:00,VAL,60,None,0.5364107489673612,False,60.0,2025-10
RVVUSDT,2025-10-19 13:00:00+00:00,VAL,60,0.5,0.5364107489673612,False,60.0,2025-10
RVVUSDT,2025-10-19 13:00:00+00:00,VAL,60,1.0,0.5364107489673612,False,60.0,2025-10
SAFEUSDT,2024-10-26 12:00:00+00:00,DISC,30,None,0.6829360162394216,False,30.0,2024-10
SAFEUSDT,2024-10-26 12:00:00+00:00,DISC,30,0.5,0.6829360162394216,False,30.0,2024-10
SAFEUSDT,2024-10-26 12:00:00+00:00,DISC,30,1.0,0.6829360162394216,False,30.0,2024-10
SAFEUSDT,2024-10-26 12:00:00+00:00,DISC,60,None,0.6943373406134421,False,60.0,2024-10
SAFEUSDT,2024-10-26 12:00:00+00:00,DISC,60,0.5,0.6943373406134421,False,60.0,2024-10
SAFEUSDT,2024-10-26 12:00:00+00:00,DISC,60,1.0,0.6943373406134421,False,60.0,2024-10
SAGAUSDT,2024-04-10 10:00:00+00:00,DISC,30,None,0.4175799315113945,False,30.0,2024-04
SAGAUSDT,2024-04-10 10:00:00+00:00,DISC,30,0.5,0.4175799315113945,False,30.0,2024-04
SAGAUSDT,2024-04-10 10:00:00+00:00,DISC,30,1.0,0.4175799315113945,False,30.0,2024-04
SAGAUSDT,2024-04-10 10:00:00+00:00,DISC,60,None,0.6166511727793358,False,60.0,2024-04
SAGAUSDT,2024-04-10 10:00:00+00:00,DISC,60,0.5,0.6166511727793358,False,60.0,2024-04
SAGAUSDT,2024-04-10 10:00:00+00:00,DISC,60,1.0,0.6166511727793358,False,60.0,2024-04
SAHARAUSDT,2025-06-27 12:00:00+00:00,VAL,30,None,-0.007795705280512985,False,30.0,2025-06
SAHARAUSDT,2025-06-27 12:00:00+00:00,VAL,30,0.5,-0.5391878452394229,True,26.041666666666668,2025-06
SAHARAUSDT,2025-06-27 12:00:00+00:00,VAL,30,1.0,-0.007795705280512985,False,30.0,2025-06
SAHARAUSDT,2025-06-27 12:00:00+00:00,VAL,60,None,-0.029410505499458558,False,60.0,2025-06
SAHARAUSDT,2025-06-27 12:00:00+00:00,VAL,60,0.5,-0.5391878452394229,True,26.041666666666668,2025-06
SAHARAUSDT,2025-06-27 12:00:00+00:00,VAL,60,1.0,-0.029410505499458558,False,60.0,2025-06
SANTOSUSDT,2024-10-29 14:00:00+00:00,DISC,30,None,0.5367164596328635,False,30.0,2024-10
SANTOSUSDT,2024-10-29 14:00:00+00:00,DISC,30,0.5,0.5367164596328635,False,30.0,2024-10
SANTOSUSDT,2024-10-29 14:00:00+00:00,DISC,30,1.0,0.5367164596328635,False,30.0,2024-10
SANTOSUSDT,2024-10-29 14:00:00+00:00,DISC,60,None,0.6918855046426152,False,60.0,2024-10
SANTOSUSDT,2024-10-29 14:00:00+00:00,DISC,60,0.5,0.6918855046426152,False,60.0,2024-10
SANTOSUSDT,2024-10-29 14:00:00+00:00,DISC,60,1.0,0.6918855046426152,False,60.0,2024-10
SAPIENUSDT,2025-08-21 17:00:00+00:00,VAL,30,None,-0.2454813397833736,False,30.0,2025-08
SAPIENUSDT,2025-08-21 17:00:00+00:00,VAL,30,0.5,-0.6299029885539708,True,17.041666666666668,2025-08
SAPIENUSDT,2025-08-21 17:00:00+00:00,VAL,30,1.0,-0.2454813397833736,False,30.0,2025-08
SAPIENUSDT,2025-08-21 17:00:00+00:00,VAL,60,None,0.34716154637453034,False,60.0,2025-08
SAPIENUSDT,2025-08-21 17:00:00+00:00,VAL,60,0.5,-0.6299029885539708,True,17.041666666666668,2025-08
SAPIENUSDT,2025-08-21 17:00:00+00:00,VAL,60,1.0,0.34716154637453034,False,60.0,2025-08
SCRTUSDT,2024-11-22 11:00:00+00:00,DISC,30,None,0.1606295935996399,False,30.0,2024-11
SCRTUSDT,2024-11-22 11:00:00+00:00,DISC,30,0.5,-0.5846385523318786,True,6.458333333333333,2024-11
SCRTUSDT,2024-11-22 11:00:00+00:00,DISC,30,1.0,0.1606295935996399,False,30.0,2024-11
SCRTUSDT,2024-11-22 11:00:00+00:00,DISC,60,None,0.29645110129520647,False,60.0,2024-11
SCRTUSDT,2024-11-22 11:00:00+00:00,DISC,60,0.5,-0.5846385523318786,True,6.458333333333333,2024-11
SCRTUSDT,2024-11-22 11:00:00+00:00,DISC,60,1.0,0.29645110129520647,False,60.0,2024-11
SCRUSDT,2024-10-23 10:00:00+00:00,DISC,30,None,0.8130155994338074,False,30.0,2024-10
SCRUSDT,2024-10-23 10:00:00+00:00,DISC,30,0.5,0.8130155994338074,False,30.0,2024-10
SCRUSDT,2024-10-23 10:00:00+00:00,DISC,30,1.0,0.8130155994338074,False,30.0,2024-10
SCRUSDT,2024-10-23 10:00:00+00:00,DISC,60,None,0.44257972439931803,False,60.0,2024-10
SCRUSDT,2024-10-23 10:00:00+00:00,DISC,60,0.5,0.44257972439931803,False,60.0,2024-10
SCRUSDT,2024-10-23 10:00:00+00:00,DISC,60,1.0,0.44257972439931803,False,60.0,2024-10
SENTUSDT,2025-11-15 12:00:00+00:00,VAL,30,None,0.22032428162695616,False,30.0,2025-11
SENTUSDT,2025-11-15 12:00:00+00:00,VAL,30,0.5,0.22032428162695616,False,30.0,2025-11
SENTUSDT,2025-11-15 12:00:00+00:00,VAL,30,1.0,0.22032428162695616,False,30.0,2025-11
SENTUSDT,2025-11-15 12:00:00+00:00,VAL,60,None,0.2463331397794889,False,60.0,2025-11
SENTUSDT,2025-11-15 12:00:00+00:00,VAL,60,0.5,0.2463331397794889,False,60.0,2025-11
SENTUSDT,2025-11-15 12:00:00+00:00,VAL,60,1.0,0.2463331397794889,False,60.0,2025-11
SHELLUSDT,2025-02-18 17:00:00+00:00,DISC,30,None,0.26510666261020555,False,30.0,2025-02
SHELLUSDT,2025-02-18 17:00:00+00:00,DISC,30,0.5,0.26510666261020555,False,30.0,2025-02
SHELLUSDT,2025-02-18 17:00:00+00:00,DISC,30,1.0,0.26510666261020555,False,30.0,2025-02
SHELLUSDT,2025-02-18 17:00:00+00:00,DISC,60,None,0.6394395102633342,False,60.0,2025-02
SHELLUSDT,2025-02-18 17:00:00+00:00,DISC,60,0.5,0.6394395102633342,False,60.0,2025-02
SHELLUSDT,2025-02-18 17:00:00+00:00,DISC,60,1.0,0.6394395102633342,False,60.0,2025-02
SIGNUSDT,2025-04-29 11:00:00+00:00,VAL,30,None,0.32806669240098485,False,30.0,2025-04
SIGNUSDT,2025-04-29 11:00:00+00:00,VAL,30,0.5,0.32806669240098485,False,30.0,2025-04
SIGNUSDT,2025-04-29 11:00:00+00:00,VAL,30,1.0,0.32806669240098485,False,30.0,2025-04
SIGNUSDT,2025-04-29 11:00:00+00:00,VAL,60,None,0.5067917052692201,False,60.0,2025-04
SIGNUSDT,2025-04-29 11:00:00+00:00,VAL,60,0.5,0.5067917052692201,False,60.0,2025-04
SIGNUSDT,2025-04-29 11:00:00+00:00,VAL,60,1.0,0.5067917052692201,False,60.0,2025-04
SIRENUSDT,2025-03-23 09:00:00+00:00,DISC,30,None,0.11890642894741976,False,30.0,2025-03
SIRENUSDT,2025-03-23 09:00:00+00:00,DISC,30,0.5,0.11890642894741976,False,30.0,2025-03
SIRENUSDT,2025-03-23 09:00:00+00:00,DISC,30,1.0,0.11890642894741976,False,30.0,2025-03
SIRENUSDT,2025-03-23 09:00:00+00:00,DISC,60,None,-1.221999336714918,False,60.0,2025-03
SIRENUSDT,2025-03-23 09:00:00+00:00,DISC,60,0.5,-0.3497710395815671,True,46.25,2025-03
SIRENUSDT,2025-03-23 09:00:00+00:00,DISC,60,1.0,-0.8267910049805723,True,47.416666666666664,2025-03
SKATEUSDT,2025-06-10 10:00:00+00:00,VAL,30,None,0.22402742020431976,False,30.0,2025-06
SKATEUSDT,2025-06-10 10:00:00+00:00,VAL,30,0.5,0.22402742020431976,False,30.0,2025-06
SKATEUSDT,2025-06-10 10:00:00+00:00,VAL,30,1.0,0.22402742020431976,False,30.0,2025-06
SKATEUSDT,2025-06-10 10:00:00+00:00,VAL,60,None,0.10652167315301853,False,60.0,2025-06
SKATEUSDT,2025-06-10 10:00:00+00:00,VAL,60,0.5,0.10652167315301853,False,60.0,2025-06
SKATEUSDT,2025-06-10 10:00:00+00:00,VAL,60,1.0,0.10652167315301853,False,60.0,2025-06
SKRUSDT,2026-01-23 10:00:00+00:00,HOLD,30,None,0.2276376331865796,False,30.0,2026-01
SKRUSDT,2026-01-23 10:00:00+00:00,HOLD,30,0.5,0.2276376331865796,False,30.0,2026-01
SKRUSDT,2026-01-23 10:00:00+00:00,HOLD,30,1.0,0.2276376331865796,False,30.0,2026-01
SKRUSDT,2026-01-23 10:00:00+00:00,HOLD,60,None,0.2303255285735175,False,60.0,2026-01
SKRUSDT,2026-01-23 10:00:00+00:00,HOLD,60,0.5,0.2303255285735175,False,60.0,2026-01
SKRUSDT,2026-01-23 10:00:00+00:00,HOLD,60,1.0,0.2303255285735175,False,60.0,2026-01
SKYAIUSDT,2025-05-14 09:00:00+00:00,VAL,30,None,0.6528651717276772,False,30.0,2025-05
SKYAIUSDT,2025-05-14 09:00:00+00:00,VAL,30,0.5,0.6528651717276772,False,30.0,2025-05
SKYAIUSDT,2025-05-14 09:00:00+00:00,VAL,30,1.0,0.6528651717276772,False,30.0,2025-05
SKYAIUSDT,2025-05-14 09:00:00+00:00,VAL,60,None,0.3503811663871582,False,60.0,2025-05
SKYAIUSDT,2025-05-14 09:00:00+00:00,VAL,60,0.5,0.3503811663871582,False,60.0,2025-05
SKYAIUSDT,2025-05-14 09:00:00+00:00,VAL,60,1.0,0.3503811663871582,False,60.0,2025-05
SKYUSDT,2025-09-10 07:00:00+00:00,VAL,30,None,0.11705696005054678,False,30.0,2025-09
SKYUSDT,2025-09-10 07:00:00+00:00,VAL,30,0.5,0.11705696005054678,False,30.0,2025-09
SKYUSDT,2025-09-10 07:00:00+00:00,VAL,30,1.0,0.11705696005054678,False,30.0,2025-09
SKYUSDT,2025-09-10 07:00:00+00:00,VAL,60,None,0.16252867580654662,False,60.0,2025-09
SKYUSDT,2025-09-10 07:00:00+00:00,VAL,60,0.5,0.16252867580654662,False,60.0,2025-09
SKYUSDT,2025-09-10 07:00:00+00:00,VAL,60,1.0,0.16252867580654662,False,60.0,2025-09
SLERFUSDT,2024-11-22 11:00:00+00:00,DISC,30,None,0.5142009840895427,False,30.0,2024-11
SLERFUSDT,2024-11-22 11:00:00+00:00,DISC,30,0.5,0.5142009840895427,False,30.0,2024-11
SLERFUSDT,2024-11-22 11:00:00+00:00,DISC,30,1.0,0.5142009840895427,False,30.0,2024-11
SLERFUSDT,2024-11-22 11:00:00+00:00,DISC,60,None,0.6395950832894074,False,60.0,2024-11
SLERFUSDT,2024-11-22 11:00:00+00:00,DISC,60,0.5,0.6395950832894074,False,60.0,2024-11
SLERFUSDT,2024-11-22 11:00:00+00:00,DISC,60,1.0,0.6395950832894074,False,60.0,2024-11
SLXUSDT,2026-06-02 07:00:00+00:00,HOLD,30,None,-0.7000092178449797,False,30.0,2026-06
SLXUSDT,2026-06-02 07:00:00+00:00,HOLD,30,0.5,-0.6932618869747175,True,25.291666666666668,2026-06
SLXUSDT,2026-06-02 07:00:00+00:00,HOLD,30,1.0,-1.19369010637882,True,26.875,2026-06
SLXUSDT,2026-06-02 07:00:00+00:00,HOLD,60,None,0.6332235846899675,False,60.0,2026-06
SLXUSDT,2026-06-02 07:00:00+00:00,HOLD,60,0.5,-0.6932618869747175,True,25.291666666666668,2026-06
SLXUSDT,2026-06-02 07:00:00+00:00,HOLD,60,1.0,-1.19369010637882,True,26.875,2026-06
SOLVUSDT,2025-01-18 12:00:00+00:00,DISC,30,None,0.5869767353113203,False,30.0,2025-01
SOLVUSDT,2025-01-18 12:00:00+00:00,DISC,30,0.5,0.5869767353113203,False,30.0,2025-01
SOLVUSDT,2025-01-18 12:00:00+00:00,DISC,30,1.0,0.5869767353113203,False,30.0,2025-01
SOLVUSDT,2025-01-18 12:00:00+00:00,DISC,60,None,0.42154759731574576,False,60.0,2025-01
SOLVUSDT,2025-01-18 12:00:00+00:00,DISC,60,0.5,0.42154759731574576,False,60.0,2025-01
SOLVUSDT,2025-01-18 12:00:00+00:00,DISC,60,1.0,0.42154759731574576,False,60.0,2025-01
SOMIUSDT,2025-08-26 09:00:00+00:00,VAL,30,None,0.3856081043579651,False,30.0,2025-08
SOMIUSDT,2025-08-26 09:00:00+00:00,VAL,30,0.5,0.3856081043579651,False,30.0,2025-08
SOMIUSDT,2025-08-26 09:00:00+00:00,VAL,30,1.0,0.3856081043579651,False,30.0,2025-08
SOMIUSDT,2025-08-26 09:00:00+00:00,VAL,60,None,0.6440205259091684,False,60.0,2025-08
SOMIUSDT,2025-08-26 09:00:00+00:00,VAL,60,0.5,0.6440205259091684,False,60.0,2025-08
SOMIUSDT,2025-08-26 09:00:00+00:00,VAL,60,1.0,0.6440205259091684,False,60.0,2025-08
SONICUSDT,2025-01-09 07:00:00+00:00,DISC,30,None,0.6349830454935564,False,30.0,2025-01
SONICUSDT,2025-01-09 07:00:00+00:00,DISC,30,0.5,0.6349830454935564,False,30.0,2025-01
SONICUSDT,2025-01-09 07:00:00+00:00,DISC,30,1.0,0.6349830454935564,False,30.0,2025-01
SONICUSDT,2025-01-09 07:00:00+00:00,DISC,60,None,0.5909647560434079,False,60.0,2025-01
SONICUSDT,2025-01-09 07:00:00+00:00,DISC,60,0.5,0.5909647560434079,False,60.0,2025-01
SONICUSDT,2025-01-09 07:00:00+00:00,DISC,60,1.0,0.5909647560434079,False,60.0,2025-01
SOONUSDT,2025-05-24 08:00:00+00:00,VAL,30,None,0.5080378143952772,False,30.0,2025-05
SOONUSDT,2025-05-24 08:00:00+00:00,VAL,30,0.5,0.5080378143952772,False,30.0,2025-05
SOONUSDT,2025-05-24 08:00:00+00:00,VAL,30,1.0,0.5080378143952772,False,30.0,2025-05
SOONUSDT,2025-05-24 08:00:00+00:00,VAL,60,None,0.774155901687094,False,60.0,2025-05
SOONUSDT,2025-05-24 08:00:00+00:00,VAL,60,0.5,0.774155901687094,False,60.0,2025-05
SOONUSDT,2025-05-24 08:00:00+00:00,VAL,60,1.0,0.774155901687094,False,60.0,2025-05
SOPHUSDT,2025-05-29 13:00:00+00:00,VAL,30,None,0.457772987791929,False,30.0,2025-05
SOPHUSDT,2025-05-29 13:00:00+00:00,VAL,30,0.5,0.457772987791929,False,30.0,2025-05
SOPHUSDT,2025-05-29 13:00:00+00:00,VAL,30,1.0,0.457772987791929,False,30.0,2025-05
SOPHUSDT,2025-05-29 13:00:00+00:00,VAL,60,None,0.45215110502915934,False,60.0,2025-05
SOPHUSDT,2025-05-29 13:00:00+00:00,VAL,60,0.5,0.45215110502915934,False,60.0,2025-05
SOPHUSDT,2025-05-29 13:00:00+00:00,VAL,60,1.0,0.45215110502915934,False,60.0,2025-05
SPACEUSDT,2026-01-24 11:00:00+00:00,HOLD,30,None,0.1811405846599532,False,30.0,2026-01
SPACEUSDT,2026-01-24 11:00:00+00:00,HOLD,30,0.5,0.1811405846599532,False,30.0,2026-01
SPACEUSDT,2026-01-24 11:00:00+00:00,HOLD,30,1.0,0.1811405846599532,False,30.0,2026-01
SPACEUSDT,2026-01-24 11:00:00+00:00,HOLD,60,None,0.3805277114533262,False,60.0,2026-01
SPACEUSDT,2026-01-24 11:00:00+00:00,HOLD,60,0.5,0.3805277114533262,False,60.0,2026-01
SPACEUSDT,2026-01-24 11:00:00+00:00,HOLD,60,1.0,0.3805277114533262,False,60.0,2026-01
SPKUSDT,2025-06-18 09:00:00+00:00,VAL,30,None,0.44190480115706976,False,30.0,2025-06
SPKUSDT,2025-06-18 09:00:00+00:00,VAL,30,0.5,0.44190480115706976,False,30.0,2025-06
SPKUSDT,2025-06-18 09:00:00+00:00,VAL,30,1.0,0.44190480115706976,False,30.0,2025-06
SPKUSDT,2025-06-18 09:00:00+00:00,VAL,60,None,-0.485106380351744,False,60.0,2025-06
SPKUSDT,2025-06-18 09:00:00+00:00,VAL,60,0.5,-0.40412062618113065,True,34.291666666666664,2025-06
SPKUSDT,2025-06-18 09:00:00+00:00,VAL,60,1.0,-0.9613353927493916,True,34.708333333333336,2025-06
SPORTFUNUSDT,2026-01-17 13:00:00+00:00,HOLD,30,None,0.3661278723930763,False,30.0,2026-01
SPORTFUNUSDT,2026-01-17 13:00:00+00:00,HOLD,30,0.5,0.3661278723930763,False,30.0,2026-01
SPORTFUNUSDT,2026-01-17 13:00:00+00:00,HOLD,30,1.0,0.3661278723930763,False,30.0,2026-01
SPORTFUNUSDT,2026-01-17 13:00:00+00:00,HOLD,60,None,0.39077703028785304,False,60.0,2026-01
SPORTFUNUSDT,2026-01-17 13:00:00+00:00,HOLD,60,0.5,0.39077703028785304,False,60.0,2026-01
SPORTFUNUSDT,2026-01-17 13:00:00+00:00,HOLD,60,1.0,0.39077703028785304,False,60.0,2026-01
SPXUSDT,2024-12-11 12:00:00+00:00,DISC,30,None,-0.6402218537120677,False,30.0,2024-12
SPXUSDT,2024-12-11 12:00:00+00:00,DISC,30,0.5,-0.6547842542737118,True,22.375,2024-12
SPXUSDT,2024-12-11 12:00:00+00:00,DISC,30,1.0,-1.1742001337024595,True,25.416666666666668,2024-12
SPXUSDT,2024-12-11 12:00:00+00:00,DISC,60,None,0.12629726257693175,False,60.0,2024-12
SPXUSDT,2024-12-11 12:00:00+00:00,DISC,60,0.5,-0.6547842542737118,True,22.375,2024-12
SPXUSDT,2024-12-11 12:00:00+00:00,DISC,60,1.0,-1.1742001337024595,True,25.416666666666668,2024-12
SQDUSDT,2025-06-12 12:00:00+00:00,VAL,30,None,0.4106713363201411,False,30.0,2025-06
SQDUSDT,2025-06-12 12:00:00+00:00,VAL,30,0.5,0.4106713363201411,False,30.0,2025-06
SQDUSDT,2025-06-12 12:00:00+00:00,VAL,30,1.0,0.4106713363201411,False,30.0,2025-06
SQDUSDT,2025-06-12 12:00:00+00:00,VAL,60,None,0.5029796643778378,False,60.0,2025-06
SQDUSDT,2025-06-12 12:00:00+00:00,VAL,60,0.5,0.5029796643778378,False,60.0,2025-06
SQDUSDT,2025-06-12 12:00:00+00:00,VAL,60,1.0,0.5029796643778378,False,60.0,2025-06
STABLEUSDT,2025-11-07 12:00:00+00:00,VAL,30,None,0.20124525480211064,False,30.0,2025-11
STABLEUSDT,2025-11-07 12:00:00+00:00,VAL,30,0.5,0.20124525480211064,False,30.0,2025-11
STABLEUSDT,2025-11-07 12:00:00+00:00,VAL,30,1.0,0.20124525480211064,False,30.0,2025-11
STABLEUSDT,2025-11-07 12:00:00+00:00,VAL,60,None,0.5752788465266632,False,60.0,2025-11
STABLEUSDT,2025-11-07 12:00:00+00:00,VAL,60,0.5,0.5752788465266632,False,60.0,2025-11
STABLEUSDT,2025-11-07 12:00:00+00:00,VAL,60,1.0,0.5752788465266632,False,60.0,2025-11
STARUSDT,2026-05-15 05:00:00+00:00,HOLD,30,None,0.16588549348641968,False,30.0,2026-05
STARUSDT,2026-05-15 05:00:00+00:00,HOLD,30,0.5,0.16588549348641968,False,30.0,2026-05
STARUSDT,2026-05-15 05:00:00+00:00,HOLD,30,1.0,0.16588549348641968,False,30.0,2026-05
STARUSDT,2026-05-15 05:00:00+00:00,HOLD,60,None,0.09526467886796197,False,60.0,2026-05
STARUSDT,2026-05-15 05:00:00+00:00,HOLD,60,0.5,0.09526467886796197,False,60.0,2026-05
STARUSDT,2026-05-15 05:00:00+00:00,HOLD,60,1.0,0.09526467886796197,False,60.0,2026-05
STBLUSDT,2025-09-18 05:00:00+00:00,VAL,30,None,0.26574968352503303,False,30.0,2025-09
STBLUSDT,2025-09-18 05:00:00+00:00,VAL,30,0.5,-0.6708408975453263,True,0.6666666666666666,2025-09
STBLUSDT,2025-09-18 05:00:00+00:00,VAL,30,1.0,-1.1867266727863792,True,1.125,2025-09
STBLUSDT,2025-09-18 05:00:00+00:00,VAL,60,None,0.24156620587143818,False,60.0,2025-09
STBLUSDT,2025-09-18 05:00:00+00:00,VAL,60,0.5,-0.6708408975453263,True,0.6666666666666666,2025-09
STBLUSDT,2025-09-18 05:00:00+00:00,VAL,60,1.0,-1.1867266727863792,True,1.125,2025-09
STOUSDT,2025-04-13 14:00:00+00:00,VAL,30,None,-0.21142324589039874,False,30.0,2025-04
STOUSDT,2025-04-13 14:00:00+00:00,VAL,30,0.5,-0.4554830182346611,True,11.75,2025-04
STOUSDT,2025-04-13 14:00:00+00:00,VAL,30,1.0,-0.9227695032892654,True,18.916666666666668,2025-04
STOUSDT,2025-04-13 14:00:00+00:00,VAL,60,None,0.29244293542475697,False,60.0,2025-04
STOUSDT,2025-04-13 14:00:00+00:00,VAL,60,0.5,-0.4554830182346611,True,11.75,2025-04
STOUSDT,2025-04-13 14:00:00+00:00,VAL,60,1.0,-0.9227695032892654,True,18.916666666666668,2025-04
STRKUSDT,2024-02-21 17:00:00+00:00,DISC,30,None,0.17122885794517806,False,30.0,2024-02
STRKUSDT,2024-02-21 17:00:00+00:00,DISC,30,0.5,0.17122885794517806,False,30.0,2024-02
STRKUSDT,2024-02-21 17:00:00+00:00,DISC,30,1.0,0.17122885794517806,False,30.0,2024-02
STRKUSDT,2024-02-21 17:00:00+00:00,DISC,60,None,0.5792416057242589,False,60.0,2024-02
STRKUSDT,2024-02-21 17:00:00+00:00,DISC,60,0.5,0.5792416057242589,False,60.0,2024-02
STRKUSDT,2024-02-21 17:00:00+00:00,DISC,60,1.0,0.5792416057242589,False,60.0,2024-02
SUNUSDT,2024-08-23 13:00:00+00:00,DISC,30,None,0.1635785626597801,False,30.0,2024-08
SUNUSDT,2024-08-23 13:00:00+00:00,DISC,30,0.5,-0.6024545719811915,True,1.6666666666666667,2024-08
SUNUSDT,2024-08-23 13:00:00+00:00,DISC,30,1.0,0.1635785626597801,False,30.0,2024-08
SUNUSDT,2024-08-23 13:00:00+00:00,DISC,60,None,0.412686610998916,False,60.0,2024-08
SUNUSDT,2024-08-23 13:00:00+00:00,DISC,60,0.5,-0.6024545719811915,True,1.6666666666666667,2024-08
SUNUSDT,2024-08-23 13:00:00+00:00,DISC,60,1.0,0.412686610998916,False,60.0,2024-08
SUSDT,2025-01-17 10:00:00+00:00,DISC,30,None,0.30239841349814356,False,30.0,2025-01
SUSDT,2025-01-17 10:00:00+00:00,DISC,30,0.5,0.30239841349814356,False,30.0,2025-01
SUSDT,2025-01-17 10:00:00+00:00,DISC,30,1.0,0.30239841349814356,False,30.0,2025-01
SUSDT,2025-01-17 10:00:00+00:00,DISC,60,None,0.2002249049435355,False,60.0,2025-01
SUSDT,2025-01-17 10:00:00+00:00,DISC,60,0.5,0.2002249049435355,False,60.0,2025-01
SUSDT,2025-01-17 10:00:00+00:00,DISC,60,1.0,0.2002249049435355,False,60.0,2025-01
SWARMSUSDT,2025-01-08 12:00:00+00:00,DISC,30,None,0.9031519842087622,False,30.0,2025-01
SWARMSUSDT,2025-01-08 12:00:00+00:00,DISC,30,0.5,0.9031519842087622,False,30.0,2025-01
SWARMSUSDT,2025-01-08 12:00:00+00:00,DISC,30,1.0,0.9031519842087622,False,30.0,2025-01
SWARMSUSDT,2025-01-08 12:00:00+00:00,DISC,60,None,0.7539962671988105,False,60.0,2025-01
SWARMSUSDT,2025-01-08 12:00:00+00:00,DISC,60,0.5,0.7539962671988105,False,60.0,2025-01
SWARMSUSDT,2025-01-08 12:00:00+00:00,DISC,60,1.0,0.7539962671988105,False,60.0,2025-01
SWELLUSDT,2024-11-09 16:00:00+00:00,DISC,30,None,0.5830942055685554,False,30.0,2024-11
SWELLUSDT,2024-11-09 16:00:00+00:00,DISC,30,0.5,0.5830942055685554,False,30.0,2024-11
SWELLUSDT,2024-11-09 16:00:00+00:00,DISC,30,1.0,0.5830942055685554,False,30.0,2024-11
SWELLUSDT,2024-11-09 16:00:00+00:00,DISC,60,None,0.7787440920459483,False,60.0,2024-11
SWELLUSDT,2024-11-09 16:00:00+00:00,DISC,60,0.5,0.7787440920459483,False,60.0,2024-11
SWELLUSDT,2024-11-09 16:00:00+00:00,DISC,60,1.0,0.7787440920459483,False,60.0,2024-11
SXTUSDT,2025-05-03 08:00:00+00:00,VAL,30,None,0.7967442961139491,False,30.0,2025-05
SXTUSDT,2025-05-03 08:00:00+00:00,VAL,30,0.5,0.7967442961139491,False,30.0,2025-05
SXTUSDT,2025-05-03 08:00:00+00:00,VAL,30,1.0,0.7967442961139491,False,30.0,2025-05
SXTUSDT,2025-05-03 08:00:00+00:00,VAL,60,None,0.8961557745118662,False,60.0,2025-05
SXTUSDT,2025-05-03 08:00:00+00:00,VAL,60,0.5,0.8961557745118662,False,60.0,2025-05
SXTUSDT,2025-05-03 08:00:00+00:00,VAL,60,1.0,0.8961557745118662,False,60.0,2025-05
SYNUSDT,2024-08-17 12:00:00+00:00,DISC,30,None,0.3698029384526834,False,30.0,2024-08
SYNUSDT,2024-08-17 12:00:00+00:00,DISC,30,0.5,0.3698029384526834,False,30.0,2024-08
SYNUSDT,2024-08-17 12:00:00+00:00,DISC,30,1.0,0.3698029384526834,False,30.0,2024-08
SYNUSDT,2024-08-17 12:00:00+00:00,DISC,60,None,0.27936301976169853,False,60.0,2024-08
SYNUSDT,2024-08-17 12:00:00+00:00,DISC,60,0.5,0.27936301976169853,False,60.0,2024-08
SYNUSDT,2024-08-17 12:00:00+00:00,DISC,60,1.0,0.27936301976169853,False,60.0,2024-08
SYRUPUSDT,2025-05-08 08:00:00+00:00,VAL,30,None,-0.7904902080842725,False,30.0,2025-05
SYRUPUSDT,2025-05-08 08:00:00+00:00,VAL,30,0.5,-0.5053136563046655,True,7.666666666666667,2025-05
SYRUPUSDT,2025-05-08 08:00:00+00:00,VAL,30,1.0,-0.9831217290026463,True,16.708333333333332,2025-05
SYRUPUSDT,2025-05-08 08:00:00+00:00,VAL,60,None,-1.4399060499072962,False,60.0,2025-05
SYRUPUSDT,2025-05-08 08:00:00+00:00,VAL,60,0.5,-0.5053136563046655,True,7.666666666666667,2025-05
SYRUPUSDT,2025-05-08 08:00:00+00:00,VAL,60,1.0,-0.9831217290026463,True,16.708333333333332,2025-05
SYSUSDT,2024-08-20 12:00:00+00:00,DISC,30,None,0.31115070132575406,False,30.0,2024-08
SYSUSDT,2024-08-20 12:00:00+00:00,DISC,30,0.5,0.31115070132575406,False,30.0,2024-08
SYSUSDT,2024-08-20 12:00:00+00:00,DISC,30,1.0,0.31115070132575406,False,30.0,2024-08
SYSUSDT,2024-08-20 12:00:00+00:00,DISC,60,None,0.45058442029220747,False,60.0,2024-08
SYSUSDT,2024-08-20 12:00:00+00:00,DISC,60,0.5,0.45058442029220747,False,60.0,2024-08
SYSUSDT,2024-08-20 12:00:00+00:00,DISC,60,1.0,0.45058442029220747,False,60.0,2024-08
TACUSDT,2025-07-16 10:00:00+00:00,VAL,30,None,0.1872646817329734,False,30.0,2025-07
TACUSDT,2025-07-16 10:00:00+00:00,VAL,30,0.5,0.1872646817329734,False,30.0,2025-07
TACUSDT,2025-07-16 10:00:00+00:00,VAL,30,1.0,0.1872646817329734,False,30.0,2025-07
TACUSDT,2025-07-16 10:00:00+00:00,VAL,60,None,0.3742217342002039,False,60.0,2025-07
TACUSDT,2025-07-16 10:00:00+00:00,VAL,60,0.5,0.3742217342002039,False,60.0,2025-07
TACUSDT,2025-07-16 10:00:00+00:00,VAL,60,1.0,0.3742217342002039,False,60.0,2025-07
TAGUSDT,2025-07-26 11:00:00+00:00,VAL,30,None,-0.2125652209191119,False,30.0,2025-07
TAGUSDT,2025-07-26 11:00:00+00:00,VAL,30,0.5,-0.5678035065183314,True,14.291666666666666,2025-07
TAGUSDT,2025-07-26 11:00:00+00:00,VAL,30,1.0,-0.2125652209191119,False,30.0,2025-07
TAGUSDT,2025-07-26 11:00:00+00:00,VAL,60,None,0.3196917455375988,False,60.0,2025-07
TAGUSDT,2025-07-26 11:00:00+00:00,VAL,60,0.5,-0.5678035065183314,True,14.291666666666666,2025-07
TAGUSDT,2025-07-26 11:00:00+00:00,VAL,60,1.0,0.3196917455375988,False,60.0,2025-07
TAIKOUSDT,2025-06-12 12:00:00+00:00,VAL,30,None,0.2820626044357928,False,30.0,2025-06
TAIKOUSDT,2025-06-12 12:00:00+00:00,VAL,30,0.5,0.2820626044357928,False,30.0,2025-06
TAIKOUSDT,2025-06-12 12:00:00+00:00,VAL,30,1.0,0.2820626044357928,False,30.0,2025-06
TAIKOUSDT,2025-06-12 12:00:00+00:00,VAL,60,None,0.2404463584780835,False,60.0,2025-06
TAIKOUSDT,2025-06-12 12:00:00+00:00,VAL,60,0.5,0.2404463584780835,False,60.0,2025-06
TAIKOUSDT,2025-06-12 12:00:00+00:00,VAL,60,1.0,0.2404463584780835,False,60.0,2025-06
TAKEUSDT,2025-09-04 11:00:00+00:00,VAL,30,None,0.07180736867530724,False,30.0,2025-09
TAKEUSDT,2025-09-04 11:00:00+00:00,VAL,30,0.5,0.07180736867530724,False,30.0,2025-09
TAKEUSDT,2025-09-04 11:00:00+00:00,VAL,30,1.0,0.07180736867530724,False,30.0,2025-09
TAKEUSDT,2025-09-04 11:00:00+00:00,VAL,60,None,-0.4440441868852335,False,60.0,2025-09
TAKEUSDT,2025-09-04 11:00:00+00:00,VAL,60,0.5,-0.45163637402219237,True,34.208333333333336,2025-09
TAKEUSDT,2025-09-04 11:00:00+00:00,VAL,60,1.0,-0.4440441868852335,False,60.0,2025-09
TANSSIUSDT,2025-07-10 11:00:00+00:00,VAL,30,None,0.08544300624286605,False,30.0,2025-07
TANSSIUSDT,2025-07-10 11:00:00+00:00,VAL,30,0.5,0.08544300624286605,False,30.0,2025-07
TANSSIUSDT,2025-07-10 11:00:00+00:00,VAL,30,1.0,0.08544300624286605,False,30.0,2025-07
TANSSIUSDT,2025-07-10 11:00:00+00:00,VAL,60,None,0.3988915544341749,False,60.0,2025-07
TANSSIUSDT,2025-07-10 11:00:00+00:00,VAL,60,0.5,0.3988915544341749,False,60.0,2025-07
TANSSIUSDT,2025-07-10 11:00:00+00:00,VAL,60,1.0,0.3988915544341749,False,60.0,2025-07
TAOUSDT,2024-04-12 14:00:00+00:00,DISC,30,None,0.2428335300010892,False,30.0,2024-04
TAOUSDT,2024-04-12 14:00:00+00:00,DISC,30,0.5,0.2428335300010892,False,30.0,2024-04
TAOUSDT,2024-04-12 14:00:00+00:00,DISC,30,1.0,0.2428335300010892,False,30.0,2024-04
TAOUSDT,2024-04-12 14:00:00+00:00,DISC,60,None,0.39819911369019734,False,60.0,2024-04
TAOUSDT,2024-04-12 14:00:00+00:00,DISC,60,0.5,0.39819911369019734,False,60.0,2024-04
TAOUSDT,2024-04-12 14:00:00+00:00,DISC,60,1.0,0.39819911369019734,False,60.0,2024-04
TAUSDT,2025-07-22 07:00:00+00:00,VAL,30,None,0.47672851433973695,False,30.0,2025-07
TAUSDT,2025-07-22 07:00:00+00:00,VAL,30,0.5,0.47672851433973695,False,30.0,2025-07
TAUSDT,2025-07-22 07:00:00+00:00,VAL,30,1.0,0.47672851433973695,False,30.0,2025-07
TAUSDT,2025-07-22 07:00:00+00:00,VAL,60,None,-0.15346975592407963,False,60.0,2025-07
TAUSDT,2025-07-22 07:00:00+00:00,VAL,60,0.5,-0.6217919389819334,True,39.333333333333336,2025-07
TAUSDT,2025-07-22 07:00:00+00:00,VAL,60,1.0,-1.1807256505171362,True,42.25,2025-07
THEUSDT,2024-11-28 12:00:00+00:00,DISC,30,None,0.6063745628423204,False,30.0,2024-11
THEUSDT,2024-11-28 12:00:00+00:00,DISC,30,0.5,0.6063745628423204,False,30.0,2024-11
THEUSDT,2024-11-28 12:00:00+00:00,DISC,30,1.0,0.6063745628423204,False,30.0,2024-11
THEUSDT,2024-11-28 12:00:00+00:00,DISC,60,None,0.8646429588546004,False,60.0,2024-11
THEUSDT,2024-11-28 12:00:00+00:00,DISC,60,0.5,0.8646429588546004,False,60.0,2024-11
THEUSDT,2024-11-28 12:00:00+00:00,DISC,60,1.0,0.8646429588546004,False,60.0,2024-11
TNSRUSDT,2024-04-09 17:00:00+00:00,DISC,30,None,0.4423083846184519,False,30.0,2024-04
TNSRUSDT,2024-04-09 17:00:00+00:00,DISC,30,0.5,0.4423083846184519,False,30.0,2024-04
TNSRUSDT,2024-04-09 17:00:00+00:00,DISC,30,1.0,0.4423083846184519,False,30.0,2024-04
TNSRUSDT,2024-04-09 17:00:00+00:00,DISC,60,None,0.3498229659299822,False,60.0,2024-04
TNSRUSDT,2024-04-09 17:00:00+00:00,DISC,60,0.5,0.3498229659299822,False,60.0,2024-04
TNSRUSDT,2024-04-09 17:00:00+00:00,DISC,60,1.0,0.3498229659299822,False,60.0,2024-04
TONUSDT,2024-03-02 12:00:00+00:00,DISC,30,None,-0.8636051255545704,False,30.0,2024-03
TONUSDT,2024-03-02 12:00:00+00:00,DISC,30,0.5,-0.4472237577434165,True,10.5,2024-03
TONUSDT,2024-03-02 12:00:00+00:00,DISC,30,1.0,-0.9862558695787665,True,22.666666666666668,2024-03
TONUSDT,2024-03-02 12:00:00+00:00,DISC,60,None,-0.8403846918247515,False,60.0,2024-03
TONUSDT,2024-03-02 12:00:00+00:00,DISC,60,0.5,-0.4472237577434165,True,10.5,2024-03
TONUSDT,2024-03-02 12:00:00+00:00,DISC,60,1.0,-0.9862558695787665,True,22.666666666666668,2024-03
TOSHIUSDT,2025-09-18 05:00:00+00:00,VAL,30,None,0.13106876255921485,False,30.0,2025-09
TOSHIUSDT,2025-09-18 05:00:00+00:00,VAL,30,0.5,0.13106876255921485,False,30.0,2025-09
TOSHIUSDT,2025-09-18 05:00:00+00:00,VAL,30,1.0,0.13106876255921485,False,30.0,2025-09
TOSHIUSDT,2025-09-18 05:00:00+00:00,VAL,60,None,0.3707257251036725,False,60.0,2025-09
TOSHIUSDT,2025-09-18 05:00:00+00:00,VAL,60,0.5,0.3707257251036725,False,60.0,2025-09
TOSHIUSDT,2025-09-18 05:00:00+00:00,VAL,60,1.0,0.3707257251036725,False,60.0,2025-09
TOWNSUSDT,2025-08-06 14:00:00+00:00,VAL,30,None,0.3513668050932386,False,30.0,2025-08
TOWNSUSDT,2025-08-06 14:00:00+00:00,VAL,30,0.5,0.3513668050932386,False,30.0,2025-08
TOWNSUSDT,2025-08-06 14:00:00+00:00,VAL,30,1.0,0.3513668050932386,False,30.0,2025-08
TOWNSUSDT,2025-08-06 14:00:00+00:00,VAL,60,None,0.5626770625029566,False,60.0,2025-08
TOWNSUSDT,2025-08-06 14:00:00+00:00,VAL,60,0.5,0.5626770625029566,False,60.0,2025-08
TOWNSUSDT,2025-08-06 14:00:00+00:00,VAL,60,1.0,0.5626770625029566,False,60.0,2025-08
TRADOORUSDT,2025-09-20 12:00:00+00:00,VAL,30,None,0.22208917160710206,False,30.0,2025-09
TRADOORUSDT,2025-09-20 12:00:00+00:00,VAL,30,0.5,-0.4883963670640875,True,18.166666666666668,2025-09
TRADOORUSDT,2025-09-20 12:00:00+00:00,VAL,30,1.0,0.22208917160710206,False,30.0,2025-09
TRADOORUSDT,2025-09-20 12:00:00+00:00,VAL,60,None,-0.043132020977905805,False,60.0,2025-09
TRADOORUSDT,2025-09-20 12:00:00+00:00,VAL,60,0.5,-0.4883963670640875,True,18.166666666666668,2025-09
TRADOORUSDT,2025-09-20 12:00:00+00:00,VAL,60,1.0,-0.043132020977905805,False,60.0,2025-09
TREEUSDT,2025-07-30 14:00:00+00:00,VAL,30,None,0.22040274856631958,False,30.0,2025-07
TREEUSDT,2025-07-30 14:00:00+00:00,VAL,30,0.5,0.22040274856631958,False,30.0,2025-07
TREEUSDT,2025-07-30 14:00:00+00:00,VAL,30,1.0,0.22040274856631958,False,30.0,2025-07
TREEUSDT,2025-07-30 14:00:00+00:00,VAL,60,None,0.4377194157334745,False,60.0,2025-07
TREEUSDT,2025-07-30 14:00:00+00:00,VAL,60,0.5,0.4377194157334745,False,60.0,2025-07
TREEUSDT,2025-07-30 14:00:00+00:00,VAL,60,1.0,0.4377194157334745,False,60.0,2025-07
TRIAUSDT,2026-02-07 12:00:00+00:00,HOLD,30,None,-0.19322079471177012,False,30.0,2026-02
TRIAUSDT,2026-02-07 12:00:00+00:00,HOLD,30,0.5,-0.19322079471177012,False,30.0,2026-02
TRIAUSDT,2026-02-07 12:00:00+00:00,HOLD,30,1.0,-0.19322079471177012,False,30.0,2026-02
TRIAUSDT,2026-02-07 12:00:00+00:00,HOLD,60,None,-0.13744128198490457,False,60.0,2026-02
TRIAUSDT,2026-02-07 12:00:00+00:00,HOLD,60,0.5,-0.5200704082275535,True,32.416666666666664,2026-02
TRIAUSDT,2026-02-07 12:00:00+00:00,HOLD,60,1.0,-1.0322569072346763,True,39.916666666666664,2026-02
TROYUSDT,2024-11-01 13:00:00+00:00,DISC,30,None,-0.04740683700799042,False,30.0,2024-10
TROYUSDT,2024-11-01 13:00:00+00:00,DISC,30,0.5,-0.49361975505877986,True,4.583333333333333,2024-10
TROYUSDT,2024-11-01 13:00:00+00:00,DISC,30,1.0,-0.6947101110620081,True,20.166666666666668,2024-10
TROYUSDT,2024-11-01 13:00:00+00:00,DISC,60,None,-0.60148551744188,False,60.0,2024-10
TROYUSDT,2024-11-01 13:00:00+00:00,DISC,60,0.5,-0.49361975505877986,True,4.583333333333333,2024-10
TROYUSDT,2024-11-01 13:00:00+00:00,DISC,60,1.0,-0.6947101110620081,True,20.166666666666668,2024-10
TRUMPUSDT,2025-01-19 13:00:00+00:00,DISC,30,None,0.6815608733335287,False,30.0,2025-01
TRUMPUSDT,2025-01-19 13:00:00+00:00,DISC,30,0.5,0.6815608733335287,False,30.0,2025-01
TRUMPUSDT,2025-01-19 13:00:00+00:00,DISC,30,1.0,0.6815608733335287,False,30.0,2025-01
TRUMPUSDT,2025-01-19 13:00:00+00:00,DISC,60,None,0.651319033013446,False,60.0,2025-01
TRUMPUSDT,2025-01-19 13:00:00+00:00,DISC,60,0.5,0.651319033013446,False,60.0,2025-01
TRUMPUSDT,2025-01-19 13:00:00+00:00,DISC,60,1.0,0.651319033013446,False,60.0,2025-01
TRUSTUSDT,2025-11-06 09:00:00+00:00,VAL,30,None,0.2672287392178273,False,30.0,2025-11
TRUSTUSDT,2025-11-06 09:00:00+00:00,VAL,30,0.5,-1.2816578766036375,True,15.625,2025-11
TRUSTUSDT,2025-11-06 09:00:00+00:00,VAL,30,1.0,-1.2816578766036375,True,15.625,2025-11
TRUSTUSDT,2025-11-06 09:00:00+00:00,VAL,60,None,0.4126949054244239,False,60.0,2025-11
TRUSTUSDT,2025-11-06 09:00:00+00:00,VAL,60,0.5,-1.2816578766036375,True,15.625,2025-11
TRUSTUSDT,2025-11-06 09:00:00+00:00,VAL,60,1.0,-1.2816578766036375,True,15.625,2025-11
TRUTHUSDT,2025-10-02 12:00:00+00:00,VAL,30,None,-0.07990561186744982,False,30.0,2025-10
TRUTHUSDT,2025-10-02 12:00:00+00:00,VAL,30,0.5,-0.07990561186744982,False,30.0,2025-10
TRUTHUSDT,2025-10-02 12:00:00+00:00,VAL,30,1.0,-0.07990561186744982,False,30.0,2025-10
TRUTHUSDT,2025-10-02 12:00:00+00:00,VAL,60,None,-0.8836415556837649,False,60.0,2025-10
TRUTHUSDT,2025-10-02 12:00:00+00:00,VAL,60,0.5,-0.9242771543491183,True,36.041666666666664,2025-10
TRUTHUSDT,2025-10-02 12:00:00+00:00,VAL,60,1.0,-1.1971679087256597,True,37.25,2025-10
TSTUSDT,2025-02-10 13:00:00+00:00,DISC,30,None,0.4974721435011522,False,30.0,2025-02
TSTUSDT,2025-02-10 13:00:00+00:00,DISC,30,0.5,0.4974721435011522,False,30.0,2025-02
TSTUSDT,2025-02-10 13:00:00+00:00,DISC,30,1.0,0.4974721435011522,False,30.0,2025-02
TSTUSDT,2025-02-10 13:00:00+00:00,DISC,60,None,0.4020479964979824,False,60.0,2025-02
TSTUSDT,2025-02-10 13:00:00+00:00,DISC,60,0.5,0.4020479964979824,False,60.0,2025-02
TSTUSDT,2025-02-10 13:00:00+00:00,DISC,60,1.0,0.4020479964979824,False,60.0,2025-02
TURBOUSDT,2024-05-31 15:00:00+00:00,DISC,30,None,0.397127104470653,False,30.0,2024-05
TURBOUSDT,2024-05-31 15:00:00+00:00,DISC,30,0.5,0.397127104470653,False,30.0,2024-05
TURBOUSDT,2024-05-31 15:00:00+00:00,DISC,30,1.0,0.397127104470653,False,30.0,2024-05
TURBOUSDT,2024-05-31 15:00:00+00:00,DISC,60,None,0.28692852673657265,False,60.0,2024-05
TURBOUSDT,2024-05-31 15:00:00+00:00,DISC,60,0.5,0.28692852673657265,False,60.0,2024-05
TURBOUSDT,2024-05-31 15:00:00+00:00,DISC,60,1.0,0.28692852673657265,False,60.0,2024-05
TURTLEUSDT,2025-10-23 15:00:00+00:00,VAL,30,None,0.36082812037489354,False,30.0,2025-10
TURTLEUSDT,2025-10-23 15:00:00+00:00,VAL,30,0.5,0.36082812037489354,False,30.0,2025-10
TURTLEUSDT,2025-10-23 15:00:00+00:00,VAL,30,1.0,0.36082812037489354,False,30.0,2025-10
TURTLEUSDT,2025-10-23 15:00:00+00:00,VAL,60,None,0.5032368528365536,False,60.0,2025-10
TURTLEUSDT,2025-10-23 15:00:00+00:00,VAL,60,0.5,0.5032368528365536,False,60.0,2025-10
TURTLEUSDT,2025-10-23 15:00:00+00:00,VAL,60,1.0,0.5032368528365536,False,60.0,2025-10
TUTUSDT,2025-03-21 09:00:00+00:00,DISC,30,None,0.12460929795006126,False,30.0,2025-03
TUTUSDT,2025-03-21 09:00:00+00:00,DISC,30,0.5,-0.5525632231181724,True,6.375,2025-03
TUTUSDT,2025-03-21 09:00:00+00:00,DISC,30,1.0,0.12460929795006126,False,30.0,2025-03
TUTUSDT,2025-03-21 09:00:00+00:00,DISC,60,None,0.36891421691147486,False,60.0,2025-03
TUTUSDT,2025-03-21 09:00:00+00:00,DISC,60,0.5,-0.5525632231181724,True,6.375,2025-03
TUTUSDT,2025-03-21 09:00:00+00:00,DISC,60,1.0,0.36891421691147486,False,60.0,2025-03
UAIUSDT,2025-11-07 11:00:00+00:00,VAL,30,None,-0.29829966400513686,False,30.0,2025-11
UAIUSDT,2025-11-07 11:00:00+00:00,VAL,30,0.5,-0.9730863725701201,True,0.16666666666666666,2025-11
UAIUSDT,2025-11-07 11:00:00+00:00,VAL,30,1.0,-1.2008985506780856,True,0.4166666666666667,2025-11
UAIUSDT,2025-11-07 11:00:00+00:00,VAL,60,None,-0.6073697721141951,False,60.0,2025-11
UAIUSDT,2025-11-07 11:00:00+00:00,VAL,60,0.5,-0.9730863725701201,True,0.16666666666666666,2025-11
UAIUSDT,2025-11-07 11:00:00+00:00,VAL,60,1.0,-1.2008985506780856,True,0.4166666666666667,2025-11
UBUSDT,2025-09-13 10:00:00+00:00,VAL,30,None,0.22265322912671592,False,30.0,2025-09
UBUSDT,2025-09-13 10:00:00+00:00,VAL,30,0.5,0.22265322912671592,False,30.0,2025-09
UBUSDT,2025-09-13 10:00:00+00:00,VAL,30,1.0,0.22265322912671592,False,30.0,2025-09
UBUSDT,2025-09-13 10:00:00+00:00,VAL,60,None,-0.11685857457215842,False,60.0,2025-09
UBUSDT,2025-09-13 10:00:00+00:00,VAL,60,0.5,-0.5743907682299068,True,42.291666666666664,2025-09
UBUSDT,2025-09-13 10:00:00+00:00,VAL,60,1.0,-1.0568384583881634,True,44.041666666666664,2025-09
USARUSDT,2026-05-07 13:00:00+00:00,HOLD,30,None,-0.10033232634152256,False,30.0,2026-05
USARUSDT,2026-05-07 13:00:00+00:00,HOLD,30,0.5,-0.10033232634152256,False,30.0,2026-05
USARUSDT,2026-05-07 13:00:00+00:00,HOLD,30,1.0,-0.10033232634152256,False,30.0,2026-05
USARUSDT,2026-05-07 13:00:00+00:00,HOLD,60,None,0.03755004746381796,False,60.0,2026-05
USARUSDT,2026-05-07 13:00:00+00:00,HOLD,60,0.5,0.03755004746381796,False,60.0,2026-05
USARUSDT,2026-05-07 13:00:00+00:00,HOLD,60,1.0,0.03755004746381796,False,60.0,2026-05
USELESSUSDT,2025-08-16 12:00:00+00:00,VAL,30,None,0.2815675732021775,False,30.0,2025-08
USELESSUSDT,2025-08-16 12:00:00+00:00,VAL,30,0.5,0.2815675732021775,False,30.0,2025-08
USELESSUSDT,2025-08-16 12:00:00+00:00,VAL,30,1.0,0.2815675732021775,False,30.0,2025-08
USELESSUSDT,2025-08-16 12:00:00+00:00,VAL,60,None,-0.30934700005584803,False,60.0,2025-08
USELESSUSDT,2025-08-16 12:00:00+00:00,VAL,60,0.5,-0.30934700005584803,False,60.0,2025-08
USELESSUSDT,2025-08-16 12:00:00+00:00,VAL,60,1.0,-0.30934700005584803,False,60.0,2025-08
USUALUSDT,2024-12-19 13:00:00+00:00,DISC,30,None,0.5830012782903168,False,30.0,2024-12
USUALUSDT,2024-12-19 13:00:00+00:00,DISC,30,0.5,0.5830012782903168,False,30.0,2024-12
USUALUSDT,2024-12-19 13:00:00+00:00,DISC,30,1.0,0.5830012782903168,False,30.0,2024-12
USUALUSDT,2024-12-19 13:00:00+00:00,DISC,60,None,0.7419774977660971,False,60.0,2024-12
USUALUSDT,2024-12-19 13:00:00+00:00,DISC,60,0.5,0.7419774977660971,False,60.0,2024-12
USUALUSDT,2024-12-19 13:00:00+00:00,DISC,60,1.0,0.7419774977660971,False,60.0,2024-12
USUSDT,2025-12-13 10:00:00+00:00,VAL,30,None,0.5866015069579722,False,30.0,2025-12
USUSDT,2025-12-13 10:00:00+00:00,VAL,30,0.5,0.5866015069579722,False,30.0,2025-12
USUSDT,2025-12-13 10:00:00+00:00,VAL,30,1.0,0.5866015069579722,False,30.0,2025-12
USUSDT,2025-12-13 10:00:00+00:00,VAL,60,None,0.49571782734049663,False,60.0,2025-12
USUSDT,2025-12-13 10:00:00+00:00,VAL,60,0.5,0.49571782734049663,False,60.0,2025-12
USUSDT,2025-12-13 10:00:00+00:00,VAL,60,1.0,0.49571782734049663,False,60.0,2025-12
UXLINKUSDT,2024-09-16 15:00:00+00:00,DISC,30,None,-0.1870222556454254,False,30.0,2024-09
UXLINKUSDT,2024-09-16 15:00:00+00:00,DISC,30,0.5,-0.5347155761370294,True,1.0833333333333333,2024-09
UXLINKUSDT,2024-09-16 15:00:00+00:00,DISC,30,1.0,-0.1870222556454254,False,30.0,2024-09
UXLINKUSDT,2024-09-16 15:00:00+00:00,DISC,60,None,0.029862031863258868,False,60.0,2024-09
UXLINKUSDT,2024-09-16 15:00:00+00:00,DISC,60,0.5,-0.5347155761370294,True,1.0833333333333333,2024-09
UXLINKUSDT,2024-09-16 15:00:00+00:00,DISC,60,1.0,-0.7760840344583285,True,51.166666666666664,2024-09
VANAUSDT,2024-12-17 13:00:00+00:00,DISC,30,None,0.2684845001943357,False,30.0,2024-12
VANAUSDT,2024-12-17 13:00:00+00:00,DISC,30,0.5,0.2684845001943357,False,30.0,2024-12
VANAUSDT,2024-12-17 13:00:00+00:00,DISC,30,1.0,0.2684845001943357,False,30.0,2024-12
VANAUSDT,2024-12-17 13:00:00+00:00,DISC,60,None,0.5849771047047935,False,60.0,2024-12
VANAUSDT,2024-12-17 13:00:00+00:00,DISC,60,0.5,0.5849771047047935,False,60.0,2024-12
VANAUSDT,2024-12-17 13:00:00+00:00,DISC,60,1.0,0.5849771047047935,False,60.0,2024-12
VANRYUSDT,2024-03-14 17:00:00+00:00,DISC,30,None,0.4275626373939233,False,30.0,2024-03
VANRYUSDT,2024-03-14 17:00:00+00:00,DISC,30,0.5,0.4275626373939233,False,30.0,2024-03
VANRYUSDT,2024-03-14 17:00:00+00:00,DISC,30,1.0,0.4275626373939233,False,30.0,2024-03
VANRYUSDT,2024-03-14 17:00:00+00:00,DISC,60,None,0.3331458219217287,False,60.0,2024-03
VANRYUSDT,2024-03-14 17:00:00+00:00,DISC,60,0.5,0.3331458219217287,False,60.0,2024-03
VANRYUSDT,2024-03-14 17:00:00+00:00,DISC,60,1.0,0.3331458219217287,False,60.0,2024-03
VELODROMEUSDT,2024-12-14 16:00:00+00:00,DISC,30,None,0.4365976327019635,False,30.0,2024-12
VELODROMEUSDT,2024-12-14 16:00:00+00:00,DISC,30,0.5,0.4365976327019635,False,30.0,2024-12
VELODROMEUSDT,2024-12-14 16:00:00+00:00,DISC,30,1.0,0.4365976327019635,False,30.0,2024-12
VELODROMEUSDT,2024-12-14 16:00:00+00:00,DISC,60,None,0.6463607912387243,False,60.0,2024-12
VELODROMEUSDT,2024-12-14 16:00:00+00:00,DISC,60,0.5,0.6463607912387243,False,60.0,2024-12
VELODROMEUSDT,2024-12-14 16:00:00+00:00,DISC,60,1.0,0.6463607912387243,False,60.0,2024-12
VELVETUSDT,2025-07-16 09:00:00+00:00,VAL,30,None,0.14529282903775154,False,30.0,2025-07
VELVETUSDT,2025-07-16 09:00:00+00:00,VAL,30,0.5,-0.6154324187104042,True,21.666666666666668,2025-07
VELVETUSDT,2025-07-16 09:00:00+00:00,VAL,30,1.0,0.14529282903775154,False,30.0,2025-07
VELVETUSDT,2025-07-16 09:00:00+00:00,VAL,60,None,-1.352689570535051,False,60.0,2025-07
VELVETUSDT,2025-07-16 09:00:00+00:00,VAL,60,0.5,-0.6154324187104042,True,21.666666666666668,2025-07
VELVETUSDT,2025-07-16 09:00:00+00:00,VAL,60,1.0,-1.1045047024372456,True,58.291666666666664,2025-07
VFYUSDT,2025-10-01 12:00:00+00:00,VAL,30,None,0.38986528577500146,False,30.0,2025-09
VFYUSDT,2025-10-01 12:00:00+00:00,VAL,30,0.5,0.38986528577500146,False,30.0,2025-09
VFYUSDT,2025-10-01 12:00:00+00:00,VAL,30,1.0,0.38986528577500146,False,30.0,2025-09
VFYUSDT,2025-10-01 12:00:00+00:00,VAL,60,None,0.5155205461746274,False,60.0,2025-09
VFYUSDT,2025-10-01 12:00:00+00:00,VAL,60,0.5,0.5155205461746274,False,60.0,2025-09
VFYUSDT,2025-10-01 12:00:00+00:00,VAL,60,1.0,0.5155205461746274,False,60.0,2025-09
VICUSDT,2025-03-13 17:00:00+00:00,DISC,30,None,0.3661568294228603,False,30.0,2025-03
VICUSDT,2025-03-13 17:00:00+00:00,DISC,30,0.5,0.3661568294228603,False,30.0,2025-03
VICUSDT,2025-03-13 17:00:00+00:00,DISC,30,1.0,0.3661568294228603,False,30.0,2025-03
VICUSDT,2025-03-13 17:00:00+00:00,DISC,60,None,0.3382453295928679,False,60.0,2025-03
VICUSDT,2025-03-13 17:00:00+00:00,DISC,60,0.5,0.3382453295928679,False,60.0,2025-03
VICUSDT,2025-03-13 17:00:00+00:00,DISC,60,1.0,0.3382453295928679,False,60.0,2025-03
VIDTUSDT,2024-08-24 09:00:00+00:00,DISC,30,None,-0.21139020279570286,False,30.0,2024-08
VIDTUSDT,2024-08-24 09:00:00+00:00,DISC,30,0.5,-0.5995760810482287,True,5.166666666666667,2024-08
VIDTUSDT,2024-08-24 09:00:00+00:00,DISC,30,1.0,-0.21139020279570286,False,30.0,2024-08
VIDTUSDT,2024-08-24 09:00:00+00:00,DISC,60,None,0.17714440574383983,False,60.0,2024-08
VIDTUSDT,2024-08-24 09:00:00+00:00,DISC,60,0.5,-0.5995760810482287,True,5.166666666666667,2024-08
VIDTUSDT,2024-08-24 09:00:00+00:00,DISC,60,1.0,0.17714440574383983,False,60.0,2024-08
VINEUSDT,2025-01-25 10:00:00+00:00,DISC,30,None,0.7718528151308722,False,30.0,2025-01
VINEUSDT,2025-01-25 10:00:00+00:00,DISC,30,0.5,-0.5701693439173962,True,0.5,2025-01
VINEUSDT,2025-01-25 10:00:00+00:00,DISC,30,1.0,0.7718528151308722,False,30.0,2025-01
VINEUSDT,2025-01-25 10:00:00+00:00,DISC,60,None,0.7224415742723043,False,60.0,2025-01
VINEUSDT,2025-01-25 10:00:00+00:00,DISC,60,0.5,-0.5701693439173962,True,0.5,2025-01
VINEUSDT,2025-01-25 10:00:00+00:00,DISC,60,1.0,0.7224415742723043,False,60.0,2025-01
VIRTUALUSDT,2024-12-11 12:00:00+00:00,DISC,30,None,-0.9472512005403521,False,30.0,2024-12
VIRTUALUSDT,2024-12-11 12:00:00+00:00,DISC,30,0.5,-0.5311732763436506,True,2.9166666666666665,2024-12
VIRTUALUSDT,2024-12-11 12:00:00+00:00,DISC,30,1.0,-1.087418941885435,True,16.0,2024-12
VIRTUALUSDT,2024-12-11 12:00:00+00:00,DISC,60,None,0.2894325965226323,False,60.0,2024-12
VIRTUALUSDT,2024-12-11 12:00:00+00:00,DISC,60,0.5,-0.5311732763436506,True,2.9166666666666665,2024-12
VIRTUALUSDT,2024-12-11 12:00:00+00:00,DISC,60,1.0,-1.087418941885435,True,16.0,2024-12
VOXELUSDT,2024-08-21 10:00:00+00:00,DISC,30,None,0.2663003555049752,False,30.0,2024-08
VOXELUSDT,2024-08-21 10:00:00+00:00,DISC,30,0.5,0.2663003555049752,False,30.0,2024-08
VOXELUSDT,2024-08-21 10:00:00+00:00,DISC,30,1.0,0.2663003555049752,False,30.0,2024-08
VOXELUSDT,2024-08-21 10:00:00+00:00,DISC,60,None,0.4071795142819473,False,60.0,2024-08
VOXELUSDT,2024-08-21 10:00:00+00:00,DISC,60,0.5,0.4071795142819473,False,60.0,2024-08
VOXELUSDT,2024-08-21 10:00:00+00:00,DISC,60,1.0,0.4071795142819473,False,60.0,2024-08
VTHOUSDT,2025-01-23 09:00:00+00:00,DISC,30,None,0.4365143382764103,False,30.0,2025-01
VTHOUSDT,2025-01-23 09:00:00+00:00,DISC,30,0.5,0.4365143382764103,False,30.0,2025-01
VTHOUSDT,2025-01-23 09:00:00+00:00,DISC,30,1.0,0.4365143382764103,False,30.0,2025-01
VTHOUSDT,2025-01-23 09:00:00+00:00,DISC,60,None,0.4835197515942379,False,60.0,2025-01
VTHOUSDT,2025-01-23 09:00:00+00:00,DISC,60,0.5,0.4835197515942379,False,60.0,2025-01
VTHOUSDT,2025-01-23 09:00:00+00:00,DISC,60,1.0,0.4835197515942379,False,60.0,2025-01
VUSDT,2026-05-19 13:00:00+00:00,HOLD,30,None,-0.15689723365784913,False,30.0,2026-05
VUSDT,2026-05-19 13:00:00+00:00,HOLD,30,0.5,-0.15689723365784913,False,30.0,2026-05
VUSDT,2026-05-19 13:00:00+00:00,HOLD,30,1.0,-0.15689723365784913,False,30.0,2026-05
VUSDT,2026-05-19 13:00:00+00:00,HOLD,60,None,-0.239681585243105,False,60.0,2026-05
VUSDT,2026-05-19 13:00:00+00:00,HOLD,60,0.5,-0.239681585243105,False,60.0,2026-05
VUSDT,2026-05-19 13:00:00+00:00,HOLD,60,1.0,-0.239681585243105,False,60.0,2026-05
VVVUSDT,2025-01-30 08:00:00+00:00,DISC,30,None,0.27296642609329336,False,30.0,2025-01
VVVUSDT,2025-01-30 08:00:00+00:00,DISC,30,0.5,0.27296642609329336,False,30.0,2025-01
VVVUSDT,2025-01-30 08:00:00+00:00,DISC,30,1.0,0.27296642609329336,False,30.0,2025-01
VVVUSDT,2025-01-30 08:00:00+00:00,DISC,60,None,0.4267641513269079,False,60.0,2025-01
VVVUSDT,2025-01-30 08:00:00+00:00,DISC,60,0.5,0.4267641513269079,False,60.0,2025-01
VVVUSDT,2025-01-30 08:00:00+00:00,DISC,60,1.0,0.4267641513269079,False,60.0,2025-01
WALUSDT,2025-03-28 15:00:00+00:00,DISC,30,None,-0.21366745475684035,False,30.0,2025-03
WALUSDT,2025-03-28 15:00:00+00:00,DISC,30,0.5,-0.21366745475684035,False,30.0,2025-03
WALUSDT,2025-03-28 15:00:00+00:00,DISC,30,1.0,-0.21366745475684035,False,30.0,2025-03
WALUSDT,2025-03-28 15:00:00+00:00,DISC,60,None,0.12936196569163483,False,60.0,2025-03
WALUSDT,2025-03-28 15:00:00+00:00,DISC,60,0.5,-0.35196269256629964,True,46.541666666666664,2025-03
WALUSDT,2025-03-28 15:00:00+00:00,DISC,60,1.0,0.12936196569163483,False,60.0,2025-03
WCTUSDT,2025-04-16 11:00:00+00:00,VAL,30,None,0.07109762501199579,False,30.0,2025-04
WCTUSDT,2025-04-16 11:00:00+00:00,VAL,30,0.5,0.07109762501199579,False,30.0,2025-04
WCTUSDT,2025-04-16 11:00:00+00:00,VAL,30,1.0,0.07109762501199579,False,30.0,2025-04
WCTUSDT,2025-04-16 11:00:00+00:00,VAL,60,None,0.3749118875004219,False,60.0,2025-04
WCTUSDT,2025-04-16 11:00:00+00:00,VAL,60,0.5,-0.2611380847128958,True,34.375,2025-04
WCTUSDT,2025-04-16 11:00:00+00:00,VAL,60,1.0,-0.8152495547601061,True,41.208333333333336,2025-04
WETUSDT,2025-12-11 07:00:00+00:00,VAL,30,None,0.3062240628740348,False,30.0,2025-12
WETUSDT,2025-12-11 07:00:00+00:00,VAL,30,0.5,0.3062240628740348,False,30.0,2025-12
WETUSDT,2025-12-11 07:00:00+00:00,VAL,30,1.0,0.3062240628740348,False,30.0,2025-12
WETUSDT,2025-12-11 07:00:00+00:00,VAL,60,None,0.4438383458272891,False,60.0,2025-12
WETUSDT,2025-12-11 07:00:00+00:00,VAL,60,0.5,0.4438383458272891,False,60.0,2025-12
WETUSDT,2025-12-11 07:00:00+00:00,VAL,60,1.0,0.4438383458272891,False,60.0,2025-12
WIFUSDT,2024-01-19 14:00:00+00:00,DISC,30,None,0.12591479701395614,False,30.0,2024-01
WIFUSDT,2024-01-19 14:00:00+00:00,DISC,30,0.5,0.12591479701395614,False,30.0,2024-01
WIFUSDT,2024-01-19 14:00:00+00:00,DISC,30,1.0,0.12591479701395614,False,30.0,2024-01
WIFUSDT,2024-01-19 14:00:00+00:00,DISC,60,None,-5.156627633019859,False,60.0,2024-01
WIFUSDT,2024-01-19 14:00:00+00:00,DISC,60,0.5,-0.16701578919548987,True,38.791666666666664,2024-01
WIFUSDT,2024-01-19 14:00:00+00:00,DISC,60,1.0,-0.6656048343397564,True,39.75,2024-01
WLFIUSDT,2025-08-24 08:00:00+00:00,VAL,30,None,0.15261028162245638,False,30.0,2025-08
WLFIUSDT,2025-08-24 08:00:00+00:00,VAL,30,0.5,-0.5909825846508059,True,7.083333333333333,2025-08
WLFIUSDT,2025-08-24 08:00:00+00:00,VAL,30,1.0,0.15261028162245638,False,30.0,2025-08
WLFIUSDT,2025-08-24 08:00:00+00:00,VAL,60,None,0.4377471431835115,False,60.0,2025-08
WLFIUSDT,2025-08-24 08:00:00+00:00,VAL,60,0.5,-0.5909825846508059,True,7.083333333333333,2025-08
WLFIUSDT,2025-08-24 08:00:00+00:00,VAL,60,1.0,0.4377471431835115,False,60.0,2025-08
WUSDT,2024-04-04 15:00:00+00:00,DISC,30,None,0.3046183137361592,False,30.0,2024-04
WUSDT,2024-04-04 15:00:00+00:00,DISC,30,0.5,0.3046183137361592,False,30.0,2024-04
WUSDT,2024-04-04 15:00:00+00:00,DISC,30,1.0,0.3046183137361592,False,30.0,2024-04
WUSDT,2024-04-04 15:00:00+00:00,DISC,60,None,0.4721025755407898,False,60.0,2024-04
WUSDT,2024-04-04 15:00:00+00:00,DISC,60,0.5,0.4721025755407898,False,60.0,2024-04
WUSDT,2024-04-04 15:00:00+00:00,DISC,60,1.0,0.4721025755407898,False,60.0,2024-04
XANUSDT,2025-09-30 10:00:00+00:00,VAL,30,None,0.7406784608323715,False,30.0,2025-09
XANUSDT,2025-09-30 10:00:00+00:00,VAL,30,0.5,0.7406784608323715,False,30.0,2025-09
XANUSDT,2025-09-30 10:00:00+00:00,VAL,30,1.0,0.7406784608323715,False,30.0,2025-09
XANUSDT,2025-09-30 10:00:00+00:00,VAL,60,None,0.6219098699679046,False,60.0,2025-09
XANUSDT,2025-09-30 10:00:00+00:00,VAL,60,0.5,0.6219098699679046,False,60.0,2025-09
XANUSDT,2025-09-30 10:00:00+00:00,VAL,60,1.0,0.6219098699679046,False,60.0,2025-09
XCNUSDT,2025-04-12 15:00:00+00:00,VAL,30,None,0.3584034736577898,False,30.0,2025-04
XCNUSDT,2025-04-12 15:00:00+00:00,VAL,30,0.5,0.3584034736577898,False,30.0,2025-04
XCNUSDT,2025-04-12 15:00:00+00:00,VAL,30,1.0,0.3584034736577898,False,30.0,2025-04
XCNUSDT,2025-04-12 15:00:00+00:00,VAL,60,None,0.5594345376579364,False,60.0,2025-04
XCNUSDT,2025-04-12 15:00:00+00:00,VAL,60,0.5,0.5594345376579364,False,60.0,2025-04
XCNUSDT,2025-04-12 15:00:00+00:00,VAL,60,1.0,0.5594345376579364,False,60.0,2025-04
XNYUSDT,2025-08-14 11:00:00+00:00,VAL,30,None,0.06519892774880087,False,30.0,2025-08
XNYUSDT,2025-08-14 11:00:00+00:00,VAL,30,0.5,-0.5504626890340547,True,1.0,2025-08
XNYUSDT,2025-08-14 11:00:00+00:00,VAL,30,1.0,-1.143599637427455,True,1.3333333333333333,2025-08
XNYUSDT,2025-08-14 11:00:00+00:00,VAL,60,None,0.5733809381506296,False,60.0,2025-08
XNYUSDT,2025-08-14 11:00:00+00:00,VAL,60,0.5,-0.5504626890340547,True,1.0,2025-08
XNYUSDT,2025-08-14 11:00:00+00:00,VAL,60,1.0,-1.143599637427455,True,1.3333333333333333,2025-08
XPINUSDT,2025-09-13 08:00:00+00:00,VAL,30,None,0.4042724106261987,False,30.0,2025-09
XPINUSDT,2025-09-13 08:00:00+00:00,VAL,30,0.5,0.4042724106261987,False,30.0,2025-09
XPINUSDT,2025-09-13 08:00:00+00:00,VAL,30,1.0,0.4042724106261987,False,30.0,2025-09
XPINUSDT,2025-09-13 08:00:00+00:00,VAL,60,None,-1.2994595400923963,False,60.0,2025-09
XPINUSDT,2025-09-13 08:00:00+00:00,VAL,60,0.5,-0.6266446818397816,True,33.291666666666664,2025-09
XPINUSDT,2025-09-13 08:00:00+00:00,VAL,60,1.0,-1.2352134874788738,True,34.25,2025-09
XPLUSDT,2025-08-23 09:00:00+00:00,VAL,30,None,-0.334281882598218,False,30.0,2025-08
XPLUSDT,2025-08-23 09:00:00+00:00,VAL,30,0.5,-0.6064913122561187,True,8.166666666666666,2025-08
XPLUSDT,2025-08-23 09:00:00+00:00,VAL,30,1.0,-0.334281882598218,False,30.0,2025-08
XPLUSDT,2025-08-23 09:00:00+00:00,VAL,60,None,0.24989893424741694,False,60.0,2025-08
XPLUSDT,2025-08-23 09:00:00+00:00,VAL,60,0.5,-0.6064913122561187,True,8.166666666666666,2025-08
XPLUSDT,2025-08-23 09:00:00+00:00,VAL,60,1.0,-1.3363457887451315,True,33.416666666666664,2025-08
YALAUSDT,2025-08-08 16:00:00+00:00,VAL,30,None,0.6312303843557783,False,30.0,2025-08
YALAUSDT,2025-08-08 16:00:00+00:00,VAL,30,0.5,0.6312303843557783,False,30.0,2025-08
YALAUSDT,2025-08-08 16:00:00+00:00,VAL,30,1.0,0.6312303843557783,False,30.0,2025-08
YALAUSDT,2025-08-08 16:00:00+00:00,VAL,60,None,0.7655641406219523,False,60.0,2025-08
YALAUSDT,2025-08-08 16:00:00+00:00,VAL,60,0.5,0.7655641406219523,False,60.0,2025-08
YALAUSDT,2025-08-08 16:00:00+00:00,VAL,60,1.0,0.7655641406219523,False,60.0,2025-08
YBUSDT,2025-10-11 14:00:00+00:00,VAL,30,None,0.6013378199254231,False,30.0,2025-10
YBUSDT,2025-10-11 14:00:00+00:00,VAL,30,0.5,0.6013378199254231,False,30.0,2025-10
YBUSDT,2025-10-11 14:00:00+00:00,VAL,30,1.0,0.6013378199254231,False,30.0,2025-10
YBUSDT,2025-10-11 14:00:00+00:00,VAL,60,None,0.5042259263361386,False,60.0,2025-10
YBUSDT,2025-10-11 14:00:00+00:00,VAL,60,0.5,0.5042259263361386,False,60.0,2025-10
YBUSDT,2025-10-11 14:00:00+00:00,VAL,60,1.0,0.5042259263361386,False,60.0,2025-10
ZAMAUSDT,2026-01-10 09:00:00+00:00,HOLD,30,None,0.538521591109633,False,30.0,2026-01
ZAMAUSDT,2026-01-10 09:00:00+00:00,HOLD,30,0.5,0.538521591109633,False,30.0,2026-01
ZAMAUSDT,2026-01-10 09:00:00+00:00,HOLD,30,1.0,0.538521591109633,False,30.0,2026-01
ZAMAUSDT,2026-01-10 09:00:00+00:00,HOLD,60,None,0.5980568875571526,False,60.0,2026-01
ZAMAUSDT,2026-01-10 09:00:00+00:00,HOLD,60,0.5,0.5980568875571526,False,60.0,2026-01
ZAMAUSDT,2026-01-10 09:00:00+00:00,HOLD,60,1.0,0.5980568875571526,False,60.0,2026-01
ZBTUSDT,2025-10-18 11:00:00+00:00,VAL,30,None,0.5596924286273308,False,30.0,2025-10
ZBTUSDT,2025-10-18 11:00:00+00:00,VAL,30,0.5,0.5596924286273308,False,30.0,2025-10
ZBTUSDT,2025-10-18 11:00:00+00:00,VAL,30,1.0,0.5596924286273308,False,30.0,2025-10
ZBTUSDT,2025-10-18 11:00:00+00:00,VAL,60,None,0.5962038035095543,False,60.0,2025-10
ZBTUSDT,2025-10-18 11:00:00+00:00,VAL,60,0.5,0.5962038035095543,False,60.0,2025-10
ZBTUSDT,2025-10-18 11:00:00+00:00,VAL,60,1.0,0.5962038035095543,False,60.0,2025-10
ZEREBROUSDT,2025-01-03 14:00:00+00:00,DISC,30,None,0.9116952595963336,False,30.0,2025-01
ZEREBROUSDT,2025-01-03 14:00:00+00:00,DISC,30,0.5,0.9116952595963336,False,30.0,2025-01
ZEREBROUSDT,2025-01-03 14:00:00+00:00,DISC,30,1.0,0.9116952595963336,False,30.0,2025-01
ZEREBROUSDT,2025-01-03 14:00:00+00:00,DISC,60,None,0.7848018052350711,False,60.0,2025-01
ZEREBROUSDT,2025-01-03 14:00:00+00:00,DISC,60,0.5,0.7848018052350711,False,60.0,2025-01
ZEREBROUSDT,2025-01-03 14:00:00+00:00,DISC,60,1.0,0.7848018052350711,False,60.0,2025-01
ZESTUSDT,2026-06-05 14:00:00+00:00,HOLD,30,None,0.018483658623382197,False,30.0,2026-06
ZESTUSDT,2026-06-05 14:00:00+00:00,HOLD,30,0.5,0.018483658623382197,False,30.0,2026-06
ZESTUSDT,2026-06-05 14:00:00+00:00,HOLD,30,1.0,0.018483658623382197,False,30.0,2026-06
ZESTUSDT,2026-06-05 14:00:00+00:00,HOLD,60,None,0.03398767742786546,False,60.0,2026-06
ZESTUSDT,2026-06-05 14:00:00+00:00,HOLD,60,0.5,0.03398767742786546,False,60.0,2026-06
ZESTUSDT,2026-06-05 14:00:00+00:00,HOLD,60,1.0,0.03398767742786546,False,60.0,2026-06
ZETAUSDT,2024-02-03 08:00:00+00:00,DISC,30,None,-0.005095639200575761,False,30.0,2024-02
ZETAUSDT,2024-02-03 08:00:00+00:00,DISC,30,0.5,-0.4200330796649302,True,9.791666666666666,2024-02
ZETAUSDT,2024-02-03 08:00:00+00:00,DISC,30,1.0,-0.005095639200575761,False,30.0,2024-02
ZETAUSDT,2024-02-03 08:00:00+00:00,DISC,60,None,0.25066111551070025,False,60.0,2024-02
ZETAUSDT,2024-02-03 08:00:00+00:00,DISC,60,0.5,-0.4200330796649302,True,9.791666666666666,2024-02
ZETAUSDT,2024-02-03 08:00:00+00:00,DISC,60,1.0,0.25066111551070025,False,60.0,2024-02
ZKCUSDT,2025-09-16 14:00:00+00:00,VAL,30,None,0.6583374469271007,False,30.0,2025-09
ZKCUSDT,2025-09-16 14:00:00+00:00,VAL,30,0.5,0.6583374469271007,False,30.0,2025-09
ZKCUSDT,2025-09-16 14:00:00+00:00,VAL,30,1.0,0.6583374469271007,False,30.0,2025-09
ZKCUSDT,2025-09-16 14:00:00+00:00,VAL,60,None,0.6296616718570358,False,60.0,2025-09
ZKCUSDT,2025-09-16 14:00:00+00:00,VAL,60,0.5,0.6296616718570358,False,60.0,2025-09
ZKCUSDT,2025-09-16 14:00:00+00:00,VAL,60,1.0,0.6296616718570358,False,60.0,2025-09
ZKJUSDT,2025-05-14 09:00:00+00:00,VAL,30,None,0.054568235128694687,False,30.0,2025-05
ZKJUSDT,2025-05-14 09:00:00+00:00,VAL,30,0.5,0.054568235128694687,False,30.0,2025-05
ZKJUSDT,2025-05-14 09:00:00+00:00,VAL,30,1.0,0.054568235128694687,False,30.0,2025-05
ZKJUSDT,2025-05-14 09:00:00+00:00,VAL,60,None,1.0483059442400282,False,60.0,2025-05
ZKJUSDT,2025-05-14 09:00:00+00:00,VAL,60,0.5,1.0483059442400282,False,60.0,2025-05
ZKJUSDT,2025-05-14 09:00:00+00:00,VAL,60,1.0,1.0483059442400282,False,60.0,2025-05
ZKPUSDT,2025-12-22 10:00:00+00:00,VAL,30,None,0.4137228816473858,False,30.0,2025-12
ZKPUSDT,2025-12-22 10:00:00+00:00,VAL,30,0.5,0.4137228816473858,False,30.0,2025-12
ZKPUSDT,2025-12-22 10:00:00+00:00,VAL,30,1.0,0.4137228816473858,False,30.0,2025-12
ZKPUSDT,2025-12-22 10:00:00+00:00,VAL,60,None,0.2929348819130718,False,60.0,2025-12
ZKPUSDT,2025-12-22 10:00:00+00:00,VAL,60,0.5,0.2929348819130718,False,60.0,2025-12
ZKPUSDT,2025-12-22 10:00:00+00:00,VAL,60,1.0,0.2929348819130718,False,60.0,2025-12
ZKUSDT,2024-06-18 11:00:00+00:00,DISC,30,None,0.15113097828271949,False,30.0,2024-06
ZKUSDT,2024-06-18 11:00:00+00:00,DISC,30,0.5,0.15113097828271949,False,30.0,2024-06
ZKUSDT,2024-06-18 11:00:00+00:00,DISC,30,1.0,0.15113097828271949,False,30.0,2024-06
ZKUSDT,2024-06-18 11:00:00+00:00,DISC,60,None,0.3977011109987959,False,60.0,2024-06
ZKUSDT,2024-06-18 11:00:00+00:00,DISC,60,0.5,0.3977011109987959,False,60.0,2024-06
ZKUSDT,2024-06-18 11:00:00+00:00,DISC,60,1.0,0.3977011109987959,False,60.0,2024-06
ZORAUSDT,2025-07-26 11:00:00+00:00,VAL,30,None,-0.9894294578694453,False,30.0,2025-07
ZORAUSDT,2025-07-26 11:00:00+00:00,VAL,30,0.5,-0.536688368730068,True,1.0833333333333333,2025-07
ZORAUSDT,2025-07-26 11:00:00+00:00,VAL,30,1.0,-1.1846549419794041,True,15.541666666666666,2025-07
ZORAUSDT,2025-07-26 11:00:00+00:00,VAL,60,None,-0.14219951348266002,False,60.0,2025-07
ZORAUSDT,2025-07-26 11:00:00+00:00,VAL,60,0.5,-0.536688368730068,True,1.0833333333333333,2025-07
ZORAUSDT,2025-07-26 11:00:00+00:00,VAL,60,1.0,-1.1846549419794041,True,15.541666666666666,2025-07
ZRCUSDT,2025-07-30 09:00:00+00:00,VAL,30,None,0.15636082126264172,False,30.0,2025-07
ZRCUSDT,2025-07-30 09:00:00+00:00,VAL,30,0.5,0.15636082126264172,False,30.0,2025-07
ZRCUSDT,2025-07-30 09:00:00+00:00,VAL,30,1.0,0.15636082126264172,False,30.0,2025-07
ZRCUSDT,2025-07-30 09:00:00+00:00,VAL,60,None,0.34532314034889977,False,60.0,2025-07
ZRCUSDT,2025-07-30 09:00:00+00:00,VAL,60,0.5,0.34532314034889977,False,60.0,2025-07
ZRCUSDT,2025-07-30 09:00:00+00:00,VAL,60,1.0,0.34532314034889977,False,60.0,2025-07
ZROUSDT,2024-06-21 14:00:00+00:00,DISC,30,None,-0.6164864907084621,False,30.0,2024-06
ZROUSDT,2024-06-21 14:00:00+00:00,DISC,30,0.5,-0.5165635994847236,True,29.041666666666668,2024-06
ZROUSDT,2024-06-21 14:00:00+00:00,DISC,30,1.0,-0.6164864907084621,False,30.0,2024-06
ZROUSDT,2024-06-21 14:00:00+00:00,DISC,60,None,-0.14518769908866802,False,60.0,2024-06
ZROUSDT,2024-06-21 14:00:00+00:00,DISC,60,0.5,-0.5165635994847236,True,29.041666666666668,2024-06
ZROUSDT,2024-06-21 14:00:00+00:00,DISC,60,1.0,-0.14518769908866802,False,60.0,2024-06
